soc_code,occupation_title,year,exposure_raw,zscore_within_year,zscore_latest_year_anchored,zscore_within_group,soc_major_group,abilities_used,abilities_null,unmeasured_weight_share,kept_weight_share
11-1011.00,Chief Executives,2020,25.65,0.9703,-2.3537,0.6176,Management,17,16,0.2145,0.717
11-1011.00,Chief Executives,2021,27.11,0.9465,-2.0144,0.5859,Management,15,18,0.2278,0.7092
11-1011.00,Chief Executives,2022,25.31,1.2303,-2.4327,0.9132,Management,16,18,0.2306,0.7006
11-1011.00,Chief Executives,2023,30.7,1.1197,-1.1801,0.593,Management,16,15,0.2075,0.7173
11-1011.00,Chief Executives,2024,35.13,1.0142,-0.1507,0.2984,Management,18,12,0.1141,0.7987
11-1011.00,Chief Executives,2025,38.46,0.9287,0.6231,0.31,Management,21,6,0.0322,0.8906
11-1011.00,Chief Executives,2026,39.59,0.8857,0.8857,0.2722,Management,21,3,0.032,0.8906
11-1011.03,Chief Sustainability Officers,2020,25.73,1.005,-2.3351,0.7104,Management,17,16,0.2252,0.7145
11-1011.03,Chief Sustainability Officers,2021,27.09,0.9398,-2.019,0.5591,Management,14,18,0.238,0.6867
11-1011.03,Chief Sustainability Officers,2022,25.18,1.1727,-2.4629,0.7529,Management,16,18,0.2472,0.6939
11-1011.03,Chief Sustainability Officers,2023,30.23,0.9941,-1.2894,0.2183,Management,16,15,0.2046,0.7253
11-1011.03,Chief Sustainability Officers,2024,35.44,1.084,-0.0787,0.5079,Management,18,12,0.1203,0.8147
11-1011.03,Chief Sustainability Officers,2025,38.78,1.0012,0.6975,0.5116,Management,20,6,0.0305,0.8864
11-1011.03,Chief Sustainability Officers,2026,39.62,0.8927,0.8927,0.2914,Management,20,3,0.0305,0.8864
11-1021.00,General and Operations Managers,2020,25.56,0.9312,-2.3746,0.5132,Management,17,16,0.2088,0.7131
11-1021.00,General and Operations Managers,2021,27.11,0.9465,-2.0144,0.5859,Management,15,18,0.2239,0.7082
11-1021.00,General and Operations Managers,2022,25.06,1.1194,-2.4908,0.605,Management,16,18,0.2257,0.6986
11-1021.00,General and Operations Managers,2023,30.59,1.0903,-1.2057,0.5053,Management,17,15,0.2036,0.736
11-1021.00,General and Operations Managers,2024,35.46,1.0885,-0.074,0.5215,Management,19,12,0.1142,0.8129
11-1021.00,General and Operations Managers,2025,38.87,1.0216,0.7184,0.5683,Management,21,6,0.0289,0.8847
11-1021.00,General and Operations Managers,2026,39.93,0.9647,0.9647,0.49,Management,21,3,0.025,0.8847
11-2011.00,Advertising and Promotions Managers,2020,25.52,0.9138,-2.3839,0.4668,Management,17,16,0.2176,0.7086
11-2011.00,Advertising and Promotions Managers,2021,27.13,0.9532,-2.0097,0.6127,Management,14,18,0.2531,0.6737
11-2011.00,Advertising and Promotions Managers,2022,25.16,1.1638,-2.4675,0.7282,Management,16,18,0.2534,0.6886
11-2011.00,Advertising and Promotions Managers,2023,30.46,1.0556,-1.2359,0.4017,Management,16,15,0.2144,0.7204
11-2011.00,Advertising and Promotions Managers,2024,34.28,0.8229,-0.3482,-0.2763,Management,18,12,0.1242,0.8025
11-2011.00,Advertising and Promotions Managers,2025,38.64,0.9695,0.6649,0.4234,Management,20,6,0.0353,0.8731
11-2011.00,Advertising and Promotions Managers,2026,39.46,0.8555,0.8555,0.1889,Management,20,3,0.0353,0.8731
11-2021.00,Marketing Managers,2020,24.89,0.6401,-2.5303,-0.264,Management,18,16,0.2188,0.7197
11-2021.00,Marketing Managers,2021,27.02,0.9163,-2.0353,0.4652,Management,15,18,0.2662,0.6757
11-2021.00,Marketing Managers,2022,25.38,1.2614,-2.4164,0.9994,Management,16,18,0.2521,0.6805
11-2021.00,Marketing Managers,2023,30.97,1.1919,-1.1174,0.8082,Management,16,15,0.2292,0.6973
11-2021.00,Marketing Managers,2024,35.62,1.1245,-0.0369,0.6296,Management,18,12,0.1421,0.7749
11-2021.00,Marketing Managers,2025,38.36,0.906,0.5999,0.2471,Management,21,6,0.0335,0.8825
11-2021.00,Marketing Managers,2026,39.45,0.8531,0.8531,0.1825,Management,21,3,0.0335,0.8825
11-2022.00,Sales Managers,2020,25.89,1.0745,-2.2979,0.8959,Management,17,16,0.2181,0.7241
11-2022.00,Sales Managers,2021,27.26,0.9969,-1.9795,0.7871,Management,15,18,0.2251,0.7093
11-2022.00,Sales Managers,2022,25.2,1.1815,-2.4582,0.7775,Management,16,18,0.2407,0.7063
11-2022.00,Sales Managers,2023,30.76,1.1358,-1.1662,0.6408,Management,16,15,0.2113,0.7293
11-2022.00,Sales Managers,2024,36.42,1.3045,0.149,1.1705,Management,18,12,0.1139,0.811
11-2022.00,Sales Managers,2025,39.63,1.1939,0.895,1.047,Management,20,6,0.0294,0.8932
11-2022.00,Sales Managers,2026,40.45,1.0855,1.0855,0.8232,Management,20,3,0.0294,0.8932
11-2033.00,Fundraising Managers,2020,26.12,1.1744,-2.2444,1.1627,Management,17,16,0.2376,0.6997
11-2033.00,Fundraising Managers,2021,27.35,1.0272,-1.9586,0.9078,Management,15,18,0.2293,0.7086
11-2033.00,Fundraising Managers,2022,25.13,1.1505,-2.4745,0.6913,Management,15,18,0.2529,0.6729
11-2033.00,Fundraising Managers,2023,30.83,1.1545,-1.1499,0.6966,Management,16,15,0.2175,0.7198
11-2033.00,Fundraising Managers,2024,35.08,1.0029,-0.1623,0.2646,Management,18,12,0.1253,0.7992
11-2033.00,Fundraising Managers,2025,38.93,1.0352,0.7323,0.6061,Management,20,6,0.0243,0.8897
11-2033.00,Fundraising Managers,2026,39.4,0.8415,0.8415,0.1504,Management,20,3,0.0243,0.8897
11-3012.00,Administrative Services Managers,2020,25.56,0.9312,-2.3746,0.5132,Management,20,16,0.2132,0.7159
11-3012.00,Administrative Services Managers,2021,27.23,0.9868,-1.9865,0.7469,Management,17,18,0.2523,0.6818
11-3012.00,Administrative Services Managers,2022,24.18,0.729,-2.6952,-0.4799,Management,19,18,0.2354,0.6937
11-3012.00,Administrative Services Managers,2023,30.22,0.9914,-1.2917,0.2104,Management,20,15,0.2184,0.7114
11-3012.00,Administrative Services Managers,2024,33.86,0.7284,-0.4458,-0.5603,Management,21,12,0.1334,0.7906
11-3012.00,Administrative Services Managers,2025,37.78,0.7745,0.4651,-0.1183,Management,24,6,0.0446,0.8694
11-3012.00,Administrative Services Managers,2026,39.01,0.7509,0.7509,-0.0994,Management,24,3,0.0385,0.8694
11-3013.00,Facilities Managers,2020,24.12,0.3056,-2.7092,-1.1571,Management,26,16,0.2078,0.7218
11-3013.00,Facilities Managers,2021,25.95,0.5567,-2.2839,-0.9699,Management,23,18,0.2424,0.69
11-3013.00,Facilities Managers,2022,23.73,0.5294,-2.7998,-1.0346,Management,24,18,0.2355,0.6882
11-3013.00,Facilities Managers,2023,27.84,0.3551,-1.8447,-1.6868,Management,26,15,0.2131,0.7154
11-3013.00,Facilities Managers,2024,32.46,0.4134,-0.7712,-1.5068,Management,28,12,0.1292,0.7881
11-3013.00,Facilities Managers,2025,35.55,0.2689,-0.0531,-1.5229,Management,32,6,0.0666,0.8495
11-3013.00,Facilities Managers,2026,36.65,0.2025,0.2025,-1.6115,Management,33,3,0.0497,0.859
11-3013.01,Security Managers,2020,24.21,0.3447,-2.6883,-1.0527,Management,24,16,0.2222,0.7015
11-3013.01,Security Managers,2021,25.88,0.5332,-2.3002,-1.0638,Management,22,18,0.2661,0.6656
11-3013.01,Security Managers,2022,23.78,0.5515,-2.7882,-0.973,Management,23,18,0.2743,0.6573
11-3013.01,Security Managers,2023,28.1,0.4246,-1.7843,-1.4796,Management,24,15,0.2365,0.6884
11-3013.01,Security Managers,2024,33.34,0.6114,-0.5667,-0.9118,Management,26,12,0.1486,0.7702
11-3013.01,Security Managers,2025,35.1,0.1668,-0.1577,-1.8064,Management,30,6,0.0651,0.8467
11-3013.01,Security Managers,2026,36.18,0.0933,0.0933,-1.9126,Management,32,3,0.0431,0.8632
11-3021.00,Computer and Information Systems Managers,2020,24.88,0.6357,-2.5326,-0.2756,Management,19,16,0.2031,0.733
11-3021.00,Computer and Information Systems Managers,2021,26.53,0.7516,-2.1492,-0.192,Management,16,18,0.2428,0.6997
11-3021.00,Computer and Information Systems Managers,2022,24.36,0.8089,-2.6534,-0.258,Management,17,18,0.2293,0.6973
11-3021.00,Computer and Information Systems Managers,2023,29.82,0.8845,-1.3846,-0.1085,Management,18,15,0.2049,0.7315
11-3021.00,Computer and Information Systems Managers,2024,34.73,0.9242,-0.2437,0.0279,Management,20,12,0.1165,0.8091
11-3021.00,Computer and Information Systems Managers,2025,38.55,0.9491,0.644,0.3667,Management,22,6,0.0437,0.8717
11-3021.00,Computer and Information Systems Managers,2026,39.85,0.9461,0.9461,0.4388,Management,22,3,0.0437,0.8717
11-3031.00,Financial Managers,2020,25.84,1.0528,-2.3095,0.8379,Management,16,16,0.2002,0.7334
11-3031.00,Financial Managers,2021,27.24,0.9902,-1.9842,0.7603,Management,14,18,0.1962,0.7285
11-3031.00,Financial Managers,2022,25.79,1.4433,-2.3211,1.5049,Management,15,18,0.199,0.7336
11-3031.00,Financial Managers,2023,32.45,1.5876,-0.7735,1.9879,Management,15,15,0.183,0.7402
11-3031.00,Financial Managers,2024,36.16,1.246,0.0886,0.9947,Management,18,12,0.105,0.8258
11-3031.00,Financial Managers,2025,39.6,1.1871,0.888,1.0281,Management,19,6,0.0459,0.8774
11-3031.00,Financial Managers,2026,41.15,1.2482,1.2482,1.2717,Management,19,3,0.0458,0.8774
11-3031.01,Treasurers and Controllers,2020,25.04,0.7053,-2.4954,-0.09,Management,16,16,0.2007,0.7276
11-3031.01,Treasurers and Controllers,2021,26.73,0.8188,-2.1027,0.0762,Management,14,18,0.2145,0.7162
11-3031.01,Treasurers and Controllers,2022,25.51,1.3191,-2.3862,1.1597,Management,15,18,0.1935,0.7335
11-3031.01,Treasurers and Controllers,2023,32.12,1.4993,-0.8502,1.7249,Management,15,15,0.1736,0.7489
11-3031.01,Treasurers and Controllers,2024,37.43,1.5317,0.3837,1.8534,Management,17,12,0.1174,0.8042
11-3031.01,Treasurers and Controllers,2025,40.44,1.3776,1.0832,1.5572,Management,19,6,0.0361,0.8864
11-3031.01,Treasurers and Controllers,2026,42.03,1.4527,1.4527,1.8355,Management,19,3,0.0361,0.8864
11-3031.03,Investment Fund Managers,2020,24.87,0.6314,-2.5349,-0.2872,Management,17,16,0.2023,0.7263
11-3031.03,Investment Fund Managers,2021,26.31,0.6777,-2.2003,-0.4871,Management,15,18,0.2418,0.7016
11-3031.03,Investment Fund Managers,2022,25.42,1.2791,-2.4071,1.0488,Management,16,18,0.2107,0.7193
11-3031.03,Investment Fund Managers,2023,31.79,1.4111,-0.9269,1.4618,Management,16,15,0.2015,0.7286
11-3031.03,Investment Fund Managers,2024,37.03,1.4417,0.2908,1.5829,Management,18,12,0.1309,0.792
11-3031.03,Investment Fund Managers,2025,39.94,1.2642,0.967,1.2423,Management,20,6,0.0455,0.8647
11-3031.03,Investment Fund Managers,2026,41.28,1.2784,1.2784,1.3549,Management,20,3,0.0455,0.8647
11-3051.00,Industrial Production Managers,2020,24.77,0.588,-2.5581,-0.4032,Management,22,16,0.2213,0.7046
11-3051.00,Industrial Production Managers,2021,26.04,0.5869,-2.263,-0.8492,Management,20,18,0.2704,0.6681
11-3051.00,Industrial Production Managers,2022,24.74,0.9775,-2.5651,0.2105,Management,21,18,0.2533,0.6796
11-3051.00,Industrial Production Managers,2023,29.33,0.7535,-1.4985,-0.4991,Management,22,15,0.232,0.6972
11-3051.00,Industrial Production Managers,2024,34.1,0.7824,-0.3901,-0.398,Management,24,12,0.1473,0.7743
11-3051.00,Industrial Production Managers,2025,36.47,0.4775,0.1607,-0.9434,Management,27,6,0.0583,0.8542
11-3051.00,Industrial Production Managers,2026,38.0,0.5162,0.5162,-0.7465,Management,28,3,0.0465,0.865
11-3051.01,Quality Control Systems Managers,2020,24.11,0.3012,-2.7115,-1.1687,Management,20,16,0.1912,0.7411
11-3051.01,Quality Control Systems Managers,2021,26.41,0.7113,-2.177,-0.3529,Management,17,18,0.2515,0.6898
11-3051.01,Quality Control Systems Managers,2022,23.32,0.3475,-2.8951,-1.54,Management,19,18,0.2282,0.7048
11-3051.01,Quality Control Systems Managers,2023,29.44,0.7829,-1.4729,-0.4114,Management,20,15,0.2182,0.7141
11-3051.01,Quality Control Systems Managers,2024,34.72,0.9219,-0.246,0.0212,Management,21,12,0.1295,0.7913
11-3051.01,Quality Control Systems Managers,2025,37.18,0.6384,0.3257,-0.4962,Management,24,6,0.0564,0.8554
11-3051.01,Quality Control Systems Managers,2026,39.16,0.7858,0.7858,-0.0033,Management,24,3,0.0554,0.8554
11-3051.02,Geothermal Production Managers,2020,24.58,0.5054,-2.6023,-0.6236,Management,22,16,0.2168,0.7058
11-3051.02,Geothermal Production Managers,2021,25.77,0.4962,-2.3258,-1.2113,Management,20,18,0.269,0.6686
11-3051.02,Geothermal Production Managers,2022,25.38,1.2614,-2.4164,0.9994,Management,21,18,0.2411,0.6843
11-3051.02,Geothermal Production Managers,2023,29.71,0.8551,-1.4102,-0.1962,Management,23,15,0.2144,0.7129
11-3051.02,Geothermal Production Managers,2024,33.48,0.6429,-0.5341,-0.8172,Management,25,12,0.1404,0.7829
11-3051.02,Geothermal Production Managers,2025,37.78,0.7745,0.4651,-0.1183,Management,28,6,0.0505,0.857
11-3051.02,Geothermal Production Managers,2026,39.08,0.7672,0.7672,-0.0546,Management,28,3,0.048,0.857
11-3051.03,Biofuels Production Managers,2020,24.47,0.4576,-2.6279,-0.7512,Management,22,16,0.2341,0.6985
11-3051.03,Biofuels Production Managers,2021,25.97,0.5634,-2.2793,-0.9431,Management,20,18,0.2884,0.6534
11-3051.03,Biofuels Production Managers,2022,24.6,0.9153,-2.5976,0.0379,Management,21,18,0.273,0.6597
11-3051.03,Biofuels Production Managers,2023,29.1,0.692,-1.552,-0.6824,Management,23,15,0.2528,0.6849
11-3051.03,Biofuels Production Managers,2024,32.55,0.4337,-0.7503,-1.446,Management,25,12,0.1443,0.7804
11-3051.03,Biofuels Production Managers,2025,35.03,0.151,-0.174,-1.8505,Management,28,6,0.0578,0.8563
11-3051.03,Biofuels Production Managers,2026,36.32,0.1258,0.1258,-1.8229,Management,28,3,0.0492,0.8563
11-3051.04,Biomass Power Plant Managers,2020,24.24,0.3577,-2.6813,-1.018,Management,22,16,0.2042,0.7167
11-3051.04,Biomass Power Plant Managers,2021,26.03,0.5836,-2.2653,-0.8626,Management,20,18,0.2522,0.6845
11-3051.04,Biomass Power Plant Managers,2022,24.14,0.7113,-2.7045,-0.5292,Management,21,18,0.2363,0.6904
11-3051.04,Biomass Power Plant Managers,2023,29.05,0.6786,-1.5636,-0.7223,Management,23,15,0.2167,0.7145
11-3051.04,Biomass Power Plant Managers,2024,33.69,0.6902,-0.4853,-0.6752,Management,24,12,0.1378,0.7815
11-3051.04,Biomass Power Plant Managers,2025,37.05,0.609,0.2954,-0.5781,Management,28,6,0.0578,0.8528
11-3051.04,Biomass Power Plant Managers,2026,38.4,0.6092,0.6092,-0.4902,Management,29,3,0.0451,0.8637
11-3051.06,Hydroelectric Production Managers,2020,23.69,0.1188,-2.8091,-1.6559,Management,24,16,0.2193,0.7111
11-3051.06,Hydroelectric Production Managers,2021,25.71,0.476,-2.3397,-1.2918,Management,22,18,0.2819,0.657
11-3051.06,Hydroelectric Production Managers,2022,24.07,0.6802,-2.7208,-0.6155,Management,23,18,0.2552,0.6795
11-3051.06,Hydroelectric Production Managers,2023,28.44,0.5155,-1.7053,-1.2085,Management,25,15,0.2277,0.7001
11-3051.06,Hydroelectric Production Managers,2024,32.03,0.3166,-0.8711,-1.7975,Management,27,12,0.1403,0.7834
11-3051.06,Hydroelectric Production Managers,2025,35.67,0.2961,-0.0252,-1.4473,Management,29,6,0.0579,0.852
11-3051.06,Hydroelectric Production Managers,2026,37.03,0.2908,0.2908,-1.368,Management,29,3,0.054,0.852
11-3061.00,Purchasing Managers,2020,25.6,0.9485,-2.3653,0.5596,Management,17,16,0.2231,0.7131
11-3061.00,Purchasing Managers,2021,26.81,0.8457,-2.0841,0.1835,Management,15,18,0.2446,0.6923
11-3061.00,Purchasing Managers,2022,25.4,1.2703,-2.4117,1.0241,Management,16,18,0.2437,0.693
11-3061.00,Purchasing Managers,2023,30.93,1.1812,-1.1267,0.7763,Management,16,15,0.2207,0.716
11-3061.00,Purchasing Managers,2024,36.09,1.2302,0.0724,0.9474,Management,18,12,0.1289,0.7952
11-3061.00,Purchasing Managers,2025,39.04,1.0602,0.7579,0.6754,Management,20,6,0.0259,0.8807
11-3061.00,Purchasing Managers,2026,39.98,0.9763,0.9763,0.522,Management,20,3,0.0259,0.8807
11-3071.00,"Transportation, Storage, and Distribution Managers",2020,24.57,0.5011,-2.6046,-0.6352,Management,20,16,0.2004,0.7338
11-3071.00,"Transportation, Storage, and Distribution Managers",2021,26.61,0.7785,-2.1306,-0.0847,Management,17,18,0.2297,0.7033
11-3071.00,"Transportation, Storage, and Distribution Managers",2022,23.76,0.5427,-2.7928,-0.9976,Management,18,18,0.2277,0.6991
11-3071.00,"Transportation, Storage, and Distribution Managers",2023,29.71,0.8551,-1.4102,-0.1962,Management,19,15,0.2039,0.7237
11-3071.00,"Transportation, Storage, and Distribution Managers",2024,34.67,0.9107,-0.2576,-0.0126,Management,21,12,0.1179,0.8067
11-3071.00,"Transportation, Storage, and Distribution Managers",2025,37.9,0.8017,0.493,-0.0427,Management,23,6,0.0464,0.8615
11-3071.00,"Transportation, Storage, and Distribution Managers",2026,39.12,0.7765,0.7765,-0.0289,Management,24,3,0.0418,0.8761
11-3071.04,Supply Chain Managers,2020,25.06,0.7139,-2.4908,-0.0668,Management,17,16,0.1871,0.7371
11-3071.04,Supply Chain Managers,2021,26.76,0.8289,-2.0957,0.1165,Management,15,18,0.2275,0.7176
11-3071.04,Supply Chain Managers,2022,24.51,0.8754,-2.6186,-0.0731,Management,16,18,0.2143,0.7143
11-3071.04,Supply Chain Managers,2023,30.41,1.0422,-1.2475,0.3618,Management,16,15,0.2032,0.7233
11-3071.04,Supply Chain Managers,2024,36.49,1.3202,0.1653,1.2178,Management,18,12,0.1137,0.8087
11-3071.04,Supply Chain Managers,2025,39.04,1.0602,0.7579,0.6754,Management,21,6,0.0349,0.8872
11-3071.04,Supply Chain Managers,2026,40.58,1.1157,1.1157,0.9065,Management,21,3,0.0349,0.8872
11-3111.00,Compensation and Benefits Managers,2020,26.63,1.396,-2.1259,1.7543,Management,15,16,0.2137,0.7194
11-3111.00,Compensation and Benefits Managers,2021,27.71,1.1481,-1.875,1.3906,Management,13,18,0.1908,0.7338
11-3111.00,Compensation and Benefits Managers,2022,25.9,1.4921,-2.2956,1.6405,Management,14,18,0.2103,0.7243
11-3111.00,Compensation and Benefits Managers,2023,32.03,1.4753,-0.8711,1.6532,Management,14,15,0.1839,0.7421
11-3111.00,Compensation and Benefits Managers,2024,36.57,1.3382,0.1839,1.2719,Management,16,12,0.1053,0.8135
11-3111.00,Compensation and Benefits Managers,2025,40.72,1.4411,1.1483,1.7336,Management,18,6,0.0227,0.8951
11-3111.00,Compensation and Benefits Managers,2026,41.59,1.3504,1.3504,1.5536,Management,18,3,0.0227,0.8951
11-3121.00,Human Resources Managers,2020,26.45,1.3178,-2.1677,1.5455,Management,16,16,0.2149,0.7135
11-3121.00,Human Resources Managers,2021,27.53,1.0877,-1.9168,1.1492,Management,15,18,0.2103,0.7259
11-3121.00,Human Resources Managers,2022,25.42,1.2791,-2.4071,1.0488,Management,15,18,0.2457,0.6824
11-3121.00,Human Resources Managers,2023,30.59,1.0903,-1.2057,0.5053,Management,15,15,0.2084,0.7137
11-3121.00,Human Resources Managers,2024,35.51,1.0997,-0.0624,0.5553,Management,18,12,0.1004,0.8274
11-3121.00,Human Resources Managers,2025,39.46,1.1554,0.8555,0.9399,Management,19,6,0.0298,0.8793
11-3121.00,Human Resources Managers,2026,40.43,1.0809,1.0809,0.8104,Management,19,3,0.0298,0.8793
11-3131.00,Training and Development Managers,2020,25.73,1.005,-2.3351,0.7104,Management,17,16,0.2065,0.722
11-3131.00,Training and Development Managers,2021,27.11,0.9465,-2.0144,0.5859,Management,15,18,0.2222,0.718
11-3131.00,Training and Development Managers,2022,23.93,0.6181,-2.7533,-0.788,Management,16,18,0.242,0.6948
11-3131.00,Training and Development Managers,2023,28.93,0.6465,-1.5915,-0.8179,Management,16,15,0.2081,0.7284
11-3131.00,Training and Development Managers,2024,33.6,0.6699,-0.5063,-0.7361,Management,18,12,0.1059,0.8122
11-3131.00,Training and Development Managers,2025,38.62,0.9649,0.6603,0.4108,Management,20,6,0.0278,0.8847
11-3131.00,Training and Development Managers,2026,39.37,0.8346,0.8346,0.1312,Management,20,3,0.0278,0.8847
11-9013.00,"Farmers, Ranchers, and Other Agricultural Managers",2020,22.36,-0.459,-3.1182,-3.1986,Management,27,16,0.2375,0.6917
11-9013.00,"Farmers, Ranchers, and Other Agricultural Managers",2021,23.6,-0.233,-2.83,-4.1217,Management,25,18,0.2807,0.658
11-9013.00,"Farmers, Ranchers, and Other Agricultural Managers",2022,22.52,-0.0075,-3.081,-2.5262,Management,26,18,0.2656,0.67
11-9013.00,"Farmers, Ranchers, and Other Agricultural Managers",2023,25.86,-0.1742,-2.3049,-3.2651,Management,28,15,0.2281,0.7058
11-9013.00,"Farmers, Ranchers, and Other Agricultural Managers",2024,30.15,-0.1064,-1.308,-3.0686,Management,30,12,0.1467,0.7781
11-9013.00,"Farmers, Ranchers, and Other Agricultural Managers",2025,33.85,-0.1166,-0.4482,-2.5937,Management,34,6,0.0706,0.8452
11-9013.00,"Farmers, Ranchers, and Other Agricultural Managers",2026,35.2,-0.1345,-0.1345,-2.5405,Management,35,3,0.047,0.8577
11-9021.00,Construction Managers,2020,24.25,0.3621,-2.679,-1.0064,Management,21,16,0.2011,0.7261
11-9021.00,Construction Managers,2021,26.17,0.6306,-2.2328,-0.6748,Management,19,18,0.2586,0.6746
11-9021.00,Construction Managers,2022,24.33,0.7956,-2.6604,-0.2949,Management,20,18,0.2358,0.6976
11-9021.00,Construction Managers,2023,29.92,0.9112,-1.3614,-0.0288,Management,20,15,0.2128,0.7096
11-9021.00,Construction Managers,2024,34.12,0.7869,-0.3854,-0.3845,Management,23,12,0.137,0.7888
11-9021.00,Construction Managers,2025,36.72,0.5341,0.2188,-0.786,Management,26,6,0.0526,0.8573
11-9021.00,Construction Managers,2026,38.25,0.5743,0.5743,-0.5864,Management,27,3,0.0398,0.8699
11-9031.00,"Education and Childcare Administrators, Preschool and Daycare",2020,25.23,0.7878,-2.4512,0.1304,Management,19,16,0.2051,0.7281
11-9031.00,"Education and Childcare Administrators, Preschool and Daycare",2021,27.08,0.9364,-2.0214,0.5457,Management,16,18,0.23,0.702
11-9031.00,"Education and Childcare Administrators, Preschool and Daycare",2022,24.24,0.7556,-2.6813,-0.4059,Management,18,18,0.2349,0.6993
11-9031.00,"Education and Childcare Administrators, Preschool and Daycare",2023,30.05,0.946,-1.3312,0.0748,Management,18,15,0.2212,0.7147
11-9031.00,"Education and Childcare Administrators, Preschool and Daycare",2024,35.13,1.0142,-0.1507,0.2984,Management,20,12,0.1225,0.8072
11-9031.00,"Education and Childcare Administrators, Preschool and Daycare",2025,38.14,0.8561,0.5487,0.1085,Management,22,6,0.0417,0.8675
11-9031.00,"Education and Childcare Administrators, Preschool and Daycare",2026,39.22,0.7997,0.7997,0.0351,Management,23,3,0.0347,0.8831
11-9032.00,"Education Administrators, Kindergarten through Secondary",2020,26.05,1.144,-2.2607,1.0815,Management,17,16,0.2075,0.729
11-9032.00,"Education Administrators, Kindergarten through Secondary",2021,27.25,0.9936,-1.9818,0.7737,Management,15,18,0.1996,0.7314
11-9032.00,"Education Administrators, Kindergarten through Secondary",2022,24.89,1.044,-2.5303,0.3954,Management,16,18,0.2334,0.7053
11-9032.00,"Education Administrators, Kindergarten through Secondary",2023,29.7,0.8524,-1.4125,-0.2042,Management,16,15,0.2065,0.7299
11-9032.00,"Education Administrators, Kindergarten through Secondary",2024,35.33,1.0592,-0.1042,0.4336,Management,18,12,0.1046,0.8182
11-9032.00,"Education Administrators, Kindergarten through Secondary",2025,39.66,1.2007,0.9019,1.0659,Management,20,6,0.0288,0.8808
11-9032.00,"Education Administrators, Kindergarten through Secondary",2026,40.22,1.0321,1.0321,0.6758,Management,20,3,0.0266,0.8808
11-9033.00,"Education Administrators, Postsecondary",2020,25.88,1.0702,-2.3002,0.8843,Management,16,16,0.2152,0.7119
11-9033.00,"Education Administrators, Postsecondary",2021,27.14,0.9566,-2.0074,0.6261,Management,14,18,0.225,0.7037
11-9033.00,"Education Administrators, Postsecondary",2022,24.93,1.0617,-2.521,0.4447,Management,15,18,0.2436,0.6829
11-9033.00,"Education Administrators, Postsecondary",2023,30.11,0.962,-1.3173,0.1227,Management,15,15,0.2079,0.7146
11-9033.00,"Education Administrators, Postsecondary",2024,35.95,1.1987,0.0398,0.8528,Management,17,12,0.1096,0.8072
11-9033.00,"Education Administrators, Postsecondary",2025,39.3,1.1191,0.8183,0.8391,Management,20,6,0.0318,0.8902
11-9033.00,"Education Administrators, Postsecondary",2026,40.29,1.0483,1.0483,0.7207,Management,20,3,0.0318,0.8902
11-9041.00,Architectural and Engineering Managers,2020,24.41,0.4316,-2.6418,-0.8208,Management,19,16,0.203,0.7374
11-9041.00,Architectural and Engineering Managers,2021,26.97,0.8995,-2.0469,0.3981,Management,15,18,0.2707,0.6576
11-9041.00,Architectural and Engineering Managers,2022,25.13,1.1505,-2.4745,0.6913,Management,17,18,0.2324,0.7027
11-9041.00,Architectural and Engineering Managers,2023,31.12,1.232,-1.0826,0.9278,Management,17,15,0.2044,0.7209
11-9041.00,Architectural and Engineering Managers,2024,34.97,0.9782,-0.1879,0.1902,Management,19,12,0.1312,0.7878
11-9041.00,Architectural and Engineering Managers,2025,37.96,0.8153,0.5069,-0.0049,Management,22,6,0.0378,0.8828
11-9041.00,Architectural and Engineering Managers,2026,39.33,0.8253,0.8253,0.1056,Management,22,3,0.0378,0.8828
11-9041.01,Biofuels/Biodiesel Technology and Product Development Managers,2020,23.52,0.0449,-2.8486,-1.8531,Management,21,16,0.222,0.7011
11-9041.01,Biofuels/Biodiesel Technology and Product Development Managers,2021,25.6,0.4391,-2.3653,-1.4393,Management,18,18,0.298,0.6378
11-9041.01,Biofuels/Biodiesel Technology and Product Development Managers,2022,24.17,0.7246,-2.6976,-0.4922,Management,21,18,0.2493,0.691
11-9041.01,Biofuels/Biodiesel Technology and Product Development Managers,2023,29.2,0.7187,-1.5287,-0.6027,Management,21,15,0.2257,0.7008
11-9041.01,Biofuels/Biodiesel Technology and Product Development Managers,2024,33.96,0.7509,-0.4226,-0.4927,Management,23,12,0.1584,0.7692
11-9041.01,Biofuels/Biodiesel Technology and Product Development Managers,2025,36.44,0.4707,0.1537,-0.9623,Management,26,6,0.0578,0.8543
11-9041.01,Biofuels/Biodiesel Technology and Product Development Managers,2026,37.86,0.4837,0.4837,-0.8362,Management,26,3,0.0514,0.8543
11-9051.00,Food Service Managers,2020,25.16,0.7574,-2.4675,0.0492,Management,22,16,0.2208,0.7023
11-9051.00,Food Service Managers,2021,26.51,0.7449,-2.1538,-0.2188,Management,19,18,0.2877,0.6481
11-9051.00,Food Service Managers,2022,23.92,0.6136,-2.7557,-0.8004,Management,21,18,0.2445,0.682
11-9051.00,Food Service Managers,2023,28.21,0.4541,-1.7588,-1.3919,Management,22,15,0.2446,0.6936
11-9051.00,Food Service Managers,2024,32.5,0.4224,-0.7619,-1.4798,Management,24,12,0.1537,0.7729
11-9051.00,Food Service Managers,2025,35.54,0.2666,-0.0554,-1.5292,Management,27,6,0.071,0.8437
11-9051.00,Food Service Managers,2026,36.48,0.163,0.163,-1.7204,Management,28,3,0.0532,0.8543
11-9071.00,Gambling Managers,2020,25.22,0.7835,-2.4536,0.1188,Management,20,16,0.198,0.7387
11-9071.00,Gambling Managers,2021,26.37,0.6978,-2.1863,-0.4066,Management,17,18,0.2503,0.6865
11-9071.00,Gambling Managers,2022,25.03,1.1061,-2.4977,0.568,Management,18,18,0.2391,0.6869
11-9071.00,Gambling Managers,2023,30.86,1.1625,-1.143,0.7205,Management,18,15,0.2409,0.6886
11-9071.00,Gambling Managers,2024,35.0,0.9849,-0.1809,0.2105,Management,20,12,0.1489,0.771
11-9071.00,Gambling Managers,2025,36.89,0.5727,0.2583,-0.6789,Management,24,6,0.049,0.8714
11-9071.00,Gambling Managers,2026,38.57,0.6487,0.6487,-0.3813,Management,24,3,0.0417,0.8714
11-9072.00,"Entertainment and Recreation Managers, Except Gambling",2020,25.32,0.8269,-2.4303,0.2348,Management,19,16,0.2381,0.69
11-9072.00,"Entertainment and Recreation Managers, Except Gambling",2021,27.06,0.9297,-2.026,0.5188,Management,16,18,0.2584,0.6701
11-9072.00,"Entertainment and Recreation Managers, Except Gambling",2022,24.27,0.7689,-2.6743,-0.3689,Management,18,18,0.2607,0.6729
11-9072.00,"Entertainment and Recreation Managers, Except Gambling",2023,30.14,0.97,-1.3103,0.1466,Management,17,15,0.2463,0.6801
11-9072.00,"Entertainment and Recreation Managers, Except Gambling",2024,34.34,0.8364,-0.3343,-0.2358,Management,21,12,0.131,0.7912
11-9072.00,"Entertainment and Recreation Managers, Except Gambling",2025,37.72,0.7609,0.4511,-0.1561,Management,24,6,0.0499,0.8679
11-9072.00,"Entertainment and Recreation Managers, Except Gambling",2026,38.44,0.6184,0.6184,-0.4646,Management,25,3,0.0334,0.8785
11-9081.00,Lodging Managers,2020,25.03,0.7009,-2.4977,-0.1016,Management,23,16,0.2286,0.7021
11-9081.00,Lodging Managers,2021,26.12,0.6138,-2.2444,-0.7419,Management,20,18,0.2549,0.6759
11-9081.00,Lodging Managers,2022,24.74,0.9775,-2.5651,0.2105,Management,22,18,0.2598,0.6728
11-9081.00,Lodging Managers,2023,29.24,0.7294,-1.5194,-0.5708,Management,23,15,0.2268,0.7025
11-9081.00,Lodging Managers,2024,33.19,0.5777,-0.6015,-1.0133,Management,25,12,0.1346,0.7861
11-9081.00,Lodging Managers,2025,36.4,0.4616,0.1444,-0.9875,Management,28,6,0.0531,0.8545
11-9081.00,Lodging Managers,2026,37.04,0.2931,0.2931,-1.3616,Management,29,3,0.0414,0.8639
11-9111.00,Medical and Health Services Managers,2020,26.11,1.1701,-2.2468,1.1511,Management,17,16,0.1879,0.7456
11-9111.00,Medical and Health Services Managers,2021,27.3,1.0104,-1.9702,0.8407,Management,15,18,0.2007,0.7333
11-9111.00,Medical and Health Services Managers,2022,24.89,1.044,-2.5303,0.3954,Management,16,18,0.2032,0.7256
11-9111.00,Medical and Health Services Managers,2023,30.83,1.1545,-1.1499,0.6966,Management,16,15,0.2098,0.7239
11-9111.00,Medical and Health Services Managers,2024,36.15,1.2437,0.0863,0.988,Management,18,12,0.1023,0.8177
11-9111.00,Medical and Health Services Managers,2025,39.78,1.2279,0.9298,1.1415,Management,20,6,0.029,0.8781
11-9111.00,Medical and Health Services Managers,2026,40.76,1.1576,1.1576,1.0218,Management,20,3,0.029,0.8781
11-9121.00,Natural Sciences Managers,2020,25.63,0.9616,-2.3583,0.5944,Management,17,16,0.1975,0.7278
11-9121.00,Natural Sciences Managers,2021,26.94,0.8894,-2.0539,0.3579,Management,15,18,0.1966,0.7401
11-9121.00,Natural Sciences Managers,2022,25.2,1.1815,-2.4582,0.7775,Management,16,18,0.2007,0.7252
11-9121.00,Natural Sciences Managers,2023,30.9,1.1732,-1.1337,0.7524,Management,16,15,0.1696,0.7517
11-9121.00,Natural Sciences Managers,2024,36.77,1.3832,0.2304,1.4071,Management,18,12,0.1057,0.8141
11-9121.00,Natural Sciences Managers,2025,40.12,1.305,1.0088,1.3557,Management,20,6,0.0368,0.8712
11-9121.00,Natural Sciences Managers,2026,41.47,1.3225,1.3225,1.4767,Management,20,3,0.0339,0.8712
11-9121.01,Clinical Research Coordinators,2020,25.35,0.8399,-2.4234,0.2696,Management,18,16,0.1779,0.7599
11-9121.01,Clinical Research Coordinators,2021,26.96,0.8961,-2.0492,0.3847,Management,15,18,0.2143,0.7189
11-9121.01,Clinical Research Coordinators,2022,24.6,0.9153,-2.5976,0.0379,Management,16,18,0.2071,0.7143
11-9121.01,Clinical Research Coordinators,2023,30.21,0.9887,-1.294,0.2024,Management,17,15,0.2049,0.7383
11-9121.01,Clinical Research Coordinators,2024,35.45,1.0862,-0.0764,0.5147,Management,19,12,0.1118,0.8242
11-9121.01,Clinical Research Coordinators,2025,38.26,0.8833,0.5766,0.1841,Management,21,6,0.0381,0.8777
11-9121.01,Clinical Research Coordinators,2026,39.82,0.9391,0.9391,0.4195,Management,21,3,0.0381,0.8777
11-9121.02,Water Resource Specialists,2020,24.68,0.5489,-2.5791,-0.5076,Management,18,16,0.1997,0.7342
11-9121.02,Water Resource Specialists,2021,26.65,0.7919,-2.1213,-0.031,Management,15,18,0.2481,0.6836
11-9121.02,Water Resource Specialists,2022,24.47,0.8577,-2.6279,-0.1224,Management,17,18,0.2258,0.721
11-9121.02,Water Resource Specialists,2023,30.53,1.0743,-1.2197,0.4575,Management,17,15,0.2109,0.7287
11-9121.02,Water Resource Specialists,2024,35.21,1.0322,-0.1321,0.3524,Management,19,12,0.1299,0.7999
11-9121.02,Water Resource Specialists,2025,37.52,0.7155,0.4047,-0.282,Management,22,6,0.04,0.8842
11-9121.02,Water Resource Specialists,2026,39.27,0.8113,0.8113,0.0672,Management,22,3,0.04,0.8842
11-9131.00,Postmasters and Mail Superintendents,2020,25.94,1.0962,-2.2863,0.9539,Management,19,16,0.2126,0.7109
11-9131.00,Postmasters and Mail Superintendents,2021,26.95,0.8927,-2.0516,0.3713,Management,16,18,0.2458,0.6814
11-9131.00,Postmasters and Mail Superintendents,2022,25.05,1.115,-2.4931,0.5926,Management,18,18,0.2388,0.6861
11-9131.00,Postmasters and Mail Superintendents,2023,30.57,1.085,-1.2104,0.4893,Management,18,15,0.2305,0.6974
11-9131.00,Postmasters and Mail Superintendents,2024,35.3,1.0524,-0.1112,0.4133,Management,20,12,0.1461,0.7853
11-9131.00,Postmasters and Mail Superintendents,2025,38.11,0.8493,0.5418,0.0896,Management,23,6,0.0469,0.8578
11-9131.00,Postmasters and Mail Superintendents,2026,39.36,0.8322,0.8322,0.1248,Management,24,3,0.0374,0.8742
11-9141.00,"Property, Real Estate, and Community Association Managers",2020,26.26,1.2353,-2.2119,1.3251,Management,16,16,0.2009,0.7362
11-9141.00,"Property, Real Estate, and Community Association Managers",2021,27.46,1.0641,-1.933,1.0553,Management,14,18,0.2033,0.7332
11-9141.00,"Property, Real Estate, and Community Association Managers",2022,25.3,1.2259,-2.435,0.9008,Management,15,18,0.2166,0.719
11-9141.00,"Property, Real Estate, and Community Association Managers",2023,31.45,1.3202,-1.0059,1.1908,Management,15,15,0.1994,0.7255
11-9141.00,"Property, Real Estate, and Community Association Managers",2024,35.93,1.1942,0.0352,0.8392,Management,17,12,0.1066,0.8178
11-9141.00,"Property, Real Estate, and Community Association Managers",2025,39.54,1.1735,0.8741,0.9903,Management,19,6,0.0261,0.8875
11-9141.00,"Property, Real Estate, and Community Association Managers",2026,40.87,1.1831,1.1831,1.0923,Management,19,3,0.0259,0.8875
11-9151.00,Social and Community Service Managers,2020,25.77,1.0224,-2.3258,0.7568,Management,18,16,0.232,0.7019
11-9151.00,Social and Community Service Managers,2021,27.07,0.9331,-2.0237,0.5323,Management,15,18,0.2458,0.6827
11-9151.00,Social and Community Service Managers,2022,24.84,1.0218,-2.5419,0.3338,Management,17,18,0.2537,0.6843
11-9151.00,Social and Community Service Managers,2023,30.31,1.0155,-1.2708,0.2821,Management,17,15,0.219,0.7135
11-9151.00,Social and Community Service Managers,2024,35.1,1.0074,-0.1577,0.2781,Management,19,12,0.1315,0.7967
11-9151.00,Social and Community Service Managers,2025,38.48,0.9332,0.6277,0.3226,Management,21,6,0.0387,0.8682
11-9151.00,Social and Community Service Managers,2026,39.26,0.809,0.809,0.0607,Management,21,3,0.0386,0.8682
11-9161.00,Emergency Management Directors,2020,24.89,0.6401,-2.5303,-0.264,Management,19,16,0.2129,0.7225
11-9161.00,Emergency Management Directors,2021,26.73,0.8188,-2.1027,0.0762,Management,17,18,0.2397,0.7015
11-9161.00,Emergency Management Directors,2022,24.2,0.7379,-2.6906,-0.4552,Management,18,18,0.241,0.6968
11-9161.00,Emergency Management Directors,2023,29.41,0.7749,-1.4799,-0.4353,Management,18,15,0.2122,0.7184
11-9161.00,Emergency Management Directors,2024,34.67,0.9107,-0.2576,-0.0126,Management,20,12,0.1118,0.8004
11-9161.00,Emergency Management Directors,2025,37.56,0.7246,0.414,-0.2569,Management,23,6,0.0346,0.8895
11-9161.00,Emergency Management Directors,2026,38.77,0.6951,0.6951,-0.2532,Management,23,3,0.0298,0.8895
11-9171.00,Funeral Home Managers,2020,26.16,1.1918,-2.2351,1.2091,Management,22,16,0.2152,0.7085
11-9171.00,Funeral Home Managers,2021,27.5,1.0776,-1.9238,1.109,Management,19,18,0.237,0.6938
11-9171.00,Funeral Home Managers,2022,24.81,1.0085,-2.5488,0.2968,Management,21,18,0.2343,0.692
11-9171.00,Funeral Home Managers,2023,30.2,0.9861,-1.2963,0.1944,Management,22,15,0.2228,0.7018
11-9171.00,Funeral Home Managers,2024,33.61,0.6722,-0.5039,-0.7293,Management,24,12,0.1351,0.7886
11-9171.00,Funeral Home Managers,2025,38.39,0.9128,0.6068,0.266,Management,27,6,0.0465,0.8643
11-9171.00,Funeral Home Managers,2026,38.98,0.7439,0.7439,-0.1186,Management,28,3,0.0327,0.8757
11-9179.01,Fitness and Wellness Coordinators,2020,23.08,-0.1462,-2.9509,-2.3635,Management,23,16,0.2542,0.6791
11-9179.01,Fitness and Wellness Coordinators,2021,25.13,0.2811,-2.4745,-2.0697,Management,19,18,0.2832,0.647
11-9179.01,Fitness and Wellness Coordinators,2022,22.04,-0.2204,-3.1925,-3.118,Management,22,18,0.2746,0.6607
11-9179.01,Fitness and Wellness Coordinators,2023,27.28,0.2054,-1.9749,-2.1332,Management,21,15,0.2791,0.6529
11-9179.01,Fitness and Wellness Coordinators,2024,31.55,0.2086,-0.9826,-2.122,Management,25,12,0.1666,0.7614
11-9179.01,Fitness and Wellness Coordinators,2025,35.27,0.2054,-0.1182,-1.6993,Management,28,6,0.0719,0.8353
11-9179.01,Fitness and Wellness Coordinators,2026,36.27,0.1142,0.1142,-1.8549,Management,30,3,0.0368,0.8704
11-9179.02,Spa Managers,2020,25.2,0.7748,-2.4582,0.0956,Management,21,16,0.2277,0.7074
11-9179.02,Spa Managers,2021,26.98,0.9028,-2.0446,0.4116,Management,17,18,0.2579,0.6745
11-9179.02,Spa Managers,2022,25.06,1.1194,-2.4908,0.605,Management,19,18,0.2437,0.6814
11-9179.02,Spa Managers,2023,29.97,0.9246,-1.3498,0.0111,Management,20,15,0.2303,0.7056
11-9179.02,Spa Managers,2024,35.14,1.0164,-0.1484,0.3051,Management,21,12,0.152,0.7695
11-9179.02,Spa Managers,2025,37.24,0.652,0.3396,-0.4584,Management,25,6,0.0496,0.8684
11-9179.02,Spa Managers,2026,38.5,0.6324,0.6324,-0.4262,Management,25,3,0.0386,0.8684
11-9199.01,Regulatory Affairs Managers,2020,26.23,1.2222,-2.2189,1.2903,Management,16,16,0.1837,0.7487
11-9199.01,Regulatory Affairs Managers,2021,27.41,1.0473,-1.9447,0.9883,Management,14,18,0.185,0.7446
11-9199.01,Regulatory Affairs Managers,2022,23.7,0.516,-2.8068,-1.0716,Management,15,18,0.2162,0.7188
11-9199.01,Regulatory Affairs Managers,2023,28.52,0.5369,-1.6867,-1.1448,Management,15,15,0.2009,0.7324
11-9199.01,Regulatory Affairs Managers,2024,34.53,0.8792,-0.2901,-0.1073,Management,17,12,0.0933,0.8254
11-9199.01,Regulatory Affairs Managers,2025,37.8,0.779,0.4697,-0.1057,Management,19,6,0.0314,0.8776
11-9199.01,Regulatory Affairs Managers,2026,39.23,0.802,0.802,0.0415,Management,19,3,0.0314,0.8776
11-9199.02,Compliance Managers,2020,25.66,0.9746,-2.3513,0.6292,Management,17,16,0.1679,0.7661
11-9199.02,Compliance Managers,2021,27.25,0.9936,-1.9818,0.7737,Management,15,18,0.1738,0.7628
11-9199.02,Compliance Managers,2022,22.97,0.1922,-2.9764,-1.9715,Management,15,18,0.205,0.7172
11-9199.02,Compliance Managers,2023,29.17,0.7107,-1.5357,-0.6266,Management,16,15,0.1941,0.7377
11-9199.02,Compliance Managers,2024,34.99,0.9827,-0.1833,0.2037,Management,18,12,0.0814,0.8416
11-9199.02,Compliance Managers,2025,39.57,1.1803,0.881,1.0092,Management,20,6,0.0332,0.88
11-9199.02,Compliance Managers,2026,40.9,1.1901,1.1901,1.1115,Management,20,3,0.0327,0.88
11-9199.08,Loss Prevention Managers,2020,24.58,0.5054,-2.6023,-0.6236,Management,21,16,0.2213,0.7084
11-9199.08,Loss Prevention Managers,2021,26.9,0.8759,-2.0632,0.3043,Management,17,18,0.2755,0.656
11-9199.08,Loss Prevention Managers,2022,23.72,0.5249,-2.8021,-1.0469,Management,20,18,0.2618,0.6679
11-9199.08,Loss Prevention Managers,2023,29.18,0.7134,-1.5334,-0.6187,Management,20,15,0.244,0.6894
11-9199.08,Loss Prevention Managers,2024,33.63,0.6767,-0.4993,-0.7158,Management,22,12,0.1436,0.78
11-9199.08,Loss Prevention Managers,2025,36.51,0.4865,0.17,-0.9182,Management,27,6,0.0574,0.8575
11-9199.08,Loss Prevention Managers,2026,37.87,0.486,0.486,-0.8298,Management,28,3,0.0404,0.8674
11-9199.09,Wind Energy Operations Managers,2020,24.1,0.2969,-2.7138,-1.1803,Management,24,16,0.2169,0.7056
11-9199.09,Wind Energy Operations Managers,2021,24.87,0.1937,-2.5349,-2.4184,Management,22,18,0.2544,0.6755
11-9199.09,Wind Energy Operations Managers,2022,23.04,0.2232,-2.9602,-1.8852,Management,23,18,0.2492,0.6792
11-9199.09,Wind Energy Operations Managers,2023,27.65,0.3043,-1.8889,-1.8383,Management,25,15,0.2251,0.7005
11-9199.09,Wind Energy Operations Managers,2024,32.05,0.3211,-0.8664,-1.784,Management,27,12,0.1337,0.7832
11-9199.09,Wind Energy Operations Managers,2025,35.31,0.2145,-0.1089,-1.6741,Management,31,6,0.0597,0.8531
11-9199.09,Wind Energy Operations Managers,2026,37.05,0.2954,0.2954,-1.3552,Management,32,3,0.0425,0.8631
11-9199.10,Wind Energy Development Managers,2020,25.53,0.9181,-2.3815,0.4784,Management,18,16,0.1892,0.7456
11-9199.10,Wind Energy Development Managers,2021,27.18,0.97,-1.9981,0.6798,Management,15,18,0.2153,0.7113
11-9199.10,Wind Energy Development Managers,2022,25.06,1.1194,-2.4908,0.605,Management,17,18,0.207,0.7304
11-9199.10,Wind Energy Development Managers,2023,31.21,1.2561,-1.0616,0.9995,Management,17,15,0.1965,0.7368
11-9199.10,Wind Energy Development Managers,2024,36.01,1.2122,0.0538,0.8933,Management,19,12,0.1069,0.8113
11-9199.10,Wind Energy Development Managers,2025,39.53,1.1713,0.8717,0.984,Management,21,6,0.0415,0.8639
11-9199.10,Wind Energy Development Managers,2026,41.13,1.2435,1.2435,1.2588,Management,21,3,0.0409,0.8639
11-9199.11,Brownfield Redevelopment Specialists and Site Managers,2020,24.97,0.6748,-2.5117,-0.1712,Management,17,16,0.1835,0.7463
11-9199.11,Brownfield Redevelopment Specialists and Site Managers,2021,26.8,0.8423,-2.0864,0.1701,Management,15,18,0.2197,0.7298
11-9199.11,Brownfield Redevelopment Specialists and Site Managers,2022,25.26,1.2082,-2.4443,0.8515,Management,16,18,0.1925,0.7371
11-9199.11,Brownfield Redevelopment Specialists and Site Managers,2023,31.28,1.2748,-1.0454,1.0553,Management,16,15,0.1811,0.7421
11-9199.11,Brownfield Redevelopment Specialists and Site Managers,2024,36.52,1.327,0.1723,1.2381,Management,18,12,0.1117,0.8159
11-9199.11,Brownfield Redevelopment Specialists and Site Managers,2025,40.06,1.2914,0.9949,1.3179,Management,20,6,0.036,0.8813
11-9199.11,Brownfield Redevelopment Specialists and Site Managers,2026,41.4,1.3063,1.3063,1.4318,Management,20,3,0.036,0.8813
13-1011.00,"Agents and Business Managers of Artists, Performers, and Athletes",2020,27.17,1.6306,-2.0004,2.1752,Business and Financial Operations,14,16,0.2057,0.7154
13-1011.00,"Agents and Business Managers of Artists, Performers, and Athletes",2021,27.98,1.2389,-1.8122,1.3629,Business and Financial Operations,13,18,0.1881,0.7388
13-1011.00,"Agents and Business Managers of Artists, Performers, and Athletes",2022,25.1,1.1372,-2.4815,0.2297,Business and Financial Operations,14,18,0.2342,0.7035
13-1011.00,"Agents and Business Managers of Artists, Performers, and Athletes",2023,30.25,0.9994,-1.2847,-0.212,Business and Financial Operations,14,15,0.1929,0.7321
13-1011.00,"Agents and Business Managers of Artists, Performers, and Athletes",2024,35.81,1.1672,0.0073,0.098,Business and Financial Operations,16,12,0.0977,0.8334
13-1011.00,"Agents and Business Managers of Artists, Performers, and Athletes",2025,39.43,1.1486,0.8485,0.3248,Business and Financial Operations,18,6,0.0178,0.8979
13-1011.00,"Agents and Business Managers of Artists, Performers, and Athletes",2026,40.62,1.125,1.125,0.17,Business and Financial Operations,18,3,0.0178,0.8979
13-1021.00,"Buyers and Purchasing Agents, Farm Products",2020,25.34,0.8356,-2.4257,-0.0653,Business and Financial Operations,19,16,0.2308,0.6999
13-1021.00,"Buyers and Purchasing Agents, Farm Products",2021,27.21,0.9801,-1.9911,0.4281,Business and Financial Operations,16,18,0.2619,0.6787
13-1021.00,"Buyers and Purchasing Agents, Farm Products",2022,25.02,1.1017,-2.5,0.1477,Business and Financial Operations,18,18,0.2505,0.6822
13-1021.00,"Buyers and Purchasing Agents, Farm Products",2023,31.06,1.216,-1.0965,0.2821,Business and Financial Operations,18,15,0.2269,0.7015
13-1021.00,"Buyers and Purchasing Agents, Farm Products",2024,35.53,1.1042,-0.0578,-0.0607,Business and Financial Operations,19,12,0.156,0.7601
13-1021.00,"Buyers and Purchasing Agents, Farm Products",2025,37.8,0.779,0.4697,-0.6741,Business and Financial Operations,23,6,0.0421,0.8731
13-1021.00,"Buyers and Purchasing Agents, Farm Products",2026,39.35,0.8299,0.8299,-0.5804,Business and Financial Operations,23,3,0.035,0.8731
13-1022.00,"Wholesale and Retail Buyers, Except Farm Products",2020,24.82,0.6097,-2.5465,-0.702,Business and Financial Operations,19,16,0.2,0.7334
13-1022.00,"Wholesale and Retail Buyers, Except Farm Products",2021,27.13,0.9532,-2.0097,0.331,Business and Financial Operations,15,18,0.2503,0.6774
13-1022.00,"Wholesale and Retail Buyers, Except Farm Products",2022,25.78,1.4389,-2.3234,0.9272,Business and Financial Operations,17,18,0.2316,0.6964
13-1022.00,"Wholesale and Retail Buyers, Except Farm Products",2023,31.54,1.3443,-0.985,0.5749,Business and Financial Operations,17,15,0.212,0.711
13-1022.00,"Wholesale and Retail Buyers, Except Farm Products",2024,35.99,1.2077,0.0491,0.2,Business and Financial Operations,19,12,0.1342,0.7847
13-1022.00,"Wholesale and Retail Buyers, Except Farm Products",2025,38.83,1.0125,0.7091,-0.0429,Business and Financial Operations,22,6,0.0474,0.8728
13-1022.00,"Wholesale and Retail Buyers, Except Farm Products",2026,39.95,0.9693,0.9693,-0.2258,Business and Financial Operations,22,3,0.0404,0.8728
13-1023.00,"Purchasing Agents, Except Wholesale, Retail, and Farm Products",2020,25.77,1.0224,-2.3258,0.4612,Business and Financial Operations,16,16,0.1921,0.7445
13-1023.00,"Purchasing Agents, Except Wholesale, Retail, and Farm Products",2021,27.26,0.9969,-1.9795,0.4888,Business and Financial Operations,14,18,0.194,0.7394
13-1023.00,"Purchasing Agents, Except Wholesale, Retail, and Farm Products",2022,24.99,1.0884,-2.507,0.1169,Business and Financial Operations,14,18,0.2114,0.7117
13-1023.00,"Purchasing Agents, Except Wholesale, Retail, and Farm Products",2023,31.1,1.2267,-1.0872,0.3065,Business and Financial Operations,15,15,0.1974,0.7412
13-1023.00,"Purchasing Agents, Except Wholesale, Retail, and Farm Products",2024,37.04,1.444,0.2931,0.7952,Business and Financial Operations,17,12,0.1085,0.8195
13-1023.00,"Purchasing Agents, Except Wholesale, Retail, and Farm Products",2025,40.13,1.3073,1.0112,0.7538,Business and Financial Operations,19,6,0.024,0.8899
13-1023.00,"Purchasing Agents, Except Wholesale, Retail, and Farm Products",2026,41.8,1.3992,1.3992,0.8673,Business and Financial Operations,19,3,0.024,0.8899
13-1031.00,"Claims Adjusters, Examiners, and Investigators",2020,25.44,0.879,-2.4025,0.0571,Business and Financial Operations,18,16,0.17,0.7661
13-1031.00,"Claims Adjusters, Examiners, and Investigators",2021,26.75,0.8255,-2.098,-0.1303,Business and Financial Operations,15,18,0.1842,0.7367
13-1031.00,"Claims Adjusters, Examiners, and Investigators",2022,24.5,0.871,-2.6209,-0.3856,Business and Financial Operations,16,18,0.1977,0.722
13-1031.00,"Claims Adjusters, Examiners, and Investigators",2023,30.37,1.0315,-1.2568,-0.1388,Business and Financial Operations,17,15,0.1905,0.7476
13-1031.00,"Claims Adjusters, Examiners, and Investigators",2024,35.28,1.0479,-0.1159,-0.2024,Business and Financial Operations,19,12,0.0898,0.8313
13-1031.00,"Claims Adjusters, Examiners, and Investigators",2025,39.29,1.1168,0.816,0.239,Business and Financial Operations,21,6,0.0452,0.8693
13-1031.00,"Claims Adjusters, Examiners, and Investigators",2026,41.15,1.2482,1.2482,0.4832,Business and Financial Operations,21,3,0.0452,0.8693
13-1032.00,"Insurance Appraisers, Auto Damage",2020,24.98,0.6792,-2.5093,-0.5061,Business and Financial Operations,21,16,0.1924,0.7295
13-1032.00,"Insurance Appraisers, Auto Damage",2021,26.65,0.7919,-2.1213,-0.2517,Business and Financial Operations,19,18,0.2132,0.7169
13-1032.00,"Insurance Appraisers, Auto Damage",2022,24.32,0.7911,-2.6627,-0.5702,Business and Financial Operations,20,18,0.2233,0.7016
13-1032.00,"Insurance Appraisers, Auto Damage",2023,29.83,0.8871,-1.3823,-0.4682,Business and Financial Operations,22,15,0.1951,0.7294
13-1032.00,"Insurance Appraisers, Auto Damage",2024,33.93,0.7442,-0.4296,-0.9676,Business and Financial Operations,22,12,0.113,0.7986
13-1032.00,"Insurance Appraisers, Auto Damage",2025,37.34,0.6747,0.3628,-0.956,Business and Financial Operations,26,6,0.0471,0.8593
13-1032.00,"Insurance Appraisers, Auto Damage",2026,38.81,0.7044,0.7044,-0.8994,Business and Financial Operations,27,3,0.038,0.8708
13-1041.00,Compliance Officers,2020,25.32,0.8269,-2.4303,-0.0898,Business and Financial Operations,20,16,0.2015,0.724
13-1041.00,Compliance Officers,2021,27.11,0.9465,-2.0144,0.3067,Business and Financial Operations,18,18,0.2217,0.7065
13-1041.00,Compliance Officers,2022,23.71,0.5205,-2.8045,-1.1959,Business and Financial Operations,19,18,0.2454,0.6828
13-1041.00,Compliance Officers,2023,29.03,0.6733,-1.5682,-0.9563,Business and Financial Operations,20,15,0.2275,0.6976
13-1041.00,Compliance Officers,2024,33.77,0.7082,-0.4668,-1.0583,Business and Financial Operations,22,12,0.1195,0.8007
13-1041.00,Compliance Officers,2025,36.96,0.5886,0.2745,-1.1889,Business and Financial Operations,25,6,0.0488,0.8587
13-1041.00,Compliance Officers,2026,38.57,0.6487,0.6487,-1.0412,Business and Financial Operations,26,3,0.04,0.8685
13-1041.01,Environmental Compliance Inspectors,2020,24.85,0.6227,-2.5396,-0.6652,Business and Financial Operations,22,16,0.19,0.7416
13-1041.01,Environmental Compliance Inspectors,2021,26.84,0.8558,-2.0771,-0.021,Business and Financial Operations,19,18,0.2325,0.7
13-1041.01,Environmental Compliance Inspectors,2022,24.35,0.8044,-2.6557,-0.5395,Business and Financial Operations,20,18,0.2166,0.707
13-1041.01,Environmental Compliance Inspectors,2023,30.07,0.9513,-1.3265,-0.3218,Business and Financial Operations,22,15,0.2078,0.7219
13-1041.01,Environmental Compliance Inspectors,2024,35.02,0.9894,-0.1763,-0.3498,Business and Financial Operations,23,12,0.1249,0.7963
13-1041.01,Environmental Compliance Inspectors,2025,37.54,0.7201,0.4093,-0.8334,Business and Financial Operations,27,6,0.0667,0.8499
13-1041.01,Environmental Compliance Inspectors,2026,39.43,0.8485,0.8485,-0.5331,Business and Financial Operations,28,3,0.0555,0.8598
13-1041.03,Equal Opportunity Representatives and Officers,2020,25.83,1.0485,-2.3118,0.5346,Business and Financial Operations,17,16,0.1833,0.748
13-1041.03,Equal Opportunity Representatives and Officers,2021,26.86,0.8625,-2.0725,0.0032,Business and Financial Operations,15,18,0.1912,0.7455
13-1041.03,Equal Opportunity Representatives and Officers,2022,24.45,0.8488,-2.6325,-0.4369,Business and Financial Operations,16,18,0.2096,0.7218
13-1041.03,Equal Opportunity Representatives and Officers,2023,30.22,0.9914,-1.2917,-0.2303,Business and Financial Operations,16,15,0.2009,0.7287
13-1041.03,Equal Opportunity Representatives and Officers,2024,35.3,1.0524,-0.1112,-0.1911,Business and Financial Operations,18,12,0.1011,0.8199
13-1041.03,Equal Opportunity Representatives and Officers,2025,38.72,0.9876,0.6835,-0.1103,Business and Financial Operations,20,6,0.0419,0.8686
13-1041.03,Equal Opportunity Representatives and Officers,2026,40.28,1.046,1.046,-0.0309,Business and Financial Operations,20,3,0.0419,0.8686
13-1041.04,Government Property Inspectors and Investigators,2020,24.89,0.6401,-2.5303,-0.6163,Business and Financial Operations,24,16,0.1939,0.7328
13-1041.04,Government Property Inspectors and Investigators,2021,26.82,0.8491,-2.0818,-0.0453,Business and Financial Operations,21,18,0.2556,0.6703
13-1041.04,Government Property Inspectors and Investigators,2022,25.19,1.1771,-2.4605,0.322,Business and Financial Operations,23,18,0.2366,0.6941
13-1041.04,Government Property Inspectors and Investigators,2023,29.09,0.6893,-1.5543,-0.9197,Business and Financial Operations,25,15,0.2234,0.7083
13-1041.04,Government Property Inspectors and Investigators,2024,33.58,0.6654,-0.5109,-1.166,Business and Financial Operations,26,12,0.1457,0.7776
13-1041.04,Government Property Inspectors and Investigators,2025,35.47,0.2507,-0.0717,-2.102,Business and Financial Operations,30,6,0.0707,0.8434
13-1041.04,Government Property Inspectors and Investigators,2026,37.34,0.3628,0.3628,-1.768,Business and Financial Operations,31,3,0.0535,0.8531
13-1041.06,Coroners,2020,23.19,-0.0984,-2.9253,-2.6976,Business and Financial Operations,23,16,0.2017,0.7292
13-1041.06,Coroners,2021,24.09,-0.0684,-2.7162,-3.3594,Business and Financial Operations,20,18,0.2594,0.6752
13-1041.06,Coroners,2022,21.65,-0.3935,-3.2832,-3.3086,Business and Financial Operations,21,18,0.2516,0.6755
13-1041.06,Coroners,2023,25.07,-0.3854,-2.4884,-3.372,Business and Financial Operations,23,15,0.2251,0.7074
13-1041.06,Coroners,2024,31.1,0.1074,-1.0872,-2.5717,Business and Financial Operations,24,12,0.1301,0.7834
13-1041.06,Coroners,2025,35.08,0.1623,-0.1623,-2.341,Business and Financial Operations,28,6,0.08,0.8315
13-1041.06,Coroners,2026,36.44,0.1537,0.1537,-2.2998,Business and Financial Operations,30,3,0.0618,0.8534
13-1041.07,Regulatory Affairs Specialists,2020,26.13,1.1788,-2.2421,0.9019,Business and Financial Operations,17,16,0.1724,0.759
13-1041.07,Regulatory Affairs Specialists,2021,27.47,1.0675,-1.9307,0.7437,Business and Financial Operations,15,18,0.189,0.7515
13-1041.07,Regulatory Affairs Specialists,2022,24.68,0.9508,-2.5791,-0.201,Business and Financial Operations,16,18,0.1999,0.7321
13-1041.07,Regulatory Affairs Specialists,2023,29.9,0.9059,-1.3661,-0.4255,Business and Financial Operations,16,15,0.1974,0.7342
13-1041.07,Regulatory Affairs Specialists,2024,35.29,1.0502,-0.1135,-0.1967,Business and Financial Operations,18,12,0.0968,0.8302
13-1041.07,Regulatory Affairs Specialists,2025,39.18,1.0919,0.7904,0.1716,Business and Financial Operations,20,6,0.0421,0.8775
13-1041.07,Regulatory Affairs Specialists,2026,40.39,1.0716,1.0716,0.0341,Business and Financial Operations,20,3,0.0421,0.8775
13-1041.08,Customs Brokers,2020,25.31,0.8226,-2.4327,-0.102,Business and Financial Operations,17,16,0.1899,0.7445
13-1041.08,Customs Brokers,2021,27.24,0.9902,-1.9842,0.4645,Business and Financial Operations,15,18,0.2205,0.7152
13-1041.08,Customs Brokers,2022,24.43,0.8399,-2.6372,-0.4574,Business and Financial Operations,16,18,0.2262,0.7139
13-1041.08,Customs Brokers,2023,30.37,1.0315,-1.2568,-0.1388,Business and Financial Operations,16,15,0.2242,0.7159
13-1041.08,Customs Brokers,2024,35.51,1.0997,-0.0624,-0.072,Business and Financial Operations,18,12,0.1122,0.8107
13-1041.08,Customs Brokers,2025,39.53,1.1713,0.8717,0.3861,Business and Financial Operations,20,6,0.0386,0.8692
13-1041.08,Customs Brokers,2026,40.51,1.0995,1.0995,0.105,Business and Financial Operations,20,3,0.0386,0.8692
13-1051.00,Cost Estimators,2020,24.7,0.5576,-2.5744,-0.8489,Business and Financial Operations,16,16,0.198,0.7258
13-1051.00,Cost Estimators,2021,26.37,0.6978,-2.1863,-0.5916,Business and Financial Operations,14,18,0.2306,0.7021
13-1051.00,Cost Estimators,2022,26.21,1.6296,-2.2235,1.3682,Business and Financial Operations,15,18,0.195,0.731
13-1051.00,Cost Estimators,2023,32.6,1.6277,-0.7386,1.2216,Business and Financial Operations,16,15,0.1799,0.7588
13-1051.00,Cost Estimators,2024,36.81,1.3922,0.2397,0.6648,Business and Financial Operations,18,12,0.1158,0.8145
13-1051.00,Cost Estimators,2025,39.89,1.2529,0.9554,0.6067,Business and Financial Operations,19,6,0.0331,0.8798
13-1051.00,Cost Estimators,2026,42.07,1.462,1.462,1.0268,Business and Financial Operations,19,3,0.0331,0.8798
13-1071.00,Human Resources Specialists,2020,26.92,1.522,-2.0585,1.8692,Business and Financial Operations,15,16,0.1707,0.7525
13-1071.00,Human Resources Specialists,2021,27.89,1.2086,-1.8331,1.2536,Business and Financial Operations,13,18,0.1617,0.7637
13-1071.00,Human Resources Specialists,2022,25.01,1.0972,-2.5024,0.1374,Business and Financial Operations,15,18,0.1907,0.7437
13-1071.00,Human Resources Specialists,2023,30.48,1.0609,-1.2313,-0.0717,Business and Financial Operations,15,15,0.1764,0.7572
13-1071.00,Human Resources Specialists,2024,35.79,1.1627,0.0026,0.0867,Business and Financial Operations,16,12,0.0767,0.8387
13-1071.00,Human Resources Specialists,2025,40.89,1.4796,1.1878,1.2195,Business and Financial Operations,18,6,0.0401,0.8715
13-1071.00,Human Resources Specialists,2026,41.45,1.3179,1.3179,0.6604,Business and Financial Operations,18,3,0.0401,0.8715
13-1074.00,Farm Labor Contractors,2020,23.2,-0.0941,-2.923,-2.6854,Business and Financial Operations,27,16,0.2638,0.6734
13-1074.00,Farm Labor Contractors,2021,23.02,-0.4279,-2.9648,-4.6583,Business and Financial Operations,25,18,0.2507,0.684
13-1074.00,Farm Labor Contractors,2022,22.04,-0.2204,-3.1925,-2.9087,Business and Financial Operations,26,18,0.2946,0.6435
13-1074.00,Farm Labor Contractors,2023,25.58,-0.249,-2.3699,-3.0609,Business and Financial Operations,27,15,0.2478,0.6806
13-1074.00,Farm Labor Contractors,2024,28.6,-0.4552,-1.6681,-3.9887,Business and Financial Operations,28,12,0.1493,0.7684
13-1074.00,Farm Labor Contractors,2025,32.53,-0.4158,-0.7549,-3.9036,Business and Financial Operations,34,6,0.0587,0.8581
13-1074.00,Farm Labor Contractors,2026,34.29,-0.3459,-0.3459,-3.5701,Business and Financial Operations,36,3,0.0254,0.8837
13-1075.00,Labor Relations Specialists,2020,26.03,1.1353,-2.2653,0.7795,Business and Financial Operations,16,16,0.217,0.7132
13-1075.00,Labor Relations Specialists,2021,27.41,1.0473,-1.9447,0.6709,Business and Financial Operations,14,18,0.211,0.7135
13-1075.00,Labor Relations Specialists,2022,24.65,0.9375,-2.586,-0.2318,Business and Financial Operations,15,18,0.2463,0.6844
13-1075.00,Labor Relations Specialists,2023,28.74,0.5957,-1.6356,-1.1332,Business and Financial Operations,15,15,0.2156,0.7142
13-1075.00,Labor Relations Specialists,2024,34.37,0.8432,-0.3273,-0.7182,Business and Financial Operations,17,12,0.1021,0.8111
13-1075.00,Labor Relations Specialists,2025,39.72,1.2143,0.9159,0.5025,Business and Financial Operations,19,6,0.0271,0.8781
13-1075.00,Labor Relations Specialists,2026,40.43,1.0809,1.0809,0.0578,Business and Financial Operations,19,3,0.0271,0.8781
13-1081.00,Logisticians,2020,25.36,0.8443,-2.421,-0.0408,Business and Financial Operations,17,16,0.1978,0.7278
13-1081.00,Logisticians,2021,27.01,0.9129,-2.0376,0.1853,Business and Financial Operations,15,18,0.2323,0.7076
13-1081.00,Logisticians,2022,25.41,1.2747,-2.4094,0.5477,Business and Financial Operations,16,18,0.2127,0.7152
13-1081.00,Logisticians,2023,30.78,1.1411,-1.1616,0.1113,Business and Financial Operations,16,15,0.1935,0.7284
13-1081.00,Logisticians,2024,35.49,1.0952,-0.0671,-0.0834,Business and Financial Operations,18,12,0.1135,0.8049
13-1081.00,Logisticians,2025,39.23,1.1032,0.802,0.2022,Business and Financial Operations,20,6,0.0365,0.8745
13-1081.00,Logisticians,2026,40.17,1.0205,1.0205,-0.0959,Business and Financial Operations,20,3,0.0365,0.8745
13-1081.01,Logistics Engineers,2020,24.83,0.614,-2.5442,-0.6897,Business and Financial Operations,17,16,0.2145,0.7091
13-1081.01,Logistics Engineers,2021,26.65,0.7919,-2.1213,-0.2517,Business and Financial Operations,15,18,0.2594,0.6826
13-1081.01,Logistics Engineers,2022,25.67,1.3901,-2.349,0.8143,Business and Financial Operations,16,18,0.2198,0.7102
13-1081.01,Logistics Engineers,2023,31.68,1.3817,-0.9524,0.6603,Business and Financial Operations,16,15,0.2025,0.722
13-1081.01,Logistics Engineers,2024,36.84,1.399,0.2466,0.6818,Business and Financial Operations,18,12,0.1365,0.7818
13-1081.01,Logistics Engineers,2025,38.96,1.042,0.7393,0.0368,Business and Financial Operations,21,6,0.0321,0.8886
13-1081.01,Logistics Engineers,2026,40.29,1.0483,1.0483,-0.0249,Business and Financial Operations,21,3,0.0321,0.8886
13-1081.02,Logistics Analysts,2020,24.75,0.5793,-2.5628,-0.7877,Business and Financial Operations,18,16,0.1992,0.7436
13-1081.02,Logistics Analysts,2021,26.64,0.7886,-2.1236,-0.2638,Business and Financial Operations,15,18,0.2465,0.6889
13-1081.02,Logistics Analysts,2022,25.21,1.186,-2.4559,0.3426,Business and Financial Operations,16,18,0.2187,0.7033
13-1081.02,Logistics Analysts,2023,30.96,1.1892,-1.1197,0.2211,Business and Financial Operations,17,15,0.2081,0.7342
13-1081.02,Logistics Analysts,2024,36.23,1.2617,0.1049,0.3361,Business and Financial Operations,19,12,0.1205,0.8131
13-1081.02,Logistics Analysts,2025,38.64,0.9695,0.6649,-0.1593,Business and Financial Operations,21,6,0.0434,0.8788
13-1081.02,Logistics Analysts,2026,40.27,1.0437,1.0437,-0.0368,Business and Financial Operations,21,3,0.0434,0.8788
13-1111.00,Management Analysts,2020,26.03,1.1353,-2.2653,0.7795,Business and Financial Operations,16,16,0.2141,0.7149
13-1111.00,Management Analysts,2021,26.97,0.8995,-2.0469,0.1368,Business and Financial Operations,15,18,0.2103,0.7339
13-1111.00,Management Analysts,2022,25.19,1.1771,-2.4605,0.322,Business and Financial Operations,15,18,0.2353,0.6926
13-1111.00,Management Analysts,2023,30.48,1.0609,-1.2313,-0.0717,Business and Financial Operations,16,15,0.2061,0.7387
13-1111.00,Management Analysts,2024,36.48,1.318,0.163,0.4778,Business and Financial Operations,17,12,0.1113,0.8005
13-1111.00,Management Analysts,2025,40.05,1.2891,0.9926,0.7047,Business and Financial Operations,19,6,0.0325,0.8723
13-1111.00,Management Analysts,2026,41.09,1.2342,1.2342,0.4477,Business and Financial Operations,19,3,0.0325,0.8723
13-1121.00,"Meeting, Convention, and Event Planners",2020,24.75,0.5793,-2.5628,-0.7877,Business and Financial Operations,21,16,0.2309,0.6961
13-1121.00,"Meeting, Convention, and Event Planners",2021,26.51,0.7449,-2.1538,-0.4216,Business and Financial Operations,18,18,0.2681,0.669
13-1121.00,"Meeting, Convention, and Event Planners",2022,23.59,0.4672,-2.8323,-1.3189,Business and Financial Operations,20,18,0.2565,0.6774
13-1121.00,"Meeting, Convention, and Event Planners",2023,29.02,0.6706,-1.5705,-0.9624,Business and Financial Operations,20,15,0.2242,0.7034
13-1121.00,"Meeting, Convention, and Event Planners",2024,33.69,0.6902,-0.4853,-1.1036,Business and Financial Operations,22,12,0.1467,0.7787
13-1121.00,"Meeting, Convention, and Event Planners",2025,36.88,0.5704,0.2559,-1.2379,Business and Financial Operations,25,6,0.0497,0.8609
13-1121.00,"Meeting, Convention, and Event Planners",2026,37.37,0.3698,0.3698,-1.7503,Business and Financial Operations,26,3,0.0369,0.8729
13-1131.00,Fundraisers,2020,26.73,1.4394,-2.1027,1.6365,Business and Financial Operations,16,16,0.2236,0.7172
13-1131.00,Fundraisers,2021,27.5,1.0776,-1.9238,0.7802,Business and Financial Operations,14,18,0.2178,0.7223
13-1131.00,Fundraisers,2022,25.84,1.4655,-2.3095,0.9887,Business and Financial Operations,15,18,0.2369,0.7034
13-1131.00,Fundraisers,2023,31.27,1.2721,-1.0477,0.4102,Business and Financial Operations,15,15,0.2041,0.7318
13-1131.00,Fundraisers,2024,36.04,1.219,0.0607,0.2284,Business and Financial Operations,16,12,0.125,0.7908
13-1131.00,Fundraisers,2025,39.4,1.1418,0.8415,0.3064,Business and Financial Operations,18,6,0.0286,0.8775
13-1131.00,Fundraisers,2026,40.45,1.0855,1.0855,0.0696,Business and Financial Operations,18,3,0.0286,0.8775
13-1141.00,"Compensation, Benefits, and Job Analysis Specialists",2020,25.6,0.9485,-2.3653,0.253,Business and Financial Operations,16,16,0.192,0.7377
13-1141.00,"Compensation, Benefits, and Job Analysis Specialists",2021,27.11,0.9465,-2.0144,0.3067,Business and Financial Operations,14,18,0.2017,0.7214
13-1141.00,"Compensation, Benefits, and Job Analysis Specialists",2022,25.47,1.3013,-2.3955,0.6092,Business and Financial Operations,15,18,0.2183,0.7133
13-1141.00,"Compensation, Benefits, and Job Analysis Specialists",2023,30.93,1.1812,-1.1267,0.2028,Business and Financial Operations,16,15,0.192,0.752
13-1141.00,"Compensation, Benefits, and Job Analysis Specialists",2024,36.57,1.3382,0.1839,0.5288,Business and Financial Operations,17,12,0.093,0.817
13-1141.00,"Compensation, Benefits, and Job Analysis Specialists",2025,39.74,1.2189,0.9205,0.5148,Business and Financial Operations,19,6,0.0382,0.878
13-1141.00,"Compensation, Benefits, and Job Analysis Specialists",2026,40.98,1.2087,1.2087,0.3827,Business and Financial Operations,19,3,0.0382,0.878
13-1151.00,Training and Development Specialists,2020,26.39,1.2917,-2.1817,1.2203,Business and Financial Operations,17,16,0.2173,0.7147
13-1151.00,Training and Development Specialists,2021,27.73,1.1549,-1.8703,1.0594,Business and Financial Operations,15,18,0.2236,0.7165
13-1151.00,Training and Development Specialists,2022,23.75,0.5382,-2.7952,-1.1548,Business and Financial Operations,16,18,0.247,0.6856
13-1151.00,Training and Development Specialists,2023,28.62,0.5637,-1.6635,-1.2064,Business and Financial Operations,16,15,0.2171,0.7153
13-1151.00,Training and Development Specialists,2024,33.59,0.6677,-0.5086,-1.1603,Business and Financial Operations,18,12,0.115,0.8133
13-1151.00,Training and Development Specialists,2025,37.49,0.7087,0.3977,-0.8641,Business and Financial Operations,20,6,0.0246,0.886
13-1151.00,Training and Development Specialists,2026,38.15,0.5511,0.5511,-1.2894,Business and Financial Operations,20,3,0.0246,0.886
13-1161.00,Market Research Analysts and Marketing Specialists,2020,25.15,0.753,-2.4698,-0.2979,Business and Financial Operations,17,16,0.2069,0.7309
13-1161.00,Market Research Analysts and Marketing Specialists,2021,26.62,0.7818,-2.1282,-0.2881,Business and Financial Operations,14,18,0.2243,0.7014
13-1161.00,Market Research Analysts and Marketing Specialists,2022,24.81,1.0085,-2.5488,-0.0677,Business and Financial Operations,16,18,0.2155,0.7207
13-1161.00,Market Research Analysts and Marketing Specialists,2023,30.99,1.1973,-1.1128,0.2394,Business and Financial Operations,16,15,0.2051,0.7342
13-1161.00,Market Research Analysts and Marketing Specialists,2024,36.92,1.417,0.2652,0.7271,Business and Financial Operations,18,12,0.1246,0.806
13-1161.00,Market Research Analysts and Marketing Specialists,2025,39.86,1.2461,0.9484,0.5883,Business and Financial Operations,20,6,0.0365,0.8879
13-1161.00,Market Research Analysts and Marketing Specialists,2026,41.29,1.2807,1.2807,0.5659,Business and Financial Operations,20,3,0.0365,0.8879
13-1161.01,Search Marketing Strategists,2020,25.95,1.1006,-2.2839,0.6815,Business and Financial Operations,16,16,0.2164,0.7154
13-1161.01,Search Marketing Strategists,2021,27.18,0.97,-1.9981,0.3917,Business and Financial Operations,14,18,0.2283,0.7019
13-1161.01,Search Marketing Strategists,2022,25.21,1.186,-2.4559,0.3426,Business and Financial Operations,15,18,0.2495,0.6874
13-1161.01,Search Marketing Strategists,2023,30.34,1.0235,-1.2638,-0.1571,Business and Financial Operations,15,15,0.2158,0.7108
13-1161.01,Search Marketing Strategists,2024,36.36,1.291,0.1351,0.4097,Business and Financial Operations,17,12,0.1225,0.7996
13-1161.01,Search Marketing Strategists,2025,39.34,1.1282,0.8276,0.2696,Business and Financial Operations,19,6,0.0377,0.8706
13-1161.01,Search Marketing Strategists,2026,40.27,1.0437,1.0437,-0.0368,Business and Financial Operations,19,3,0.0377,0.8706
13-1199.04,Business Continuity Planners,2020,25.07,0.7183,-2.4884,-0.3959,Business and Financial Operations,17,16,0.1984,0.735
13-1199.04,Business Continuity Planners,2021,26.8,0.8423,-2.0864,-0.0696,Business and Financial Operations,15,18,0.2202,0.72
13-1199.04,Business Continuity Planners,2022,24.52,0.8798,-2.6162,-0.3651,Business and Financial Operations,16,18,0.2247,0.7088
13-1199.04,Business Continuity Planners,2023,30.07,0.9513,-1.3265,-0.3218,Business and Financial Operations,16,15,0.2034,0.729
13-1199.04,Business Continuity Planners,2024,36.69,1.3652,0.2118,0.5968,Business and Financial Operations,18,12,0.1067,0.81
13-1199.04,Business Continuity Planners,2025,39.96,1.2687,0.9717,0.6496,Business and Financial Operations,20,6,0.04,0.8717
13-1199.04,Business Continuity Planners,2026,41.01,1.2157,1.2157,0.4005,Business and Financial Operations,20,3,0.04,0.8717
13-1199.05,Sustainability Specialists,2020,25.4,0.8617,-2.4117,0.0082,Business and Financial Operations,17,16,0.2094,0.7294
13-1199.05,Sustainability Specialists,2021,27.12,0.9499,-2.0121,0.3189,Business and Financial Operations,14,18,0.2368,0.6878
13-1199.05,Sustainability Specialists,2022,24.61,0.9198,-2.5953,-0.2728,Business and Financial Operations,16,18,0.2225,0.7138
13-1199.05,Sustainability Specialists,2023,30.39,1.0369,-1.2522,-0.1266,Business and Financial Operations,16,15,0.2003,0.7329
13-1199.05,Sustainability Specialists,2024,35.77,1.1582,-0.002,0.0753,Business and Financial Operations,18,12,0.1158,0.8168
13-1199.05,Sustainability Specialists,2025,39.28,1.1146,0.8136,0.2329,Business and Financial Operations,20,6,0.0362,0.8788
13-1199.05,Sustainability Specialists,2026,40.22,1.0321,1.0321,-0.0663,Business and Financial Operations,20,3,0.0362,0.8788
13-1199.06,Online Merchants,2020,25.91,1.0832,-2.2932,0.6326,Business and Financial Operations,17,16,0.2009,0.7213
13-1199.06,Online Merchants,2021,27.24,0.9902,-1.9842,0.4645,Business and Financial Operations,14,18,0.243,0.6948
13-1199.06,Online Merchants,2022,26.01,1.5409,-2.27,1.1631,Business and Financial Operations,16,18,0.2067,0.7192
13-1199.06,Online Merchants,2023,31.81,1.4165,-0.9222,0.7396,Business and Financial Operations,16,15,0.1955,0.7325
13-1199.06,Online Merchants,2024,36.79,1.3877,0.235,0.6535,Business and Financial Operations,17,12,0.1419,0.7748
13-1199.06,Online Merchants,2025,40.12,1.305,1.0088,0.7476,Business and Financial Operations,20,6,0.0419,0.877
13-1199.06,Online Merchants,2026,41.45,1.3179,1.3179,0.6604,Business and Financial Operations,20,3,0.0415,0.877
13-1199.07,Security Management Specialists,2020,23.8,0.1666,-2.7835,-1.9508,Business and Financial Operations,21,16,0.2159,0.7124
13-1199.07,Security Management Specialists,2021,25.87,0.5298,-2.3025,-1.1986,Business and Financial Operations,18,18,0.2575,0.6769
13-1199.07,Security Management Specialists,2022,23.18,0.2853,-2.9276,-1.7394,Business and Financial Operations,20,18,0.2577,0.6725
13-1199.07,Security Management Specialists,2023,28.24,0.4621,-1.7518,-1.4382,Business and Financial Operations,20,15,0.233,0.6959
13-1199.07,Security Management Specialists,2024,33.8,0.7149,-0.4598,-1.0413,Business and Financial Operations,22,12,0.1328,0.7871
13-1199.07,Security Management Specialists,2025,36.86,0.5659,0.2513,-1.2501,Business and Financial Operations,26,6,0.0699,0.846
13-1199.07,Security Management Specialists,2026,37.94,0.5023,0.5023,-1.4135,Business and Financial Operations,27,3,0.0549,0.8564
13-2011.00,Accountants and Auditors,2020,25.07,0.7183,-2.4884,-0.3959,Business and Financial Operations,16,16,0.1863,0.744
13-2011.00,Accountants and Auditors,2021,26.68,0.802,-2.1143,-0.2153,Business and Financial Operations,14,18,0.1952,0.726
13-2011.00,Accountants and Auditors,2022,25.11,1.1416,-2.4791,0.24,Business and Financial Operations,15,18,0.1975,0.7345
13-2011.00,Accountants and Auditors,2023,32.0,1.4673,-0.8781,0.8555,Business and Financial Operations,15,15,0.1886,0.7335
13-2011.00,Accountants and Auditors,2024,36.74,1.3765,0.2234,0.6251,Business and Financial Operations,18,12,0.1,0.8316
13-2011.00,Accountants and Auditors,2025,39.94,1.2642,0.967,0.6373,Business and Financial Operations,19,6,0.0401,0.8693
13-2011.00,Accountants and Auditors,2026,41.81,1.4016,1.4016,0.8732,Business and Financial Operations,19,3,0.0401,0.8693
13-2022.00,Appraisers of Personal and Business Property,2020,24.8,0.601,-2.5512,-0.7264,Business and Financial Operations,19,16,0.1696,0.7558
13-2022.00,Appraisers of Personal and Business Property,2021,26.68,0.802,-2.1143,-0.2153,Business and Financial Operations,16,18,0.2289,0.7069
13-2022.00,Appraisers of Personal and Business Property,2022,24.41,0.831,-2.6418,-0.4779,Business and Financial Operations,18,18,0.2112,0.7199
13-2022.00,Appraisers of Personal and Business Property,2023,30.49,1.0636,-1.2289,-0.0656,Business and Financial Operations,18,15,0.2054,0.7244
13-2022.00,Appraisers of Personal and Business Property,2024,34.91,0.9647,-0.2018,-0.4121,Business and Financial Operations,20,12,0.1229,0.8027
13-2022.00,Appraisers of Personal and Business Property,2025,38.11,0.8493,0.5418,-0.4841,Business and Financial Operations,23,6,0.043,0.8752
13-2022.00,Appraisers of Personal and Business Property,2026,39.94,0.967,0.967,-0.2317,Business and Financial Operations,23,3,0.0374,0.8752
13-2023.00,Appraisers and Assessors of Real Estate,2020,24.76,0.5836,-2.5605,-0.7754,Business and Financial Operations,20,16,0.1661,0.7569
13-2023.00,Appraisers and Assessors of Real Estate,2021,26.91,0.8793,-2.0609,0.0639,Business and Financial Operations,18,18,0.2035,0.7247
13-2023.00,Appraisers and Assessors of Real Estate,2022,24.73,0.973,-2.5674,-0.1497,Business and Financial Operations,19,18,0.1966,0.7382
13-2023.00,Appraisers and Assessors of Real Estate,2023,31.05,1.2133,-1.0988,0.276,Business and Financial Operations,19,15,0.1937,0.7268
13-2023.00,Appraisers and Assessors of Real Estate,2024,34.81,0.9422,-0.2251,-0.4688,Business and Financial Operations,22,12,0.1025,0.8202
13-2023.00,Appraisers and Assessors of Real Estate,2025,38.08,0.8425,0.5348,-0.5025,Business and Financial Operations,24,6,0.0432,0.8634
13-2023.00,Appraisers and Assessors of Real Estate,2026,39.7,0.9112,0.9112,-0.3736,Business and Financial Operations,25,3,0.0391,0.8787
13-2031.00,Budget Analysts,2020,25.0,0.6879,-2.5047,-0.4816,Business and Financial Operations,16,16,0.214,0.7237
13-2031.00,Budget Analysts,2021,26.5,0.7415,-2.1561,-0.4338,Business and Financial Operations,14,18,0.2396,0.698
13-2031.00,Budget Analysts,2022,25.9,1.4921,-2.2956,1.0502,Business and Financial Operations,15,18,0.1938,0.733
13-2031.00,Budget Analysts,2023,32.88,1.7025,-0.6736,1.3924,Business and Financial Operations,15,15,0.194,0.7329
13-2031.00,Budget Analysts,2024,37.89,1.6352,0.4906,1.277,Business and Financial Operations,17,12,0.1361,0.7899
13-2031.00,Budget Analysts,2025,40.34,1.3549,1.06,0.8825,Business and Financial Operations,19,6,0.0349,0.8787
13-2031.00,Budget Analysts,2026,41.76,1.3899,1.3899,0.8436,Business and Financial Operations,19,3,0.0349,0.8787
13-2041.00,Credit Analysts,2020,24.9,0.6444,-2.5279,-0.604,Business and Financial Operations,16,16,0.1902,0.7459
13-2041.00,Credit Analysts,2021,26.57,0.765,-2.1399,-0.3488,Business and Financial Operations,14,18,0.2102,0.7237
13-2041.00,Credit Analysts,2022,25.57,1.3457,-2.3722,0.7118,Business and Financial Operations,15,18,0.1842,0.7541
13-2041.00,Credit Analysts,2023,32.93,1.7159,-0.6619,1.4229,Business and Financial Operations,15,15,0.182,0.7505
13-2041.00,Credit Analysts,2024,37.68,1.588,0.4418,1.1579,Business and Financial Operations,17,12,0.1182,0.8094
13-2041.00,Credit Analysts,2025,40.16,1.3141,1.0181,0.7721,Business and Financial Operations,18,6,0.0415,0.867
13-2041.00,Credit Analysts,2026,42.83,1.6386,1.6386,1.4758,Business and Financial Operations,18,3,0.0415,0.867
13-2052.00,Personal Financial Advisors,2020,26.01,1.1267,-2.27,0.755,Business and Financial Operations,16,16,0.2128,0.7236
13-2052.00,Personal Financial Advisors,2021,27.18,0.97,-1.9981,0.3917,Business and Financial Operations,14,18,0.2115,0.7194
13-2052.00,Personal Financial Advisors,2022,25.98,1.5276,-2.277,1.1323,Business and Financial Operations,15,18,0.2053,0.7344
13-2052.00,Personal Financial Advisors,2023,32.76,1.6704,-0.7015,1.3192,Business and Financial Operations,15,15,0.1937,0.746
13-2052.00,Personal Financial Advisors,2024,36.9,1.4125,0.2606,0.7158,Business and Financial Operations,17,12,0.1208,0.7995
13-2052.00,Personal Financial Advisors,2025,40.06,1.2914,0.9949,0.7109,Business and Financial Operations,19,6,0.027,0.8876
13-2052.00,Personal Financial Advisors,2026,41.63,1.3597,1.3597,0.7668,Business and Financial Operations,19,3,0.027,0.8876
13-2053.00,Insurance Underwriters,2020,25.96,1.1049,-2.2816,0.6938,Business and Financial Operations,16,16,0.1803,0.7427
13-2053.00,Insurance Underwriters,2021,27.28,1.0036,-1.9749,0.5131,Business and Financial Operations,14,18,0.2021,0.7337
13-2053.00,Insurance Underwriters,2022,24.86,1.0307,-2.5372,-0.0164,Business and Financial Operations,15,18,0.2038,0.7217
13-2053.00,Insurance Underwriters,2023,30.77,1.1384,-1.1639,0.1052,Business and Financial Operations,15,15,0.1836,0.7354
13-2053.00,Insurance Underwriters,2024,36.88,1.408,0.2559,0.7045,Business and Financial Operations,17,12,0.1015,0.8172
13-2053.00,Insurance Underwriters,2025,40.41,1.3708,1.0762,0.9254,Business and Financial Operations,19,6,0.046,0.8604
13-2053.00,Insurance Underwriters,2026,42.14,1.4782,1.4782,1.0681,Business and Financial Operations,19,3,0.046,0.8604
13-2061.00,Financial Examiners,2020,25.54,0.9225,-2.3792,0.1796,Business and Financial Operations,16,16,0.1749,0.7498
13-2061.00,Financial Examiners,2021,27.16,0.9633,-2.0028,0.3674,Business and Financial Operations,14,18,0.1872,0.7363
13-2061.00,Financial Examiners,2022,25.33,1.2392,-2.428,0.4656,Business and Financial Operations,15,18,0.1946,0.7331
13-2061.00,Financial Examiners,2023,31.54,1.3443,-0.985,0.5749,Business and Financial Operations,15,15,0.1836,0.74
13-2061.00,Financial Examiners,2024,37.42,1.5295,0.3814,1.0106,Business and Financial Operations,17,12,0.0938,0.8162
13-2061.00,Financial Examiners,2025,40.17,1.3164,1.0205,0.7783,Business and Financial Operations,19,6,0.0337,0.8791
13-2061.00,Financial Examiners,2026,42.05,1.4573,1.4573,1.015,Business and Financial Operations,19,3,0.0337,0.8791
13-2071.00,Credit Counselors,2020,25.6,0.9485,-2.3653,0.253,Business and Financial Operations,16,16,0.2239,0.7152
13-2071.00,Credit Counselors,2021,26.99,0.9062,-2.0423,0.1611,Business and Financial Operations,14,18,0.2348,0.7133
13-2071.00,Credit Counselors,2022,25.19,1.1771,-2.4605,0.322,Business and Financial Operations,15,18,0.2374,0.6993
13-2071.00,Credit Counselors,2023,31.48,1.3282,-0.9989,0.5383,Business and Financial Operations,15,15,0.214,0.716
13-2071.00,Credit Counselors,2024,36.62,1.3495,0.1955,0.5571,Business and Financial Operations,17,12,0.1317,0.8009
13-2071.00,Credit Counselors,2025,39.46,1.1554,0.8555,0.3432,Business and Financial Operations,19,6,0.0349,0.8823
13-2071.00,Credit Counselors,2026,41.05,1.225,1.225,0.4241,Business and Financial Operations,19,3,0.0349,0.8823
13-2072.00,Loan Officers,2020,26.64,1.4003,-2.1236,1.5263,Business and Financial Operations,15,16,0.1828,0.7374
13-2072.00,Loan Officers,2021,27.6,1.1112,-1.9005,0.9016,Business and Financial Operations,13,18,0.1772,0.7418
13-2072.00,Loan Officers,2022,25.69,1.3989,-2.3444,0.8349,Business and Financial Operations,14,18,0.1794,0.74
13-2072.00,Loan Officers,2023,32.43,1.5822,-0.7781,1.1179,Business and Financial Operations,15,15,0.1721,0.7556
13-2072.00,Loan Officers,2024,36.99,1.4327,0.2815,0.7668,Business and Financial Operations,16,12,0.1089,0.8073
13-2072.00,Loan Officers,2025,40.51,1.3934,1.0995,0.9866,Business and Financial Operations,18,6,0.0325,0.8721
13-2072.00,Loan Officers,2026,42.51,1.5642,1.5642,1.2868,Business and Financial Operations,18,3,0.0325,0.8721
13-2081.00,"Tax Examiners and Collectors, and Revenue Agents",2020,25.67,0.9789,-2.349,0.3387,Business and Financial Operations,17,16,0.1714,0.7491
13-2081.00,"Tax Examiners and Collectors, and Revenue Agents",2021,27.08,0.9364,-2.0214,0.2703,Business and Financial Operations,15,18,0.191,0.7374
13-2081.00,"Tax Examiners and Collectors, and Revenue Agents",2022,24.82,1.0129,-2.5465,-0.0574,Business and Financial Operations,16,18,0.1757,0.7439
13-2081.00,"Tax Examiners and Collectors, and Revenue Agents",2023,31.45,1.3202,-1.0059,0.52,Business and Financial Operations,16,15,0.188,0.7374
13-2081.00,"Tax Examiners and Collectors, and Revenue Agents",2024,36.26,1.2685,0.1119,0.3531,Business and Financial Operations,18,12,0.1036,0.8116
13-2081.00,"Tax Examiners and Collectors, and Revenue Agents",2025,39.29,1.1168,0.816,0.239,Business and Financial Operations,20,6,0.0494,0.8699
13-2081.00,"Tax Examiners and Collectors, and Revenue Agents",2026,41.5,1.3295,1.3295,0.69,Business and Financial Operations,20,3,0.0494,0.8699
13-2082.00,Tax Preparers,2020,26.0,1.1223,-2.2723,0.7428,Business and Financial Operations,15,16,0.2157,0.7119
13-2082.00,Tax Preparers,2021,27.26,0.9969,-1.9795,0.4888,Business and Financial Operations,14,18,0.2349,0.7167
13-2082.00,Tax Preparers,2022,25.22,1.1904,-2.4536,0.3528,Business and Financial Operations,15,18,0.2217,0.7269
13-2082.00,Tax Preparers,2023,31.6,1.3603,-0.971,0.6115,Business and Financial Operations,15,15,0.2204,0.723
13-2082.00,Tax Preparers,2024,35.18,1.0254,-0.1391,-0.2591,Business and Financial Operations,17,12,0.1172,0.8154
13-2082.00,Tax Preparers,2025,39.44,1.1508,0.8508,0.3309,Business and Financial Operations,18,6,0.0494,0.8684
13-2082.00,Tax Preparers,2026,40.68,1.139,1.139,0.2055,Business and Financial Operations,18,3,0.0494,0.8684
13-2099.01,Financial Quantitative Analysts,2020,25.18,0.7661,-2.4629,-0.2612,Business and Financial Operations,16,16,0.2152,0.7206
13-2099.01,Financial Quantitative Analysts,2021,26.76,0.8289,-2.0957,-0.1182,Business and Financial Operations,14,18,0.2271,0.7081
13-2099.01,Financial Quantitative Analysts,2022,27.12,2.0334,-2.0121,2.3015,Business and Financial Operations,14,18,0.2019,0.7187
13-2099.01,Financial Quantitative Analysts,2023,33.7,1.9217,-0.483,1.8926,Business and Financial Operations,15,15,0.1911,0.7395
13-2099.01,Financial Quantitative Analysts,2024,39.11,1.9098,0.7741,1.9685,Business and Financial Operations,17,12,0.134,0.7894
13-2099.01,Financial Quantitative Analysts,2025,40.91,1.4841,1.1924,1.2318,Business and Financial Operations,19,6,0.0311,0.8884
13-2099.01,Financial Quantitative Analysts,2026,42.48,1.5572,1.5572,1.269,Business and Financial Operations,19,3,0.0311,0.8884
13-2099.04,"Fraud Examiners, Investigators and Analysts",2020,25.96,1.1049,-2.2816,0.6938,Business and Financial Operations,16,16,0.1874,0.7348
13-2099.04,"Fraud Examiners, Investigators and Analysts",2021,26.88,0.8692,-2.0678,0.0275,Business and Financial Operations,15,18,0.1979,0.742
13-2099.04,"Fraud Examiners, Investigators and Analysts",2022,24.94,1.0662,-2.5186,0.0656,Business and Financial Operations,15,18,0.2121,0.7097
13-2099.04,"Fraud Examiners, Investigators and Analysts",2023,30.93,1.1812,-1.1267,0.2028,Business and Financial Operations,16,15,0.2046,0.7342
13-2099.04,"Fraud Examiners, Investigators and Analysts",2024,36.3,1.2775,0.1212,0.3757,Business and Financial Operations,18,12,0.1077,0.823
13-2099.04,"Fraud Examiners, Investigators and Analysts",2025,39.48,1.1599,0.8601,0.3554,Business and Financial Operations,20,6,0.0421,0.8718
13-2099.04,"Fraud Examiners, Investigators and Analysts",2026,41.04,1.2226,1.2226,0.4182,Business and Financial Operations,20,3,0.0421,0.8718
15-1211.00,Computer Systems Analysts,2020,24.64,0.5315,-2.5884,0.0995,Computer and Mathematical,18,16,0.1943,0.7254
15-1211.00,Computer Systems Analysts,2021,26.43,0.718,-2.1724,-0.0007,Computer and Mathematical,15,18,0.2531,0.6725
15-1211.00,Computer Systems Analysts,2022,24.42,0.8355,-2.6395,-0.1788,Computer and Mathematical,17,18,0.2262,0.7009
15-1211.00,Computer Systems Analysts,2023,29.82,0.8845,-1.3846,-0.3097,Computer and Mathematical,18,15,0.2038,0.733
15-1211.00,Computer Systems Analysts,2024,34.64,0.9039,-0.2646,-0.7034,Computer and Mathematical,19,12,0.1298,0.7896
15-1211.00,Computer Systems Analysts,2025,38.07,0.8402,0.5325,-0.5972,Computer and Mathematical,21,6,0.0505,0.8571
15-1211.00,Computer Systems Analysts,2026,39.68,0.9066,0.9066,-0.5289,Computer and Mathematical,21,3,0.0505,0.8571
15-1211.01,Health Informatics Specialists,2020,25.11,0.7357,-2.4791,1.0665,Computer and Mathematical,18,16,0.2122,0.7176
15-1211.01,Health Informatics Specialists,2021,27.05,0.9263,-2.0283,1.3643,Computer and Mathematical,15,18,0.2428,0.6858
15-1211.01,Health Informatics Specialists,2022,24.33,0.7956,-2.6604,-0.267,Computer and Mathematical,17,18,0.2314,0.6984
15-1211.01,Health Informatics Specialists,2023,29.68,0.847,-1.4172,-0.4035,Computer and Mathematical,17,15,0.1992,0.7222
15-1211.01,Health Informatics Specialists,2024,35.17,1.0232,-0.1414,-0.3717,Computer and Mathematical,19,12,0.1108,0.8073
15-1211.01,Health Informatics Specialists,2025,38.77,0.9989,0.6951,-0.1037,Computer and Mathematical,21,6,0.0362,0.8704
15-1211.01,Health Informatics Specialists,2026,39.82,0.9391,0.9391,-0.434,Computer and Mathematical,21,3,0.0362,0.8704
15-1212.00,Information Security Analysts,2020,24.46,0.4533,-2.6302,-0.2708,Computer and Mathematical,18,16,0.1735,0.7577
15-1212.00,Information Security Analysts,2021,26.27,0.6642,-2.2096,-0.353,Computer and Mathematical,15,18,0.2284,0.7042
15-1212.00,Information Security Analysts,2022,23.73,0.5294,-2.7998,-0.8546,Computer and Mathematical,17,18,0.2177,0.7161
15-1212.00,Information Security Analysts,2023,28.86,0.6278,-1.6077,-0.9529,Computer and Mathematical,17,15,0.2054,0.7222
15-1212.00,Information Security Analysts,2024,35.41,1.0772,-0.0857,-0.2215,Computer and Mathematical,19,12,0.1063,0.819
15-1212.00,Information Security Analysts,2025,38.08,0.8425,0.5348,-0.5901,Computer and Mathematical,21,6,0.0537,0.8615
15-1212.00,Information Security Analysts,2026,40.05,0.9926,0.9926,-0.278,Computer and Mathematical,21,3,0.0537,0.8615
15-1221.00,Computer and Information Research Scientists,2020,23.83,0.1796,-2.7766,-1.5668,Computer and Mathematical,18,16,0.2164,0.7134
15-1221.00,Computer and Information Research Scientists,2021,25.88,0.5332,-2.3002,-1.2116,Computer and Mathematical,15,18,0.264,0.6693
15-1221.00,Computer and Information Research Scientists,2022,24.43,0.8399,-2.6372,-0.169,Computer and Mathematical,17,18,0.2291,0.7019
15-1221.00,Computer and Information Research Scientists,2023,30.2,0.9861,-1.2963,-0.0551,Computer and Mathematical,17,15,0.1981,0.7249
15-1221.00,Computer and Information Research Scientists,2024,36.09,1.2302,0.0724,0.2041,Computer and Mathematical,19,12,0.1281,0.7951
15-1221.00,Computer and Information Research Scientists,2025,39.29,1.1168,0.816,0.2629,Computer and Mathematical,21,6,0.0485,0.8725
15-1221.00,Computer and Information Research Scientists,2026,40.78,1.1622,1.1622,0.217,Computer and Mathematical,21,3,0.0485,0.8725
15-1231.00,Computer Network Support Specialists,2020,23.84,0.1839,-2.7743,-1.5463,Computer and Mathematical,21,16,0.1856,0.7505
15-1231.00,Computer Network Support Specialists,2021,25.88,0.5332,-2.3002,-1.2116,Computer and Mathematical,17,18,0.2662,0.6722
15-1231.00,Computer Network Support Specialists,2022,23.29,0.3341,-2.9021,-1.2855,Computer and Mathematical,19,18,0.236,0.6918
15-1231.00,Computer Network Support Specialists,2023,28.28,0.4728,-1.7425,-1.3414,Computer and Mathematical,20,15,0.2234,0.7066
15-1231.00,Computer Network Support Specialists,2024,33.31,0.6047,-0.5736,-1.5359,Computer and Mathematical,22,12,0.1284,0.7963
15-1231.00,Computer Network Support Specialists,2025,36.67,0.5228,0.2071,-1.5842,Computer and Mathematical,25,6,0.0645,0.8533
15-1231.00,Computer Network Support Specialists,2026,38.25,0.5743,0.5743,-1.4987,Computer and Mathematical,25,3,0.059,0.8533
15-1232.00,Computer User Support Specialists,2020,24.74,0.5749,-2.5651,0.3053,Computer and Mathematical,20,16,0.1939,0.7279
15-1232.00,Computer User Support Specialists,2021,26.37,0.6978,-2.1863,-0.1328,Computer and Mathematical,17,18,0.2632,0.6749
15-1232.00,Computer User Support Specialists,2022,23.06,0.2321,-2.9555,-1.5108,Computer and Mathematical,19,18,0.2357,0.7
15-1232.00,Computer User Support Specialists,2023,28.06,0.414,-1.7936,-1.4888,Computer and Mathematical,19,15,0.2276,0.6961
15-1232.00,Computer User Support Specialists,2024,32.49,0.4202,-0.7642,-2.0492,Computer and Mathematical,22,12,0.1179,0.8038
15-1232.00,Computer User Support Specialists,2025,36.36,0.4525,0.1351,-1.8027,Computer and Mathematical,24,6,0.0748,0.8472
15-1232.00,Computer User Support Specialists,2026,37.95,0.5046,0.5046,-1.7021,Computer and Mathematical,24,3,0.065,0.8472
15-1241.00,Computer Network Architects,2020,24.08,0.2882,-2.7185,-1.0525,Computer and Mathematical,19,16,0.1861,0.7409
15-1241.00,Computer Network Architects,2021,26.65,0.7919,-2.1213,0.4836,Computer and Mathematical,16,18,0.2412,0.692
15-1241.00,Computer Network Architects,2022,23.54,0.4451,-2.844,-1.0407,Computer and Mathematical,18,18,0.2191,0.7173
15-1241.00,Computer Network Architects,2023,29.38,0.7668,-1.4869,-0.6045,Computer and Mathematical,18,15,0.2117,0.7133
15-1241.00,Computer Network Architects,2024,35.71,1.1447,-0.0159,-0.0337,Computer and Mathematical,20,12,0.1182,0.8002
15-1241.00,Computer Network Architects,2025,38.87,1.0216,0.7184,-0.0332,Computer and Mathematical,23,6,0.0459,0.872
15-1241.00,Computer Network Architects,2026,40.35,1.0623,1.0623,-0.0746,Computer and Mathematical,23,3,0.0459,0.872
15-1241.01,Telecommunications Engineering Specialists,2020,23.78,0.1579,-2.7882,-1.6697,Computer and Mathematical,21,16,0.2131,0.7116
15-1241.01,Telecommunications Engineering Specialists,2021,25.89,0.5365,-2.2979,-1.1896,Computer and Mathematical,18,18,0.3019,0.6422
15-1241.01,Telecommunications Engineering Specialists,2022,23.95,0.627,-2.7487,-0.6391,Computer and Mathematical,21,18,0.229,0.7112
15-1241.01,Telecommunications Engineering Specialists,2023,28.65,0.5717,-1.6565,-1.0936,Computer and Mathematical,21,15,0.2149,0.7138
15-1241.01,Telecommunications Engineering Specialists,2024,33.46,0.6384,-0.5388,-1.442,Computer and Mathematical,22,12,0.1631,0.7604
15-1241.01,Telecommunications Engineering Specialists,2025,35.9,0.3482,0.0282,-2.127,Computer and Mathematical,26,6,0.0607,0.8585
15-1241.01,Telecommunications Engineering Specialists,2026,37.3,0.3535,0.3535,-2.1429,Computer and Mathematical,26,3,0.0568,0.8585
15-1242.00,Database Administrators,2020,24.29,0.3794,-2.6697,-0.6205,Computer and Mathematical,17,16,0.1765,0.7421
15-1242.00,Database Administrators,2021,26.18,0.634,-2.2305,-0.5511,Computer and Mathematical,15,18,0.2238,0.706
15-1242.00,Database Administrators,2022,24.48,0.8621,-2.6255,-0.1201,Computer and Mathematical,16,18,0.2086,0.7145
15-1242.00,Database Administrators,2023,29.8,0.8791,-1.3893,-0.3231,Computer and Mathematical,17,15,0.195,0.7409
15-1242.00,Database Administrators,2024,35.78,1.1605,0.0003,0.0101,Computer and Mathematical,19,12,0.0959,0.8285
15-1242.00,Database Administrators,2025,38.66,0.974,0.6696,-0.1813,Computer and Mathematical,21,6,0.0445,0.8801
15-1242.00,Database Administrators,2026,40.35,1.0623,1.0623,-0.0746,Computer and Mathematical,21,3,0.0445,0.8801
15-1243.00,Database Architects,2020,24.37,0.4142,-2.6511,-0.4559,Computer and Mathematical,17,16,0.1949,0.7306
15-1243.00,Database Architects,2021,26.28,0.6676,-2.2073,-0.3309,Computer and Mathematical,15,18,0.2455,0.6927
15-1243.00,Database Architects,2022,24.61,0.9198,-2.5953,0.0073,Computer and Mathematical,16,18,0.219,0.7053
15-1243.00,Database Architects,2023,29.99,0.9299,-1.3451,-0.1958,Computer and Mathematical,17,15,0.2103,0.7272
15-1243.00,Database Architects,2024,35.35,1.0637,-0.0996,-0.259,Computer and Mathematical,19,12,0.1046,0.8223
15-1243.00,Database Architects,2025,38.66,0.974,0.6696,-0.1813,Computer and Mathematical,20,6,0.0456,0.8616
15-1243.00,Database Architects,2026,40.18,1.0228,1.0228,-0.1899,Computer and Mathematical,20,3,0.0456,0.8616
15-1243.01,Data Warehousing Specialists,2020,24.79,0.5966,-2.5535,0.4081,Computer and Mathematical,17,16,0.1821,0.751
15-1243.01,Data Warehousing Specialists,2021,26.74,0.8222,-2.1004,0.6818,Computer and Mathematical,14,18,0.2205,0.7034
15-1243.01,Data Warehousing Specialists,2022,24.84,1.0218,-2.5419,0.2325,Computer and Mathematical,16,18,0.2036,0.7336
15-1243.01,Data Warehousing Specialists,2023,30.6,1.093,-1.2034,0.2129,Computer and Mathematical,16,15,0.1957,0.7381
15-1243.01,Data Warehousing Specialists,2024,36.29,1.2752,0.1188,0.3293,Computer and Mathematical,18,12,0.0977,0.8196
15-1243.01,Data Warehousing Specialists,2025,39.26,1.11,0.809,0.2417,Computer and Mathematical,20,6,0.0391,0.8795
15-1243.01,Data Warehousing Specialists,2026,40.94,1.1994,1.1994,0.3255,Computer and Mathematical,20,3,0.0391,0.8795
15-1244.00,Network and Computer Systems Administrators,2020,24.07,0.2839,-2.7208,-1.0731,Computer and Mathematical,21,16,0.2044,0.7233
15-1244.00,Network and Computer Systems Administrators,2021,25.81,0.5096,-2.3165,-1.3657,Computer and Mathematical,18,18,0.2805,0.657
15-1244.00,Network and Computer Systems Administrators,2022,23.45,0.4051,-2.8649,-1.1288,Computer and Mathematical,20,18,0.2446,0.6902
15-1244.00,Network and Computer Systems Administrators,2023,28.15,0.438,-1.7727,-1.4285,Computer and Mathematical,21,15,0.2151,0.7144
15-1244.00,Network and Computer Systems Administrators,2024,33.6,0.6699,-0.5063,-1.3544,Computer and Mathematical,23,12,0.1331,0.7921
15-1244.00,Network and Computer Systems Administrators,2025,37.45,0.6997,0.3884,-1.0343,Computer and Mathematical,25,6,0.0628,0.8466
15-1244.00,Network and Computer Systems Administrators,2026,38.95,0.737,0.737,-1.024,Computer and Mathematical,25,3,0.0628,0.8466
15-1251.00,Computer Programmers,2020,25.11,0.7357,-2.4791,1.0665,Computer and Mathematical,17,16,0.1824,0.7437
15-1251.00,Computer Programmers,2021,27.0,0.9095,-2.0399,1.2542,Computer and Mathematical,14,18,0.2479,0.6836
15-1251.00,Computer Programmers,2022,24.7,0.9597,-2.5744,0.0954,Computer and Mathematical,16,18,0.2001,0.7256
15-1251.00,Computer Programmers,2023,30.67,1.1117,-1.1871,0.2598,Computer and Mathematical,16,15,0.2033,0.7199
15-1251.00,Computer Programmers,2024,35.92,1.192,0.0329,0.0977,Computer and Mathematical,18,12,0.114,0.8109
15-1251.00,Computer Programmers,2025,38.98,1.0466,0.7439,0.0443,Computer and Mathematical,20,6,0.0474,0.8674
15-1251.00,Computer Programmers,2026,40.6,1.1204,1.1204,0.0949,Computer and Mathematical,20,3,0.0474,0.8674
15-1252.00,Software Developers,2020,24.98,0.6792,-2.5093,0.799,Computer and Mathematical,17,16,0.1906,0.7391
15-1252.00,Software Developers,2021,26.93,0.886,-2.0562,1.1001,Computer and Mathematical,14,18,0.2202,0.7062
15-1252.00,Software Developers,2022,24.51,0.8754,-2.6186,-0.0907,Computer and Mathematical,16,18,0.2259,0.7091
15-1252.00,Software Developers,2023,29.99,0.9299,-1.3451,-0.1958,Computer and Mathematical,16,15,0.2039,0.7253
15-1252.00,Software Developers,2024,36.59,1.3427,0.1886,0.5171,Computer and Mathematical,18,12,0.0975,0.8214
15-1252.00,Software Developers,2025,39.71,1.2121,0.9136,0.559,Computer and Mathematical,20,6,0.0325,0.8836
15-1252.00,Software Developers,2026,41.1,1.2366,1.2366,0.434,Computer and Mathematical,20,3,0.0325,0.8836
15-1253.00,Software Quality Assurance Analysts and Testers,2020,24.64,0.5315,-2.5884,0.0995,Computer and Mathematical,18,16,0.1817,0.7513
15-1253.00,Software Quality Assurance Analysts and Testers,2021,26.53,0.7516,-2.1492,0.2194,Computer and Mathematical,15,18,0.2268,0.7118
15-1253.00,Software Quality Assurance Analysts and Testers,2022,23.92,0.6136,-2.7557,-0.6685,Computer and Mathematical,17,18,0.2118,0.7218
15-1253.00,Software Quality Assurance Analysts and Testers,2023,29.91,0.9085,-1.3637,-0.2494,Computer and Mathematical,17,15,0.2067,0.7187
15-1253.00,Software Quality Assurance Analysts and Testers,2024,35.56,1.111,-0.0508,-0.1276,Computer and Mathematical,19,12,0.0964,0.8282
15-1253.00,Software Quality Assurance Analysts and Testers,2025,38.81,1.008,0.7044,-0.0755,Computer and Mathematical,21,6,0.0507,0.8622
15-1253.00,Software Quality Assurance Analysts and Testers,2026,40.6,1.1204,1.1204,0.0949,Computer and Mathematical,21,3,0.0507,0.8622
15-1254.00,Web Developers,2020,24.27,0.3707,-2.6743,-0.6616,Computer and Mathematical,19,16,0.175,0.7548
15-1254.00,Web Developers,2021,26.54,0.755,-2.1468,0.2415,Computer and Mathematical,15,18,0.2829,0.6498
15-1254.00,Web Developers,2022,25.08,1.1283,-2.4861,0.4676,Computer and Mathematical,17,18,0.2269,0.6973
15-1254.00,Web Developers,2023,29.85,0.8925,-1.3777,-0.2896,Computer and Mathematical,18,15,0.2112,0.7237
15-1254.00,Web Developers,2024,34.8,0.9399,-0.2274,-0.6033,Computer and Mathematical,19,12,0.1262,0.7915
15-1254.00,Web Developers,2025,37.82,0.7835,0.4744,-0.7734,Computer and Mathematical,21,6,0.0668,0.8427
15-1254.00,Web Developers,2026,39.23,0.802,0.802,-0.8341,Computer and Mathematical,21,3,0.0668,0.8427
15-1255.01,Video Game Designers,2020,23.85,0.1883,-2.7719,-1.5257,Computer and Mathematical,19,16,0.2235,0.7117
15-1255.01,Video Game Designers,2021,26.2,0.6407,-2.2258,-0.5071,Computer and Mathematical,16,18,0.3189,0.6327
15-1255.01,Video Game Designers,2022,23.48,0.4184,-2.8579,-1.0994,Computer and Mathematical,18,18,0.2754,0.669
15-1255.01,Video Game Designers,2023,28.9,0.6385,-1.5984,-0.9261,Computer and Mathematical,18,15,0.2368,0.6982
15-1255.01,Video Game Designers,2024,34.45,0.8612,-0.3087,-0.8224,Computer and Mathematical,19,12,0.153,0.7664
15-1255.01,Video Game Designers,2025,36.81,0.5546,0.2397,-1.4855,Computer and Mathematical,22,6,0.0457,0.8681
15-1255.01,Video Game Designers,2026,38.08,0.5348,0.5348,-1.614,Computer and Mathematical,22,3,0.0457,0.8681
15-1299.01,Web Administrators,2020,24.82,0.6097,-2.5465,0.4699,Computer and Mathematical,19,16,0.1726,0.7638
15-1299.01,Web Administrators,2021,26.57,0.765,-2.1399,0.3075,Computer and Mathematical,15,18,0.2346,0.6944
15-1299.01,Web Administrators,2022,24.07,0.6802,-2.7208,-0.5216,Computer and Mathematical,17,18,0.214,0.7086
15-1299.01,Web Administrators,2023,29.73,0.8604,-1.4056,-0.37,Computer and Mathematical,18,15,0.2012,0.7376
15-1299.01,Web Administrators,2024,34.96,0.9759,-0.1902,-0.5032,Computer and Mathematical,19,12,0.1118,0.8072
15-1299.01,Web Administrators,2025,39.11,1.076,0.7741,0.136,Computer and Mathematical,21,6,0.0559,0.8566
15-1299.01,Web Administrators,2026,40.58,1.1157,1.1157,0.0814,Computer and Mathematical,21,3,0.0559,0.8566
15-1299.02,Geographic Information Systems Technologists and Technicians,2020,24.76,0.5836,-2.5605,0.3464,Computer and Mathematical,18,16,0.1851,0.7356
15-1299.02,Geographic Information Systems Technologists and Technicians,2021,26.86,0.8625,-2.0725,0.946,Computer and Mathematical,15,18,0.2508,0.6757
15-1299.02,Geographic Information Systems Technologists and Technicians,2022,24.94,1.0662,-2.5186,0.3305,Computer and Mathematical,17,18,0.214,0.7157
15-1299.02,Geographic Information Systems Technologists and Technicians,2023,30.56,1.0823,-1.2127,0.1861,Computer and Mathematical,18,15,0.1995,0.739
15-1299.02,Geographic Information Systems Technologists and Technicians,2024,34.98,0.9804,-0.1856,-0.4906,Computer and Mathematical,20,12,0.1072,0.8199
15-1299.02,Geographic Information Systems Technologists and Technicians,2025,38.17,0.8629,0.5557,-0.5267,Computer and Mathematical,22,6,0.0522,0.8629
15-1299.02,Geographic Information Systems Technologists and Technicians,2026,40.05,0.9926,0.9926,-0.278,Computer and Mathematical,22,3,0.0522,0.8629
15-1299.03,Document Management Specialists,2020,24.6,0.5141,-2.5976,0.0173,Computer and Mathematical,18,16,0.1843,0.737
15-1299.03,Document Management Specialists,2021,26.29,0.6709,-2.2049,-0.3089,Computer and Mathematical,15,18,0.2347,0.6978
15-1299.03,Document Management Specialists,2022,23.22,0.3031,-2.9183,-1.3541,Computer and Mathematical,17,18,0.226,0.7001
15-1299.03,Document Management Specialists,2023,28.5,0.5316,-1.6914,-1.1941,Computer and Mathematical,18,15,0.2071,0.7276
15-1299.03,Document Management Specialists,2024,34.67,0.9107,-0.2576,-0.6847,Computer and Mathematical,19,12,0.1105,0.8127
15-1299.03,Document Management Specialists,2025,38.25,0.881,0.5743,-0.4703,Computer and Mathematical,22,6,0.0513,0.8709
15-1299.03,Document Management Specialists,2026,39.84,0.9438,0.9438,-0.4204,Computer and Mathematical,22,3,0.0513,0.8709
15-1299.05,Information Security Engineers,2020,25.75,1.0137,-2.3304,2.3831,Computer and Mathematical,17,16,0.1824,0.7399
15-1299.05,Information Security Engineers,2021,27.46,1.0641,-1.933,2.2669,Computer and Mathematical,15,18,0.2296,0.7072
15-1299.05,Information Security Engineers,2022,23.93,0.6181,-2.7533,-0.6587,Computer and Mathematical,16,18,0.2251,0.7042
15-1299.05,Information Security Engineers,2023,30.06,0.9486,-1.3289,-0.1489,Computer and Mathematical,16,15,0.2396,0.6953
15-1299.05,Information Security Engineers,2024,34.97,0.9782,-0.1879,-0.4969,Computer and Mathematical,19,12,0.1013,0.8314
15-1299.05,Information Security Engineers,2025,38.74,0.9921,0.6882,-0.1249,Computer and Mathematical,21,6,0.05,0.8699
15-1299.05,Information Security Engineers,2026,39.89,0.9554,0.9554,-0.3865,Computer and Mathematical,21,3,0.0492,0.8699
15-1299.08,Computer Systems Engineers/Architects,2020,24.11,0.3012,-2.7115,-0.9908,Computer and Mathematical,18,16,0.201,0.7339
15-1299.08,Computer Systems Engineers/Architects,2021,26.55,0.7583,-2.1445,0.2635,Computer and Mathematical,15,18,0.2444,0.6838
15-1299.08,Computer Systems Engineers/Architects,2022,23.85,0.5826,-2.7719,-0.7371,Computer and Mathematical,17,18,0.2241,0.7135
15-1299.08,Computer Systems Engineers/Architects,2023,29.52,0.8043,-1.4544,-0.5107,Computer and Mathematical,17,15,0.2051,0.7264
15-1299.08,Computer Systems Engineers/Architects,2024,35.62,1.1245,-0.0369,-0.0901,Computer and Mathematical,19,12,0.1061,0.8148
15-1299.08,Computer Systems Engineers/Architects,2025,39.15,1.0851,0.7834,0.1642,Computer and Mathematical,21,6,0.0413,0.8804
15-1299.08,Computer Systems Engineers/Architects,2026,40.14,1.0135,1.0135,-0.217,Computer and Mathematical,21,3,0.0413,0.8804
15-1299.09,Information Technology Project Managers,2020,25.05,0.7096,-2.4931,0.943,Computer and Mathematical,17,16,0.1939,0.7341
15-1299.09,Information Technology Project Managers,2021,26.67,0.7986,-2.1166,0.5277,Computer and Mathematical,15,18,0.2275,0.7155
15-1299.09,Information Technology Project Managers,2022,24.76,0.9863,-2.5605,0.1542,Computer and Mathematical,16,18,0.2108,0.7174
15-1299.09,Information Technology Project Managers,2023,30.48,1.0609,-1.2313,0.1325,Computer and Mathematical,16,15,0.1955,0.7301
15-1299.09,Information Technology Project Managers,2024,35.94,1.1965,0.0375,0.1102,Computer and Mathematical,18,12,0.1159,0.8045
15-1299.09,Information Technology Project Managers,2025,38.97,1.0443,0.7416,0.0373,Computer and Mathematical,20,6,0.0355,0.8776
15-1299.09,Information Technology Project Managers,2026,40.49,1.0948,1.0948,0.0203,Computer and Mathematical,20,3,0.0355,0.8776
15-2011.00,Actuaries,2020,25.04,0.7053,-2.4954,0.9224,Computer and Mathematical,16,16,0.1993,0.7318
15-2011.00,Actuaries,2021,26.47,0.7314,-2.1631,0.0874,Computer and Mathematical,14,18,0.2156,0.7202
15-2011.00,Actuaries,2022,26.44,1.7317,-2.1701,1.7995,Computer and Mathematical,15,18,0.1872,0.7448
15-2011.00,Actuaries,2023,33.42,1.8469,-0.5481,2.1022,Computer and Mathematical,15,15,0.1789,0.7511
15-2011.00,Actuaries,2024,39.0,1.885,0.7486,2.0255,Computer and Mathematical,17,12,0.1213,0.7988
15-2011.00,Actuaries,2025,41.08,1.5227,1.2319,1.5248,Computer and Mathematical,19,6,0.0331,0.8806
15-2011.00,Actuaries,2026,43.05,1.6897,1.6897,1.7564,Computer and Mathematical,19,3,0.0331,0.8806
15-2021.00,Mathematicians,2020,23.97,0.2404,-2.744,-1.2788,Computer and Mathematical,16,16,0.236,0.7056
15-2021.00,Mathematicians,2021,24.98,0.2307,-2.5093,-3.193,Computer and Mathematical,14,18,0.2441,0.6987
15-2021.00,Mathematicians,2022,26.89,1.9313,-2.0655,2.2402,Computer and Mathematical,14,18,0.2167,0.7055
15-2021.00,Mathematicians,2023,32.7,1.6544,-0.7154,1.6198,Computer and Mathematical,15,15,0.184,0.7565
15-2021.00,Mathematicians,2024,39.05,1.8963,0.7602,2.0568,Computer and Mathematical,17,12,0.1302,0.7954
15-2021.00,Mathematicians,2025,41.48,1.6134,1.3249,1.8068,Computer and Mathematical,18,6,0.0342,0.8819
15-2021.00,Mathematicians,2026,42.82,1.6363,1.6363,1.6004,Computer and Mathematical,18,3,0.0342,0.8819
15-2031.00,Operations Research Analysts,2020,24.76,0.5836,-2.5605,0.3464,Computer and Mathematical,16,16,0.2188,0.7227
15-2031.00,Operations Research Analysts,2021,26.2,0.6407,-2.2258,-0.5071,Computer and Mathematical,14,18,0.2222,0.713
15-2031.00,Operations Research Analysts,2022,25.9,1.4921,-2.2956,1.2706,Computer and Mathematical,15,18,0.2057,0.7338
15-2031.00,Operations Research Analysts,2023,32.48,1.5956,-0.7665,1.4724,Computer and Mathematical,15,15,0.1887,0.7535
15-2031.00,Operations Research Analysts,2024,39.1,1.9075,0.7718,2.0881,Computer and Mathematical,17,12,0.1186,0.8067
15-2031.00,Operations Research Analysts,2025,41.8,1.6859,1.3992,2.0324,Computer and Mathematical,18,6,0.0311,0.8805
15-2031.00,Operations Research Analysts,2026,43.28,1.7432,1.7432,1.9124,Computer and Mathematical,18,3,0.0311,0.8805
15-2041.00,Statisticians,2020,24.51,0.475,-2.6186,-0.1679,Computer and Mathematical,16,16,0.2131,0.7094
15-2041.00,Statisticians,2021,26.14,0.6205,-2.2398,-0.6392,Computer and Mathematical,14,18,0.2255,0.7002
15-2041.00,Statisticians,2022,26.28,1.6607,-2.2073,1.6428,Computer and Mathematical,15,18,0.1881,0.7353
15-2041.00,Statisticians,2023,33.77,1.9405,-0.4668,2.3367,Computer and Mathematical,15,15,0.1797,0.7413
15-2041.00,Statisticians,2024,37.97,1.6532,0.5092,1.3808,Computer and Mathematical,18,12,0.1292,0.7985
15-2041.00,Statisticians,2025,40.44,1.3776,1.0832,1.0736,Computer and Mathematical,19,6,0.0304,0.8827
15-2041.00,Statisticians,2026,42.53,1.5689,1.5689,1.4038,Computer and Mathematical,19,3,0.0304,0.8827
15-2041.01,Biostatisticians,2020,24.94,0.6618,-2.5186,0.7167,Computer and Mathematical,16,16,0.1951,0.7295
15-2041.01,Biostatisticians,2021,26.45,0.7247,-2.1677,0.0433,Computer and Mathematical,14,18,0.2075,0.7228
15-2041.01,Biostatisticians,2022,26.59,1.7982,-2.1352,1.9464,Computer and Mathematical,15,18,0.1961,0.7291
15-2041.01,Biostatisticians,2023,32.85,1.6945,-0.6805,1.7203,Computer and Mathematical,15,15,0.1775,0.7425
15-2041.01,Biostatisticians,2024,37.44,1.534,0.3861,1.0491,Computer and Mathematical,18,12,0.1029,0.828
15-2041.01,Biostatisticians,2025,40.95,1.4932,1.2017,1.4332,Computer and Mathematical,19,6,0.0296,0.891
15-2041.01,Biostatisticians,2026,42.67,1.6014,1.6014,1.4987,Computer and Mathematical,19,3,0.0295,0.891
15-2051.01,Business Intelligence Analysts,2020,25.29,0.8139,-2.4373,1.4368,Computer and Mathematical,15,16,0.2039,0.7199
15-2051.01,Business Intelligence Analysts,2021,26.58,0.7684,-2.1375,0.3295,Computer and Mathematical,14,18,0.1961,0.7395
15-2051.01,Business Intelligence Analysts,2022,25.82,1.4566,-2.3141,1.1923,Computer and Mathematical,14,18,0.2172,0.707
15-2051.01,Business Intelligence Analysts,2023,31.33,1.2881,-1.0338,0.702,Computer and Mathematical,15,15,0.1898,0.741
15-2051.01,Business Intelligence Analysts,2024,37.01,1.4372,0.2861,0.78,Computer and Mathematical,17,12,0.1015,0.8243
15-2051.01,Business Intelligence Analysts,2025,40.58,1.4093,1.1157,1.1723,Computer and Mathematical,18,6,0.0378,0.8732
15-2051.01,Business Intelligence Analysts,2026,42.21,1.4945,1.4945,1.1867,Computer and Mathematical,18,3,0.0378,0.8732
15-2051.02,Clinical Data Managers,2020,25.14,0.7487,-2.4722,1.1282,Computer and Mathematical,16,16,0.1799,0.7507
15-2051.02,Clinical Data Managers,2021,26.71,0.8121,-2.1073,0.6157,Computer and Mathematical,14,18,0.1997,0.7326
15-2051.02,Clinical Data Managers,2022,25.22,1.1904,-2.4536,0.6047,Computer and Mathematical,15,18,0.1967,0.7334
15-2051.02,Clinical Data Managers,2023,31.28,1.2748,-1.0454,0.6685,Computer and Mathematical,15,15,0.1918,0.7369
15-2051.02,Clinical Data Managers,2024,37.04,1.444,0.2931,0.7987,Computer and Mathematical,17,12,0.0938,0.8218
15-2051.02,Clinical Data Managers,2025,39.93,1.2619,0.9647,0.7141,Computer and Mathematical,19,6,0.0435,0.8794
15-2051.02,Clinical Data Managers,2026,41.31,1.2854,1.2854,0.5764,Computer and Mathematical,19,3,0.0435,0.8794
15-2099.01,Bioinformatics Technicians,2020,24.75,0.5793,-2.5628,0.3258,Computer and Mathematical,18,16,0.1804,0.7551
15-2099.01,Bioinformatics Technicians,2021,26.78,0.8356,-2.0911,0.7698,Computer and Mathematical,15,18,0.2588,0.6837
15-2099.01,Bioinformatics Technicians,2022,24.95,1.0706,-2.5163,0.3403,Computer and Mathematical,17,18,0.2188,0.7254
15-2099.01,Bioinformatics Technicians,2023,31.28,1.2748,-1.0454,0.6685,Computer and Mathematical,17,15,0.2255,0.7203
15-2099.01,Bioinformatics Technicians,2024,36.31,1.2797,0.1235,0.3418,Computer and Mathematical,18,12,0.1309,0.7849
15-2099.01,Bioinformatics Technicians,2025,39.61,1.1894,0.8903,0.4885,Computer and Mathematical,21,6,0.0563,0.8663
15-2099.01,Bioinformatics Technicians,2026,41.19,1.2575,1.2575,0.495,Computer and Mathematical,21,3,0.0563,0.8663
17-1011.00,"Architects, Except Landscape and Naval",2020,23.78,0.1579,-2.7882,-0.079,Architecture and Engineering,19,16,0.2074,0.7208
17-1011.00,"Architects, Except Landscape and Naval",2021,25.99,0.5701,-2.2746,0.1732,Architecture and Engineering,16,18,0.2835,0.6537
17-1011.00,"Architects, Except Landscape and Naval",2022,24.03,0.6625,-2.7301,-0.2745,Architecture and Engineering,17,18,0.2333,0.6913
17-1011.00,"Architects, Except Landscape and Naval",2023,29.42,0.7775,-1.4776,0.002,Architecture and Engineering,18,15,0.203,0.733
17-1011.00,"Architects, Except Landscape and Naval",2024,34.05,0.7712,-0.4017,-0.0741,Architecture and Engineering,20,12,0.1297,0.7975
17-1011.00,"Architects, Except Landscape and Naval",2025,37.87,0.7949,0.486,0.2243,Architecture and Engineering,22,6,0.0469,0.8609
17-1011.00,"Architects, Except Landscape and Naval",2026,38.99,0.7463,0.7463,-0.0074,Architecture and Engineering,22,3,0.0469,0.8609
17-1012.00,Landscape Architects,2020,24.58,0.5054,-2.6023,1.0909,Architecture and Engineering,18,16,0.2201,0.7118
17-1012.00,Landscape Architects,2021,26.99,0.9062,-2.0423,1.1157,Architecture and Engineering,15,18,0.2871,0.6523
17-1012.00,Landscape Architects,2022,24.48,0.8621,-2.6255,0.273,Architecture and Engineering,17,18,0.2448,0.6905
17-1012.00,Landscape Architects,2023,29.68,0.847,-1.4172,0.1615,Architecture and Engineering,17,15,0.2066,0.7255
17-1012.00,Landscape Architects,2024,34.6,0.8949,-0.2739,0.2014,Architecture and Engineering,18,12,0.1359,0.7799
17-1012.00,Landscape Architects,2025,37.84,0.7881,0.479,0.2064,Architecture and Engineering,21,6,0.0321,0.8789
17-1012.00,Landscape Architects,2026,39.03,0.7555,0.7555,0.0169,Architecture and Engineering,21,3,0.0321,0.8789
17-1021.00,Cartographers and Photogrammetrists,2020,23.46,0.0189,-2.8626,-0.5469,Architecture and Engineering,21,16,0.1776,0.7573
17-1021.00,Cartographers and Photogrammetrists,2021,24.88,0.1971,-2.5326,-0.8729,Architecture and Engineering,18,18,0.2599,0.6865
17-1021.00,Cartographers and Photogrammetrists,2022,23.29,0.3341,-2.9021,-1.1748,Architecture and Engineering,19,18,0.2211,0.7086
17-1021.00,Cartographers and Photogrammetrists,2023,28.53,0.5396,-1.6844,-0.544,Architecture and Engineering,20,15,0.2032,0.7232
17-1021.00,Cartographers and Photogrammetrists,2024,31.87,0.2806,-0.9083,-1.1661,Architecture and Engineering,22,12,0.1302,0.8033
17-1021.00,Cartographers and Photogrammetrists,2025,36.82,0.5568,0.242,-0.4042,Architecture and Engineering,24,6,0.0644,0.8455
17-1021.00,Cartographers and Photogrammetrists,2026,38.66,0.6696,0.6696,-0.2084,Architecture and Engineering,24,3,0.0644,0.8455
17-1022.00,Surveyors,2020,23.98,0.2448,-2.7417,0.2135,Architecture and Engineering,24,16,0.2157,0.7092
17-1022.00,Surveyors,2021,25.7,0.4727,-2.342,-0.1001,Architecture and Engineering,21,18,0.2718,0.6572
17-1022.00,Surveyors,2022,25.25,1.2037,-2.4466,1.2098,Architecture and Engineering,23,18,0.2336,0.7029
17-1022.00,Surveyors,2023,29.42,0.7775,-1.4776,0.002,Architecture and Engineering,24,15,0.2058,0.7252
17-1022.00,Surveyors,2024,32.69,0.4652,-0.7177,-0.7553,Architecture and Engineering,26,12,0.1508,0.7655
17-1022.00,Surveyors,2025,36.06,0.3845,0.0654,-0.8591,Architecture and Engineering,30,6,0.0675,0.8479
17-1022.00,Surveyors,2026,37.65,0.4349,0.4349,-0.8237,Architecture and Engineering,31,3,0.0523,0.8606
17-1022.01,Geodetic Surveyors,2020,23.01,-0.1766,-2.9671,-1.205,Architecture and Engineering,22,16,0.2097,0.7229
17-1022.01,Geodetic Surveyors,2021,24.7,0.1366,-2.5744,-1.0425,Architecture and Engineering,19,18,0.2484,0.6858
17-1022.01,Geodetic Surveyors,2022,23.99,0.6447,-2.7394,-0.3232,Architecture and Engineering,20,18,0.2207,0.7078
17-1022.01,Geodetic Surveyors,2023,29.75,0.8658,-1.4009,0.2045,Architecture and Engineering,21,15,0.2024,0.7201
17-1022.01,Geodetic Surveyors,2024,33.83,0.7217,-0.4528,-0.1843,Architecture and Engineering,23,12,0.139,0.7779
17-1022.01,Geodetic Surveyors,2025,37.88,0.7972,0.4883,0.2303,Architecture and Engineering,27,6,0.0747,0.8446
17-1022.01,Geodetic Surveyors,2026,39.83,0.9415,0.9415,0.5043,Architecture and Engineering,27,3,0.0627,0.8446
17-2011.00,Aerospace Engineers,2020,24.22,0.349,-2.6859,0.5645,Architecture and Engineering,18,16,0.2021,0.7275
17-2011.00,Aerospace Engineers,2021,26.56,0.7617,-2.1422,0.7104,Architecture and Engineering,15,18,0.2605,0.6788
17-2011.00,Aerospace Engineers,2022,25.03,1.1061,-2.4977,0.9421,Architecture and Engineering,17,18,0.2164,0.7145
17-2011.00,Aerospace Engineers,2023,31.38,1.3015,-1.0221,1.2045,Architecture and Engineering,17,15,0.2026,0.727
17-2011.00,Aerospace Engineers,2024,36.37,1.2932,0.1374,1.0879,Architecture and Engineering,18,12,0.1431,0.7715
17-2011.00,Aerospace Engineers,2025,39.51,1.1667,0.8671,1.206,Architecture and Engineering,21,6,0.0371,0.8667
17-2011.00,Aerospace Engineers,2026,40.92,1.1947,1.1947,1.1682,Architecture and Engineering,21,3,0.0371,0.8667
17-2021.00,Agricultural Engineers,2020,24.51,0.475,-2.6186,0.9886,Architecture and Engineering,20,16,0.2219,0.708
17-2021.00,Agricultural Engineers,2021,26.83,0.8524,-2.0794,0.9649,Architecture and Engineering,18,18,0.266,0.672
17-2021.00,Agricultural Engineers,2022,25.24,1.1993,-2.4489,1.1976,Architecture and Engineering,19,18,0.2296,0.7019
17-2021.00,Agricultural Engineers,2023,30.57,1.085,-1.2104,0.7076,Architecture and Engineering,20,15,0.1978,0.7291
17-2021.00,Agricultural Engineers,2024,35.98,1.2055,0.0468,0.8926,Architecture and Engineering,21,12,0.1405,0.7753
17-2021.00,Agricultural Engineers,2025,38.31,0.8946,0.5882,0.4877,Architecture and Engineering,25,6,0.0374,0.8772
17-2021.00,Agricultural Engineers,2026,39.93,0.9647,0.9647,0.5652,Architecture and Engineering,25,3,0.0318,0.8772
17-2031.00,Bioengineers and Biomedical Engineers,2020,23.97,0.2404,-2.744,0.1989,Architecture and Engineering,19,16,0.201,0.7278
17-2031.00,Bioengineers and Biomedical Engineers,2021,26.48,0.7348,-2.1608,0.635,Architecture and Engineering,16,18,0.258,0.6795
17-2031.00,Bioengineers and Biomedical Engineers,2022,24.49,0.8665,-2.6232,0.2851,Architecture and Engineering,17,18,0.2253,0.6978
17-2031.00,Bioengineers and Biomedical Engineers,2023,30.18,0.9807,-1.301,0.4683,Architecture and Engineering,18,15,0.1967,0.7346
17-2031.00,Bioengineers and Biomedical Engineers,2024,35.93,1.1942,0.0352,0.8675,Architecture and Engineering,20,12,0.1223,0.804
17-2031.00,Bioengineers and Biomedical Engineers,2025,39.34,1.1282,0.8276,1.1042,Architecture and Engineering,22,6,0.0453,0.8644
17-2031.00,Bioengineers and Biomedical Engineers,2026,40.75,1.1552,1.1552,1.0647,Architecture and Engineering,22,3,0.0453,0.8644
17-2041.00,Chemical Engineers,2020,23.91,0.2144,-2.758,0.1111,Architecture and Engineering,18,16,0.1919,0.7318
17-2041.00,Chemical Engineers,2021,26.17,0.6306,-2.2328,0.3429,Architecture and Engineering,16,18,0.2502,0.6962
17-2041.00,Chemical Engineers,2022,24.58,0.9065,-2.6023,0.3946,Architecture and Engineering,17,18,0.2157,0.7227
17-2041.00,Chemical Engineers,2023,30.39,1.0369,-1.2522,0.5971,Architecture and Engineering,17,15,0.205,0.7245
17-2041.00,Chemical Engineers,2024,36.58,1.3405,0.1862,1.1931,Architecture and Engineering,19,12,0.1253,0.7957
17-2041.00,Chemical Engineers,2025,38.73,0.9899,0.6858,0.7391,Architecture and Engineering,22,6,0.0399,0.8863
17-2041.00,Chemical Engineers,2026,40.45,1.0855,1.0855,0.8819,Architecture and Engineering,22,3,0.0399,0.8863
17-2051.00,Civil Engineers,2020,24.25,0.3621,-2.679,0.6083,Architecture and Engineering,18,16,0.1974,0.7292
17-2051.00,Civil Engineers,2021,26.25,0.6575,-2.2142,0.4183,Architecture and Engineering,16,18,0.2606,0.685
17-2051.00,Civil Engineers,2022,24.87,1.0351,-2.5349,0.7474,Architecture and Engineering,17,18,0.2064,0.7219
17-2051.00,Civil Engineers,2023,30.94,1.1839,-1.1244,0.9346,Architecture and Engineering,18,15,0.1992,0.7432
17-2051.00,Civil Engineers,2024,34.94,0.9714,-0.1949,0.3717,Architecture and Engineering,19,12,0.1294,0.7925
17-2051.00,Civil Engineers,2025,38.58,0.9559,0.651,0.6493,Architecture and Engineering,22,6,0.0422,0.8748
17-2051.00,Civil Engineers,2026,39.95,0.9693,0.9693,0.5774,Architecture and Engineering,22,3,0.0422,0.8748
17-2051.01,Transportation Engineers,2020,24.41,0.4316,-2.6418,0.8423,Architecture and Engineering,18,16,0.1977,0.7425
17-2051.01,Transportation Engineers,2021,26.64,0.7886,-2.1236,0.7858,Architecture and Engineering,15,18,0.2493,0.6868
17-2051.01,Transportation Engineers,2022,25.38,1.2614,-2.4164,1.3679,Architecture and Engineering,16,18,0.2047,0.7197
17-2051.01,Transportation Engineers,2023,31.26,1.2694,-1.05,1.1309,Architecture and Engineering,17,15,0.1912,0.7521
17-2051.01,Transportation Engineers,2024,36.04,1.219,0.0607,0.9226,Architecture and Engineering,19,12,0.1235,0.8085
17-2051.01,Transportation Engineers,2025,38.93,1.0352,0.7323,0.8588,Architecture and Engineering,21,6,0.0325,0.8893
17-2051.01,Transportation Engineers,2026,40.54,1.1064,1.1064,0.9367,Architecture and Engineering,21,3,0.0325,0.8893
17-2051.02,Water/Wastewater Engineers,2020,24.1,0.2969,-2.7138,0.389,Architecture and Engineering,17,16,0.2171,0.7143
17-2051.02,Water/Wastewater Engineers,2021,26.19,0.6373,-2.2282,0.3617,Architecture and Engineering,15,18,0.2642,0.6787
17-2051.02,Water/Wastewater Engineers,2022,25.2,1.1815,-2.4582,1.1489,Architecture and Engineering,16,18,0.2237,0.7094
17-2051.02,Water/Wastewater Engineers,2023,31.35,1.2935,-1.0291,1.1861,Architecture and Engineering,16,15,0.2001,0.7208
17-2051.02,Water/Wastewater Engineers,2024,36.35,1.2887,0.1328,1.0779,Architecture and Engineering,18,12,0.1314,0.7885
17-2051.02,Water/Wastewater Engineers,2025,38.72,0.9876,0.6835,0.7331,Architecture and Engineering,21,6,0.0354,0.889
17-2051.02,Water/Wastewater Engineers,2026,40.27,1.0437,1.0437,0.7723,Architecture and Engineering,21,3,0.0354,0.889
17-2061.00,Computer Hardware Engineers,2020,24.13,0.3099,-2.7069,0.4329,Architecture and Engineering,19,16,0.1912,0.7422
17-2061.00,Computer Hardware Engineers,2021,26.72,0.8154,-2.105,0.8612,Architecture and Engineering,15,18,0.2638,0.6719
17-2061.00,Computer Hardware Engineers,2022,24.28,0.7734,-2.672,0.0296,Architecture and Engineering,18,18,0.2091,0.7296
17-2061.00,Computer Hardware Engineers,2023,29.61,0.8283,-1.4334,0.1186,Architecture and Engineering,18,15,0.2013,0.7355
17-2061.00,Computer Hardware Engineers,2024,35.43,1.0817,-0.081,0.6171,Architecture and Engineering,19,12,0.1202,0.8035
17-2061.00,Computer Hardware Engineers,2025,39.36,1.1327,0.8322,1.1162,Architecture and Engineering,21,6,0.0493,0.8611
17-2061.00,Computer Hardware Engineers,2026,40.49,1.0948,1.0948,0.9063,Architecture and Engineering,21,3,0.0493,0.8611
17-2071.00,Electrical Engineers,2020,24.18,0.3316,-2.6952,0.506,Architecture and Engineering,18,16,0.2022,0.7191
17-2071.00,Electrical Engineers,2021,26.52,0.7482,-2.1515,0.6727,Architecture and Engineering,15,18,0.2608,0.6706
17-2071.00,Electrical Engineers,2022,24.39,0.8222,-2.6464,0.1635,Architecture and Engineering,17,18,0.2142,0.7072
17-2071.00,Electrical Engineers,2023,30.68,1.1144,-1.1848,0.7751,Architecture and Engineering,17,15,0.2074,0.7138
17-2071.00,Electrical Engineers,2024,36.1,1.2325,0.0747,0.9527,Architecture and Engineering,19,12,0.1342,0.7854
17-2071.00,Electrical Engineers,2025,38.7,0.9831,0.6789,0.7211,Architecture and Engineering,22,6,0.0359,0.8764
17-2071.00,Electrical Engineers,2026,40.4,1.0739,1.0739,0.8515,Architecture and Engineering,22,3,0.0359,0.8764
17-2072.00,"Electronics Engineers, Except Computer",2020,22.93,-0.2114,-2.9857,-1.322,Architecture and Engineering,21,16,0.2097,0.7273
17-2072.00,"Electronics Engineers, Except Computer",2021,25.11,0.2744,-2.4791,-0.6561,Architecture and Engineering,17,18,0.2907,0.6462
17-2072.00,"Electronics Engineers, Except Computer",2022,23.7,0.516,-2.8068,-0.676,Architecture and Engineering,20,18,0.2318,0.7082
17-2072.00,"Electronics Engineers, Except Computer",2023,28.87,0.6305,-1.6054,-0.3354,Architecture and Engineering,20,15,0.1975,0.7235
17-2072.00,"Electronics Engineers, Except Computer",2024,34.34,0.8364,-0.3343,0.0711,Architecture and Engineering,22,12,0.1454,0.7823
17-2072.00,"Electronics Engineers, Except Computer",2025,37.12,0.6248,0.3117,-0.2246,Architecture and Engineering,25,6,0.0586,0.862
17-2072.00,"Electronics Engineers, Except Computer",2026,38.97,0.7416,0.7416,-0.0196,Architecture and Engineering,25,3,0.0577,0.862
17-2072.01,Radio Frequency Identification Device Specialists,2020,24.68,0.5489,-2.5791,1.2372,Architecture and Engineering,20,16,0.1965,0.7321
17-2072.01,Radio Frequency Identification Device Specialists,2021,26.08,0.6004,-2.2537,0.2581,Architecture and Engineering,17,18,0.2374,0.6993
17-2072.01,Radio Frequency Identification Device Specialists,2022,24.47,0.8577,-2.6279,0.2608,Architecture and Engineering,19,18,0.2087,0.7206
17-2072.01,Radio Frequency Identification Device Specialists,2023,29.5,0.7989,-1.459,0.0511,Architecture and Engineering,20,15,0.1852,0.7414
17-2072.01,Radio Frequency Identification Device Specialists,2024,34.56,0.8859,-0.2832,0.1813,Architecture and Engineering,21,12,0.1181,0.7994
17-2072.01,Radio Frequency Identification Device Specialists,2025,38.29,0.8901,0.5836,0.4757,Architecture and Engineering,24,6,0.0462,0.8683
17-2072.01,Radio Frequency Identification Device Specialists,2026,39.91,0.96,0.96,0.553,Architecture and Engineering,24,3,0.046,0.8683
17-2081.00,Environmental Engineers,2020,25.09,0.727,-2.4838,1.8367,Architecture and Engineering,17,16,0.2046,0.7196
17-2081.00,Environmental Engineers,2021,27.04,0.923,-2.0306,1.1628,Architecture and Engineering,15,18,0.2425,0.6981
17-2081.00,Environmental Engineers,2022,24.86,1.0307,-2.5372,0.7353,Architecture and Engineering,16,18,0.2334,0.7022
17-2081.00,Environmental Engineers,2023,30.74,1.1304,-1.1709,0.8119,Architecture and Engineering,16,15,0.2223,0.7148
17-2081.00,Environmental Engineers,2024,35.62,1.1245,-0.0369,0.7123,Architecture and Engineering,18,12,0.1187,0.7939
17-2081.00,Environmental Engineers,2025,39.6,1.1871,0.888,1.2599,Architecture and Engineering,20,6,0.0324,0.8711
17-2081.00,Environmental Engineers,2026,40.73,1.1506,1.1506,1.0525,Architecture and Engineering,20,3,0.0324,0.8711
17-2111.00,"Health and Safety Engineers, Except Mining Safety Engineers and Inspectors",2020,24.8,0.601,-2.5512,1.4126,Architecture and Engineering,20,16,0.2125,0.7202
17-2111.00,"Health and Safety Engineers, Except Mining Safety Engineers and Inspectors",2021,27.07,0.9331,-2.0237,1.1911,Architecture and Engineering,18,18,0.2625,0.6737
17-2111.00,"Health and Safety Engineers, Except Mining Safety Engineers and Inspectors",2022,24.69,0.9553,-2.5767,0.5285,Architecture and Engineering,19,18,0.2611,0.6758
17-2111.00,"Health and Safety Engineers, Except Mining Safety Engineers and Inspectors",2023,29.28,0.7401,-1.5101,-0.0839,Architecture and Engineering,20,15,0.2386,0.6998
17-2111.00,"Health and Safety Engineers, Except Mining Safety Engineers and Inspectors",2024,34.32,0.8319,-0.3389,0.0611,Architecture and Engineering,21,12,0.1341,0.7795
17-2111.00,"Health and Safety Engineers, Except Mining Safety Engineers and Inspectors",2025,36.47,0.4775,0.1607,-0.6137,Architecture and Engineering,25,6,0.0509,0.8641
17-2111.00,"Health and Safety Engineers, Except Mining Safety Engineers and Inspectors",2026,38.17,0.5557,0.5557,-0.5069,Architecture and Engineering,25,3,0.0407,0.8641
17-2111.02,Fire-Prevention and Protection Engineers,2020,24.06,0.2795,-2.7231,0.3305,Architecture and Engineering,18,16,0.1732,0.7542
17-2111.02,Fire-Prevention and Protection Engineers,2021,26.61,0.7785,-2.1306,0.7575,Architecture and Engineering,15,18,0.232,0.6943
17-2111.02,Fire-Prevention and Protection Engineers,2022,24.25,0.7601,-2.679,-0.0069,Architecture and Engineering,17,18,0.2103,0.7301
17-2111.02,Fire-Prevention and Protection Engineers,2023,30.01,0.9353,-1.3405,0.364,Architecture and Engineering,17,15,0.1913,0.7383
17-2111.02,Fire-Prevention and Protection Engineers,2024,35.07,1.0007,-0.1647,0.4368,Architecture and Engineering,19,12,0.1149,0.812
17-2111.02,Fire-Prevention and Protection Engineers,2025,38.28,0.8878,0.5813,0.4697,Architecture and Engineering,21,6,0.0507,0.8583
17-2111.02,Fire-Prevention and Protection Engineers,2026,39.83,0.9415,0.9415,0.5043,Architecture and Engineering,21,3,0.0507,0.8583
17-2112.00,Industrial Engineers,2020,24.65,0.5358,-2.586,1.1933,Architecture and Engineering,19,16,0.218,0.7208
17-2112.00,Industrial Engineers,2021,26.93,0.886,-2.0562,1.0591,Architecture and Engineering,16,18,0.2601,0.6702
17-2112.00,Industrial Engineers,2022,24.65,0.9375,-2.586,0.4798,Architecture and Engineering,18,18,0.2325,0.7004
17-2112.00,Industrial Engineers,2023,30.38,1.0342,-1.2545,0.591,Architecture and Engineering,19,15,0.2045,0.7311
17-2112.00,Industrial Engineers,2024,35.58,1.1155,-0.0462,0.6922,Architecture and Engineering,20,12,0.1298,0.7899
17-2112.00,Industrial Engineers,2025,38.33,0.8992,0.5929,0.4997,Architecture and Engineering,23,6,0.0366,0.8697
17-2112.00,Industrial Engineers,2026,39.97,0.974,0.974,0.5895,Architecture and Engineering,23,3,0.0355,0.8697
17-2112.01,Human Factors Engineers and Ergonomists,2020,24.41,0.4316,-2.6418,0.8423,Architecture and Engineering,17,16,0.2045,0.718
17-2112.01,Human Factors Engineers and Ergonomists,2021,26.31,0.6777,-2.2003,0.4748,Architecture and Engineering,15,18,0.2371,0.6947
17-2112.01,Human Factors Engineers and Ergonomists,2022,25.01,1.0972,-2.5024,0.9178,Architecture and Engineering,16,18,0.2246,0.7035
17-2112.01,Human Factors Engineers and Ergonomists,2023,30.69,1.1171,-1.1825,0.7812,Architecture and Engineering,16,15,0.2034,0.7219
17-2112.01,Human Factors Engineers and Ergonomists,2024,35.09,1.0052,-0.16,0.4468,Architecture and Engineering,19,12,0.112,0.8203
17-2112.01,Human Factors Engineers and Ergonomists,2025,38.94,1.0375,0.7346,0.8648,Architecture and Engineering,20,6,0.0271,0.88
17-2112.01,Human Factors Engineers and Ergonomists,2026,40.19,1.0251,1.0251,0.7235,Architecture and Engineering,20,3,0.0262,0.88
17-2112.02,Validation Engineers,2020,24.64,0.5315,-2.5884,1.1787,Architecture and Engineering,18,16,0.1948,0.7359
17-2112.02,Validation Engineers,2021,26.7,0.8087,-2.1097,0.8424,Architecture and Engineering,15,18,0.2252,0.7002
17-2112.02,Validation Engineers,2022,24.53,0.8843,-2.6139,0.3338,Architecture and Engineering,17,18,0.2056,0.7265
17-2112.02,Validation Engineers,2023,30.7,1.1197,-1.1801,0.7873,Architecture and Engineering,18,15,0.1927,0.7382
17-2112.02,Validation Engineers,2024,36.34,1.2865,0.1305,1.0729,Architecture and Engineering,19,12,0.1159,0.8012
17-2112.02,Validation Engineers,2025,39.01,1.0534,0.7509,0.9067,Architecture and Engineering,22,6,0.0381,0.8735
17-2112.02,Validation Engineers,2026,40.87,1.1831,1.1831,1.1378,Architecture and Engineering,22,3,0.0381,0.8735
17-2112.03,Manufacturing Engineers,2020,24.22,0.349,-2.6859,0.5645,Architecture and Engineering,22,16,0.2252,0.7061
17-2112.03,Manufacturing Engineers,2021,26.65,0.7919,-2.1213,0.7952,Architecture and Engineering,19,18,0.2951,0.641
17-2112.03,Manufacturing Engineers,2022,25.41,1.2747,-2.4094,1.4044,Architecture and Engineering,21,18,0.2384,0.693
17-2112.03,Manufacturing Engineers,2023,30.3,1.0128,-1.2731,0.5419,Architecture and Engineering,22,15,0.2142,0.7164
17-2112.03,Manufacturing Engineers,2024,34.86,0.9534,-0.2135,0.3316,Architecture and Engineering,24,12,0.1474,0.7752
17-2112.03,Manufacturing Engineers,2025,37.47,0.7042,0.393,-0.0151,Architecture and Engineering,27,6,0.062,0.8514
17-2112.03,Manufacturing Engineers,2026,38.41,0.6115,0.6115,-0.3607,Architecture and Engineering,28,3,0.0515,0.8633
17-2121.00,Marine Engineers and Naval Architects,2020,22.99,-0.1853,-2.9718,-1.2342,Architecture and Engineering,24,16,0.2217,0.7009
17-2121.00,Marine Engineers and Naval Architects,2021,24.53,0.0795,-2.6139,-1.2027,Architecture and Engineering,22,18,0.2716,0.6626
17-2121.00,Marine Engineers and Naval Architects,2022,24.24,0.7556,-2.6813,-0.019,Architecture and Engineering,23,18,0.2492,0.6777
17-2121.00,Marine Engineers and Naval Architects,2023,28.48,0.5262,-1.696,-0.5747,Architecture and Engineering,25,15,0.2098,0.7214
17-2121.00,Marine Engineers and Naval Architects,2024,33.44,0.6339,-0.5434,-0.3797,Architecture and Engineering,27,12,0.1414,0.7784
17-2121.00,Marine Engineers and Naval Architects,2025,36.69,0.5273,0.2118,-0.482,Architecture and Engineering,30,6,0.0645,0.8452
17-2121.00,Marine Engineers and Naval Architects,2026,37.5,0.4,0.4,-0.915,Architecture and Engineering,32,3,0.0495,0.8648
17-2131.00,Materials Engineers,2020,23.5,0.0362,-2.8533,-0.4884,Architecture and Engineering,19,16,0.1999,0.7251
17-2131.00,Materials Engineers,2021,26.02,0.5802,-2.2677,0.2015,Architecture and Engineering,16,18,0.2628,0.6716
17-2131.00,Materials Engineers,2022,24.67,0.9464,-2.5814,0.5041,Architecture and Engineering,18,18,0.226,0.7055
17-2131.00,Materials Engineers,2023,30.44,1.0502,-1.2406,0.6278,Architecture and Engineering,19,15,0.1924,0.7319
17-2131.00,Materials Engineers,2024,35.95,1.1987,0.0398,0.8776,Architecture and Engineering,20,12,0.1242,0.7917
17-2131.00,Materials Engineers,2025,39.55,1.1758,0.8764,1.23,Architecture and Engineering,23,6,0.0479,0.8671
17-2131.00,Materials Engineers,2026,41.08,1.2319,1.2319,1.2657,Architecture and Engineering,23,3,0.0479,0.8671
17-2141.00,Mechanical Engineers,2020,24.05,0.2752,-2.7255,0.3159,Architecture and Engineering,19,16,0.2066,0.7232
17-2141.00,Mechanical Engineers,2021,26.54,0.755,-2.1468,0.6916,Architecture and Engineering,16,18,0.2663,0.6699
17-2141.00,Mechanical Engineers,2022,24.64,0.9331,-2.5884,0.4676,Architecture and Engineering,18,18,0.2183,0.7189
17-2141.00,Mechanical Engineers,2023,30.89,1.1705,-1.136,0.9039,Architecture and Engineering,18,15,0.2041,0.7282
17-2141.00,Mechanical Engineers,2024,35.86,1.1785,0.0189,0.8325,Architecture and Engineering,20,12,0.1375,0.7937
17-2141.00,Mechanical Engineers,2025,39.06,1.0647,0.7625,0.9366,Architecture and Engineering,22,6,0.042,0.8641
17-2141.00,Mechanical Engineers,2026,40.54,1.1064,1.1064,0.9367,Architecture and Engineering,22,3,0.042,0.8641
17-2141.01,Fuel Cell Engineers,2020,24.01,0.2578,-2.7347,0.2574,Architecture and Engineering,20,16,0.2177,0.7102
17-2141.01,Fuel Cell Engineers,2021,26.08,0.6004,-2.2537,0.2581,Architecture and Engineering,17,18,0.2807,0.6557
17-2141.01,Fuel Cell Engineers,2022,24.25,0.7601,-2.679,-0.0069,Architecture and Engineering,19,18,0.2425,0.6908
17-2141.01,Fuel Cell Engineers,2023,29.31,0.7481,-1.5032,-0.0655,Architecture and Engineering,20,15,0.2113,0.7208
17-2141.01,Fuel Cell Engineers,2024,35.12,1.0119,-0.153,0.4618,Architecture and Engineering,21,12,0.1408,0.7791
17-2141.01,Fuel Cell Engineers,2025,38.56,0.9513,0.6463,0.6373,Architecture and Engineering,24,6,0.0554,0.8569
17-2141.01,Fuel Cell Engineers,2026,39.86,0.9484,0.9484,0.5225,Architecture and Engineering,24,3,0.0554,0.8569
17-2141.02,Automotive Engineers,2020,23.79,0.1622,-2.7859,-0.0643,Architecture and Engineering,20,16,0.2249,0.7095
17-2141.02,Automotive Engineers,2021,26.33,0.6844,-2.1956,0.4937,Architecture and Engineering,17,18,0.2743,0.6537
17-2141.02,Automotive Engineers,2022,25.01,1.0972,-2.5024,0.9178,Architecture and Engineering,18,18,0.2396,0.6886
17-2141.02,Automotive Engineers,2023,30.91,1.1759,-1.1313,0.9162,Architecture and Engineering,20,15,0.1903,0.7374
17-2141.02,Automotive Engineers,2024,35.78,1.1605,0.0003,0.7924,Architecture and Engineering,21,12,0.1395,0.7837
17-2141.02,Automotive Engineers,2025,38.23,0.8765,0.5696,0.4398,Architecture and Engineering,24,6,0.033,0.8788
17-2141.02,Automotive Engineers,2026,39.69,0.9089,0.9089,0.419,Architecture and Engineering,24,3,0.0285,0.8788
17-2151.00,"Mining and Geological Engineers, Including Mining Safety Engineers",2020,24.35,0.4055,-2.6557,0.7546,Architecture and Engineering,18,16,0.1853,0.7458
17-2151.00,"Mining and Geological Engineers, Including Mining Safety Engineers",2021,26.53,0.7516,-2.1492,0.6821,Architecture and Engineering,15,18,0.2429,0.6816
17-2151.00,"Mining and Geological Engineers, Including Mining Safety Engineers",2022,24.96,1.0751,-2.514,0.8569,Architecture and Engineering,17,18,0.2141,0.7234
17-2151.00,"Mining and Geological Engineers, Including Mining Safety Engineers",2023,31.02,1.2053,-1.1058,0.9837,Architecture and Engineering,17,15,0.1992,0.7294
17-2151.00,"Mining and Geological Engineers, Including Mining Safety Engineers",2024,36.02,1.2145,0.0561,0.9126,Architecture and Engineering,19,12,0.1159,0.8069
17-2151.00,"Mining and Geological Engineers, Including Mining Safety Engineers",2025,38.89,1.0261,0.723,0.8349,Architecture and Engineering,21,6,0.0432,0.8669
17-2151.00,"Mining and Geological Engineers, Including Mining Safety Engineers",2026,40.44,1.0832,1.0832,0.8758,Architecture and Engineering,21,3,0.0431,0.8669
17-2161.00,Nuclear Engineers,2020,24.21,0.3447,-2.6883,0.5498,Architecture and Engineering,18,16,0.2076,0.7267
17-2161.00,Nuclear Engineers,2021,26.38,0.7012,-2.184,0.5408,Architecture and Engineering,15,18,0.2443,0.6837
17-2161.00,Nuclear Engineers,2022,24.4,0.8266,-2.6441,0.1756,Architecture and Engineering,17,18,0.2169,0.722
17-2161.00,Nuclear Engineers,2023,30.88,1.1678,-1.1383,0.8978,Architecture and Engineering,17,15,0.199,0.7317
17-2161.00,Nuclear Engineers,2024,36.45,1.3112,0.156,1.128,Architecture and Engineering,19,12,0.1301,0.7963
17-2161.00,Nuclear Engineers,2025,38.86,1.0193,0.716,0.8169,Architecture and Engineering,22,6,0.0363,0.8847
17-2161.00,Nuclear Engineers,2026,40.43,1.0809,1.0809,0.8697,Architecture and Engineering,22,3,0.0363,0.8847
17-2171.00,Petroleum Engineers,2020,24.35,0.4055,-2.6557,0.7546,Architecture and Engineering,18,16,0.2166,0.7251
17-2171.00,Petroleum Engineers,2021,26.54,0.755,-2.1468,0.6916,Architecture and Engineering,15,18,0.2636,0.6779
17-2171.00,Petroleum Engineers,2022,24.25,0.7601,-2.679,-0.0069,Architecture and Engineering,17,18,0.2425,0.705
17-2171.00,Petroleum Engineers,2023,30.17,0.978,-1.3033,0.4622,Architecture and Engineering,17,15,0.2098,0.7252
17-2171.00,Petroleum Engineers,2024,36.13,1.2392,0.0817,0.9677,Architecture and Engineering,18,12,0.1388,0.7772
17-2171.00,Petroleum Engineers,2025,38.73,0.9899,0.6858,0.7391,Architecture and Engineering,21,6,0.0329,0.8751
17-2171.00,Petroleum Engineers,2026,40.31,1.053,1.053,0.7966,Architecture and Engineering,21,3,0.0329,0.8751
17-2199.03,"Energy Engineers, Except Wind and Solar",2020,25.18,0.7661,-2.4629,1.9683,Architecture and Engineering,17,16,0.1899,0.7305
17-2199.03,"Energy Engineers, Except Wind and Solar",2021,26.99,0.9062,-2.0423,1.1157,Architecture and Engineering,15,18,0.2505,0.693
17-2199.03,"Energy Engineers, Except Wind and Solar",2022,25.69,1.3989,-2.3444,1.7451,Architecture and Engineering,16,18,0.2111,0.7152
17-2199.03,"Energy Engineers, Except Wind and Solar",2023,31.42,1.3122,-1.0128,1.2291,Architecture and Engineering,17,15,0.2047,0.7393
17-2199.03,"Energy Engineers, Except Wind and Solar",2024,36.67,1.3607,0.2071,1.2382,Architecture and Engineering,18,12,0.1283,0.7907
17-2199.03,"Energy Engineers, Except Wind and Solar",2025,39.11,1.076,0.7741,0.9666,Architecture and Engineering,21,6,0.0314,0.8811
17-2199.03,"Energy Engineers, Except Wind and Solar",2026,40.61,1.1227,1.1227,0.9794,Architecture and Engineering,21,3,0.0314,0.8811
17-2199.05,Mechatronics Engineers,2020,23.8,0.1666,-2.7835,-0.0497,Architecture and Engineering,20,16,0.2159,0.7165
17-2199.05,Mechatronics Engineers,2021,26.25,0.6575,-2.2142,0.4183,Architecture and Engineering,17,18,0.2656,0.6674
17-2199.05,Mechatronics Engineers,2022,24.48,0.8621,-2.6255,0.273,Architecture and Engineering,19,18,0.2433,0.6923
17-2199.05,Mechatronics Engineers,2023,30.2,0.9861,-1.2963,0.4806,Architecture and Engineering,20,15,0.215,0.722
17-2199.05,Mechatronics Engineers,2024,34.59,0.8927,-0.2762,0.1963,Architecture and Engineering,21,12,0.1359,0.7857
17-2199.05,Mechatronics Engineers,2025,37.66,0.7473,0.4372,0.0986,Architecture and Engineering,24,6,0.0388,0.8699
17-2199.05,Mechatronics Engineers,2026,39.0,0.7486,0.7486,-0.0013,Architecture and Engineering,24,3,0.0388,0.8699
17-2199.06,Microsystems Engineers,2020,23.3,-0.0506,-2.8997,-0.7809,Architecture and Engineering,21,16,0.2232,0.7081
17-2199.06,Microsystems Engineers,2021,25.81,0.5096,-2.3165,0.0036,Architecture and Engineering,18,18,0.3025,0.6411
17-2199.06,Microsystems Engineers,2022,23.73,0.5294,-2.7998,-0.6395,Architecture and Engineering,20,18,0.2509,0.6822
17-2199.06,Microsystems Engineers,2023,28.83,0.6198,-1.6147,-0.36,Architecture and Engineering,21,15,0.2315,0.6977
17-2199.06,Microsystems Engineers,2024,33.84,0.7239,-0.4505,-0.1793,Architecture and Engineering,22,12,0.1523,0.7672
17-2199.06,Microsystems Engineers,2025,36.48,0.4797,0.163,-0.6077,Architecture and Engineering,25,6,0.0534,0.8545
17-2199.06,Microsystems Engineers,2026,38.4,0.6092,0.6092,-0.3668,Architecture and Engineering,26,3,0.0504,0.8698
17-2199.07,Photonics Engineers,2020,23.11,-0.1332,-2.9439,-1.0588,Architecture and Engineering,20,16,0.2174,0.7088
17-2199.07,Photonics Engineers,2021,25.5,0.4055,-2.3885,-0.2886,Architecture and Engineering,17,18,0.2713,0.6625
17-2199.07,Photonics Engineers,2022,24.64,0.9331,-2.5884,0.4676,Architecture and Engineering,19,18,0.2306,0.7037
17-2199.07,Photonics Engineers,2023,29.53,0.8069,-1.452,0.0695,Architecture and Engineering,20,15,0.1838,0.7447
17-2199.07,Photonics Engineers,2024,35.21,1.0322,-0.1321,0.5069,Architecture and Engineering,21,12,0.1383,0.7815
17-2199.07,Photonics Engineers,2025,38.4,0.915,0.6092,0.5416,Architecture and Engineering,24,6,0.0482,0.8682
17-2199.07,Photonics Engineers,2026,39.72,0.9159,0.9159,0.4373,Architecture and Engineering,24,3,0.0477,0.8682
17-2199.08,Robotics Engineers,2020,22.8,-0.2679,-3.0159,-1.5121,Architecture and Engineering,23,16,0.2305,0.7102
17-2199.08,Robotics Engineers,2021,24.02,-0.0919,-2.7324,-1.6833,Architecture and Engineering,20,18,0.3106,0.6301
17-2199.08,Robotics Engineers,2022,23.7,0.516,-2.8068,-0.676,Architecture and Engineering,21,18,0.2486,0.6775
17-2199.08,Robotics Engineers,2023,28.21,0.4541,-1.7588,-0.7404,Architecture and Engineering,23,15,0.2037,0.7224
17-2199.08,Robotics Engineers,2024,32.57,0.4382,-0.7456,-0.8154,Architecture and Engineering,25,12,0.1495,0.7748
17-2199.08,Robotics Engineers,2025,36.67,0.5228,0.2071,-0.494,Architecture and Engineering,28,6,0.0665,0.8471
17-2199.08,Robotics Engineers,2026,38.37,0.6022,0.6022,-0.3851,Architecture and Engineering,28,3,0.0649,0.8471
17-2199.09,Nanosystems Engineers,2020,24.42,0.4359,-2.6395,0.8569,Architecture and Engineering,20,16,0.2114,0.7137
17-2199.09,Nanosystems Engineers,2021,26.06,0.5937,-2.2584,0.2392,Architecture and Engineering,17,18,0.2571,0.6752
17-2199.09,Nanosystems Engineers,2022,24.63,0.9286,-2.5907,0.4555,Architecture and Engineering,19,18,0.2311,0.7045
17-2199.09,Nanosystems Engineers,2023,29.74,0.8631,-1.4032,0.1983,Architecture and Engineering,20,15,0.1944,0.7383
17-2199.09,Nanosystems Engineers,2024,34.82,0.9444,-0.2228,0.3116,Architecture and Engineering,22,12,0.1232,0.8032
17-2199.09,Nanosystems Engineers,2025,39.04,1.0602,0.7579,0.9247,Architecture and Engineering,24,6,0.0635,0.8531
17-2199.09,Nanosystems Engineers,2026,40.39,1.0716,1.0716,0.8454,Architecture and Engineering,24,3,0.0602,0.8531
17-2199.10,Wind Energy Engineers,2020,24.33,0.3968,-2.6604,0.7253,Architecture and Engineering,19,16,0.2049,0.7301
17-2199.10,Wind Energy Engineers,2021,26.77,0.8323,-2.0934,0.9083,Architecture and Engineering,16,18,0.2602,0.676
17-2199.10,Wind Energy Engineers,2022,25.38,1.2614,-2.4164,1.3679,Architecture and Engineering,18,18,0.2014,0.7368
17-2199.10,Wind Energy Engineers,2023,31.94,1.4512,-0.892,1.5481,Architecture and Engineering,18,15,0.1798,0.7488
17-2199.10,Wind Energy Engineers,2024,36.15,1.2437,0.0863,0.9777,Architecture and Engineering,20,12,0.1295,0.8
17-2199.10,Wind Energy Engineers,2025,39.21,1.0987,0.7974,1.0264,Architecture and Engineering,22,6,0.0486,0.8704
17-2199.10,Wind Energy Engineers,2026,40.82,1.1715,1.1715,1.1073,Architecture and Engineering,22,3,0.0485,0.8704
17-2199.11,Solar Energy Systems Engineers,2020,24.1,0.2969,-2.7138,0.389,Architecture and Engineering,20,16,0.2345,0.6895
17-2199.11,Solar Energy Systems Engineers,2021,26.07,0.597,-2.2561,0.2486,Architecture and Engineering,18,18,0.2802,0.6577
17-2199.11,Solar Energy Systems Engineers,2022,24.0,0.6491,-2.7371,-0.311,Architecture and Engineering,19,18,0.258,0.6683
17-2199.11,Solar Energy Systems Engineers,2023,29.78,0.8738,-1.3939,0.2229,Architecture and Engineering,21,15,0.2238,0.7086
17-2199.11,Solar Energy Systems Engineers,2024,35.07,1.0007,-0.1647,0.4368,Architecture and Engineering,22,12,0.1509,0.7674
17-2199.11,Solar Energy Systems Engineers,2025,37.71,0.7586,0.4488,0.1285,Architecture and Engineering,26,6,0.0441,0.8679
17-2199.11,Solar Energy Systems Engineers,2026,39.09,0.7695,0.7695,0.0535,Architecture and Engineering,26,3,0.0357,0.8679
17-3011.00,Architectural and Civil Drafters,2020,22.8,-0.2679,-3.0159,-1.5121,Architecture and Engineering,21,16,0.1991,0.7309
17-3011.00,Architectural and Civil Drafters,2021,25.48,0.3987,-2.3932,-0.3074,Architecture and Engineering,18,18,0.3007,0.642
17-3011.00,Architectural and Civil Drafters,2022,22.99,0.201,-2.9718,-1.5398,Architecture and Engineering,20,18,0.2472,0.6876
17-3011.00,Architectural and Civil Drafters,2023,28.62,0.5637,-1.6635,-0.4888,Architecture and Engineering,20,15,0.2157,0.706
17-3011.00,Architectural and Civil Drafters,2024,33.23,0.5867,-0.5922,-0.4849,Architecture and Engineering,22,12,0.14,0.7785
17-3011.00,Architectural and Civil Drafters,2025,35.99,0.3686,0.0491,-0.9011,Architecture and Engineering,25,6,0.0591,0.8586
17-3011.00,Architectural and Civil Drafters,2026,37.38,0.3721,0.3721,-0.9881,Architecture and Engineering,25,3,0.0581,0.8586
17-3012.00,Electrical and Electronics Drafters,2020,24.18,0.3316,-2.6952,0.506,Architecture and Engineering,20,16,0.1839,0.7418
17-3012.00,Electrical and Electronics Drafters,2021,26.75,0.8255,-2.098,0.8895,Architecture and Engineering,17,18,0.2728,0.6691
17-3012.00,Electrical and Electronics Drafters,2022,23.93,0.6181,-2.7533,-0.3962,Architecture and Engineering,19,18,0.2219,0.7131
17-3012.00,Electrical and Electronics Drafters,2023,29.69,0.8497,-1.4148,0.1677,Architecture and Engineering,19,15,0.2122,0.7113
17-3012.00,Electrical and Electronics Drafters,2024,33.02,0.5394,-0.641,-0.59,Architecture and Engineering,21,12,0.1199,0.8004
17-3012.00,Electrical and Electronics Drafters,2025,37.63,0.7405,0.4302,0.0806,Architecture and Engineering,23,6,0.0574,0.8495
17-3012.00,Electrical and Electronics Drafters,2026,38.98,0.7439,0.7439,-0.0135,Architecture and Engineering,23,3,0.057,0.8495
17-3013.00,Mechanical Drafters,2020,23.59,0.0753,-2.8323,-0.3568,Architecture and Engineering,20,16,0.1969,0.7402
17-3013.00,Mechanical Drafters,2021,25.48,0.3987,-2.3932,-0.3074,Architecture and Engineering,17,18,0.3218,0.6247
17-3013.00,Mechanical Drafters,2022,25.04,1.1106,-2.4954,0.9543,Architecture and Engineering,18,18,0.2406,0.6864
17-3013.00,Mechanical Drafters,2023,29.81,0.8818,-1.387,0.2413,Architecture and Engineering,20,15,0.2018,0.7362
17-3013.00,Mechanical Drafters,2024,34.28,0.8229,-0.3482,0.0411,Architecture and Engineering,20,12,0.1565,0.7595
17-3013.00,Mechanical Drafters,2025,37.57,0.7269,0.4163,0.0447,Architecture and Engineering,23,6,0.0711,0.8432
17-3013.00,Mechanical Drafters,2026,39.27,0.8113,0.8113,0.1631,Architecture and Engineering,23,3,0.0711,0.8432
17-3021.00,Aerospace Engineering and Operations Technologists and Technicians,2020,23.82,0.1753,-2.7789,-0.0205,Architecture and Engineering,23,16,0.212,0.7243
17-3021.00,Aerospace Engineering and Operations Technologists and Technicians,2021,25.34,0.3517,-2.4257,-0.4393,Architecture and Engineering,19,18,0.2874,0.6421
17-3021.00,Aerospace Engineering and Operations Technologists and Technicians,2022,23.9,0.6048,-2.7603,-0.4327,Architecture and Engineering,22,18,0.2319,0.7023
17-3021.00,Aerospace Engineering and Operations Technologists and Technicians,2023,27.94,0.3819,-1.8215,-0.906,Architecture and Engineering,23,15,0.2167,0.7133
17-3021.00,Aerospace Engineering and Operations Technologists and Technicians,2024,32.29,0.3752,-0.8107,-0.9557,Architecture and Engineering,25,12,0.1368,0.7906
17-3021.00,Aerospace Engineering and Operations Technologists and Technicians,2025,36.62,0.5115,0.1955,-0.5239,Architecture and Engineering,28,6,0.0649,0.8481
17-3021.00,Aerospace Engineering and Operations Technologists and Technicians,2026,38.46,0.6231,0.6231,-0.3303,Architecture and Engineering,28,3,0.0591,0.8481
17-3022.00,Civil Engineering Technologists and Technicians,2020,23.9,0.21,-2.7603,0.0965,Architecture and Engineering,20,16,0.1869,0.7418
17-3022.00,Civil Engineering Technologists and Technicians,2021,26.44,0.7214,-2.1701,0.5973,Architecture and Engineering,17,18,0.2647,0.6752
17-3022.00,Civil Engineering Technologists and Technicians,2022,25.24,1.1993,-2.4489,1.1976,Architecture and Engineering,19,18,0.2074,0.7243
17-3022.00,Civil Engineering Technologists and Technicians,2023,30.98,1.1946,-1.1151,0.9591,Architecture and Engineering,19,15,0.1864,0.7333
17-3022.00,Civil Engineering Technologists and Technicians,2024,34.94,0.9714,-0.1949,0.3717,Architecture and Engineering,21,12,0.1284,0.7968
17-3022.00,Civil Engineering Technologists and Technicians,2025,37.82,0.7835,0.4744,0.1944,Architecture and Engineering,24,6,0.0486,0.868
17-3022.00,Civil Engineering Technologists and Technicians,2026,39.5,0.8648,0.8648,0.3032,Architecture and Engineering,24,3,0.0472,0.868
17-3023.00,Electrical and Electronic Engineering Technologists and Technicians,2020,23.24,-0.0767,-2.9137,-0.8686,Architecture and Engineering,23,16,0.1903,0.7308
17-3023.00,Electrical and Electronic Engineering Technologists and Technicians,2021,25.58,0.4323,-2.3699,-0.2132,Architecture and Engineering,20,18,0.2945,0.6388
17-3023.00,Electrical and Electronic Engineering Technologists and Technicians,2022,23.48,0.4184,-2.8579,-0.9437,Architecture and Engineering,22,18,0.2401,0.6884
17-3023.00,Electrical and Electronic Engineering Technologists and Technicians,2023,27.75,0.3311,-1.8657,-1.0226,Architecture and Engineering,23,15,0.2215,0.7027
17-3023.00,Electrical and Electronic Engineering Technologists and Technicians,2024,32.02,0.3144,-0.8734,-1.0909,Architecture and Engineering,25,12,0.1405,0.7782
17-3023.00,Electrical and Electronic Engineering Technologists and Technicians,2025,36.01,0.3732,0.0538,-0.8891,Architecture and Engineering,28,6,0.0641,0.8439
17-3023.00,Electrical and Electronic Engineering Technologists and Technicians,2026,37.26,0.3442,0.3442,-1.0612,Architecture and Engineering,29,3,0.058,0.859
17-3024.00,Electro-Mechanical and Mechatronics Technologists and Technicians,2020,21.99,-0.6198,-3.2041,-2.6966,Architecture and Engineering,25,16,0.2423,0.6853
17-3024.00,Electro-Mechanical and Mechatronics Technologists and Technicians,2021,22.31,-0.6665,-3.1298,-3.2949,Architecture and Engineering,23,18,0.3297,0.6088
17-3024.00,Electro-Mechanical and Mechatronics Technologists and Technicians,2022,22.49,-0.0208,-3.088,-2.1481,Architecture and Engineering,24,18,0.2763,0.6555
17-3024.00,Electro-Mechanical and Mechatronics Technologists and Technicians,2023,24.78,-0.4629,-2.5558,-2.8448,Architecture and Engineering,26,15,0.2297,0.7014
17-3024.00,Electro-Mechanical and Mechatronics Technologists and Technicians,2024,28.51,-0.4754,-1.6891,-2.849,Architecture and Engineering,28,12,0.1805,0.745
17-3024.00,Electro-Mechanical and Mechatronics Technologists and Technicians,2025,32.61,-0.3977,-0.7363,-2.9243,Architecture and Engineering,32,6,0.0874,0.8323
17-3024.00,Electro-Mechanical and Mechatronics Technologists and Technicians,2026,34.69,-0.253,-0.253,-2.6267,Architecture and Engineering,33,3,0.0656,0.8464
17-3024.01,Robotics Technicians,2020,22.76,-0.2852,-3.0252,-1.5706,Architecture and Engineering,25,16,0.2262,0.7004
17-3024.01,Robotics Technicians,2021,23.98,-0.1053,-2.7417,-1.721,Architecture and Engineering,23,18,0.3179,0.615
17-3024.01,Robotics Technicians,2022,22.95,0.1833,-2.9811,-1.5885,Architecture and Engineering,24,18,0.2785,0.6553
17-3024.01,Robotics Technicians,2023,26.24,-0.0726,-2.2165,-1.949,Architecture and Engineering,26,15,0.2314,0.6973
17-3024.01,Robotics Technicians,2024,29.98,-0.1446,-1.3475,-2.1127,Architecture and Engineering,28,12,0.1646,0.753
17-3024.01,Robotics Technicians,2025,34.2,-0.0372,-0.3668,-1.9725,Architecture and Engineering,32,6,0.0925,0.821
17-3024.01,Robotics Technicians,2026,35.7,-0.0183,-0.0183,-2.0115,Architecture and Engineering,34,3,0.0707,0.8443
17-3025.00,Environmental Engineering Technologists and Technicians,2020,23.67,0.1101,-2.8138,-0.2398,Architecture and Engineering,25,16,0.2245,0.7091
17-3025.00,Environmental Engineering Technologists and Technicians,2021,24.59,0.0997,-2.6,-1.1462,Architecture and Engineering,22,18,0.2759,0.6542
17-3025.00,Environmental Engineering Technologists and Technicians,2022,23.24,0.312,-2.9137,-1.2356,Architecture and Engineering,23,18,0.2577,0.6715
17-3025.00,Environmental Engineering Technologists and Technicians,2023,27.06,0.1466,-2.026,-1.4459,Architecture and Engineering,25,15,0.2302,0.6973
17-3025.00,Environmental Engineering Technologists and Technicians,2024,32.22,0.3594,-0.8269,-0.9908,Architecture and Engineering,27,12,0.1521,0.7681
17-3025.00,Environmental Engineering Technologists and Technicians,2025,35.57,0.2734,-0.0485,-1.1525,Architecture and Engineering,31,6,0.07,0.843
17-3025.00,Environmental Engineering Technologists and Technicians,2026,37.23,0.3373,0.3373,-1.0795,Architecture and Engineering,33,3,0.0497,0.862
17-3026.00,Industrial Engineering Technologists and Technicians,2020,23.88,0.2013,-2.765,0.0673,Architecture and Engineering,21,16,0.2218,0.7063
17-3026.00,Industrial Engineering Technologists and Technicians,2021,26.74,0.8222,-2.1004,0.8801,Architecture and Engineering,18,18,0.2966,0.6359
17-3026.00,Industrial Engineering Technologists and Technicians,2022,24.38,0.8177,-2.6488,0.1513,Architecture and Engineering,20,18,0.2468,0.682
17-3026.00,Industrial Engineering Technologists and Technicians,2023,30.09,0.9566,-1.3219,0.4131,Architecture and Engineering,21,15,0.2297,0.6968
17-3026.00,Industrial Engineering Technologists and Technicians,2024,34.7,0.9174,-0.2506,0.2514,Architecture and Engineering,23,12,0.1498,0.7727
17-3026.00,Industrial Engineering Technologists and Technicians,2025,37.11,0.6226,0.3094,-0.2306,Architecture and Engineering,26,6,0.053,0.8545
17-3026.00,Industrial Engineering Technologists and Technicians,2026,38.41,0.6115,0.6115,-0.3607,Architecture and Engineering,27,3,0.0486,0.867
17-3026.01,Nanotechnology Engineering Technologists and Technicians,2020,23.48,0.0275,-2.8579,-0.5177,Architecture and Engineering,24,16,0.2126,0.7155
17-3026.01,Nanotechnology Engineering Technologists and Technicians,2021,24.53,0.0795,-2.6139,-1.2027,Architecture and Engineering,21,18,0.27,0.657
17-3026.01,Nanotechnology Engineering Technologists and Technicians,2022,22.73,0.0857,-3.0322,-1.8561,Architecture and Engineering,23,18,0.2476,0.6863
17-3026.01,Nanotechnology Engineering Technologists and Technicians,2023,26.77,0.0691,-2.0934,-1.6238,Architecture and Engineering,25,15,0.2138,0.7165
17-3026.01,Nanotechnology Engineering Technologists and Technicians,2024,31.84,0.2739,-0.9152,-1.1811,Architecture and Engineering,26,12,0.1416,0.7735
17-3026.01,Nanotechnology Engineering Technologists and Technicians,2025,35.97,0.3641,0.0445,-0.913,Architecture and Engineering,30,6,0.0658,0.8492
17-3026.01,Nanotechnology Engineering Technologists and Technicians,2026,37.32,0.3582,0.3582,-1.0247,Architecture and Engineering,31,3,0.0556,0.8593
17-3027.00,Mechanical Engineering Technologists and Technicians,2020,23.22,-0.0854,-2.9183,-0.8979,Architecture and Engineering,25,16,0.2309,0.6978
17-3027.00,Mechanical Engineering Technologists and Technicians,2021,23.76,-0.1793,-2.7928,-1.9284,Architecture and Engineering,23,18,0.3027,0.6351
17-3027.00,Mechanical Engineering Technologists and Technicians,2022,23.55,0.4495,-2.8416,-0.8585,Architecture and Engineering,24,18,0.2506,0.6822
17-3027.00,Mechanical Engineering Technologists and Technicians,2023,27.09,0.1546,-2.019,-1.4275,Architecture and Engineering,26,15,0.2246,0.7079
17-3027.00,Mechanical Engineering Technologists and Technicians,2024,31.21,0.1321,-1.0616,-1.4967,Architecture and Engineering,28,12,0.1591,0.7646
17-3027.00,Mechanical Engineering Technologists and Technicians,2025,34.96,0.1351,-0.1902,-1.5176,Architecture and Engineering,32,6,0.0759,0.8423
17-3027.00,Mechanical Engineering Technologists and Technicians,2026,36.26,0.1119,0.1119,-1.6704,Architecture and Engineering,33,3,0.0573,0.8542
17-3027.01,Automotive Engineering Technicians,2020,22.33,-0.472,-3.1251,-2.1994,Architecture and Engineering,27,16,0.2281,0.7038
17-3027.01,Automotive Engineering Technicians,2021,23.58,-0.2398,-2.8347,-2.098,Architecture and Engineering,24,18,0.2982,0.6317
17-3027.01,Automotive Engineering Technicians,2022,22.39,-0.0652,-3.1112,-2.2698,Architecture and Engineering,25,18,0.2666,0.6608
17-3027.01,Automotive Engineering Technicians,2023,25.65,-0.2303,-2.3537,-2.311,Architecture and Engineering,27,15,0.2285,0.6947
17-3027.01,Automotive Engineering Technicians,2024,30.15,-0.1064,-1.308,-2.0276,Architecture and Engineering,30,12,0.1536,0.7732
17-3027.01,Automotive Engineering Technicians,2025,33.73,-0.1438,-0.476,-2.2539,Architecture and Engineering,33,6,0.0877,0.8238
17-3027.01,Automotive Engineering Technicians,2026,34.96,-0.1902,-0.1902,-2.4623,Architecture and Engineering,35,3,0.0652,0.8497
17-3029.01,Non-Destructive Testing Specialists,2020,23.66,0.1057,-2.8161,-0.2545,Architecture and Engineering,26,16,0.214,0.7199
17-3029.01,Non-Destructive Testing Specialists,2021,24.13,-0.0549,-2.7069,-1.5797,Architecture and Engineering,23,18,0.2688,0.6632
17-3029.01,Non-Destructive Testing Specialists,2022,23.18,0.2853,-2.9276,-1.3086,Architecture and Engineering,24,18,0.255,0.6739
17-3029.01,Non-Destructive Testing Specialists,2023,26.97,0.1226,-2.0469,-1.5011,Architecture and Engineering,26,15,0.2218,0.7069
17-3029.01,Non-Destructive Testing Specialists,2024,31.66,0.2334,-0.9571,-1.2713,Architecture and Engineering,28,12,0.1414,0.7743
17-3029.01,Non-Destructive Testing Specialists,2025,34.57,0.0467,-0.2809,-1.7511,Architecture and Engineering,32,6,0.0727,0.8382
17-3029.01,Non-Destructive Testing Specialists,2026,35.96,0.0422,0.0422,-1.8531,Architecture and Engineering,34,3,0.0552,0.8602
17-3029.08,Photonics Technicians,2020,23.7,0.1231,-2.8068,-0.196,Architecture and Engineering,23,16,0.2264,0.7045
17-3029.08,Photonics Technicians,2021,24.84,0.1837,-2.5419,-0.9106,Architecture and Engineering,20,18,0.3281,0.608
17-3029.08,Photonics Technicians,2022,23.65,0.4939,-2.8184,-0.7368,Architecture and Engineering,22,18,0.2591,0.6718
17-3029.08,Photonics Technicians,2023,26.99,0.1279,-2.0423,-1.4889,Architecture and Engineering,24,15,0.2301,0.7056
17-3029.08,Photonics Technicians,2024,30.7,0.0174,-1.1801,-1.7521,Architecture and Engineering,26,12,0.1607,0.766
17-3029.08,Photonics Technicians,2025,34.81,0.1011,-0.2251,-1.6074,Architecture and Engineering,29,6,0.08,0.839
17-3029.08,Photonics Technicians,2026,36.79,0.235,0.235,-1.3475,Architecture and Engineering,29,3,0.0692,0.839
17-3031.00,Surveying and Mapping Technicians,2020,22.39,-0.446,-3.1112,-2.1117,Architecture and Engineering,25,16,0.226,0.7
17-3031.00,Surveying and Mapping Technicians,2021,24.27,-0.0079,-2.6743,-1.4477,Architecture and Engineering,23,18,0.2868,0.6516
17-3031.00,Surveying and Mapping Technicians,2022,22.18,-0.1583,-3.16,-2.5253,Architecture and Engineering,24,18,0.2606,0.6691
17-3031.00,Surveying and Mapping Technicians,2023,26.11,-0.1074,-2.2468,-2.0288,Architecture and Engineering,25,15,0.2427,0.6834
17-3031.00,Surveying and Mapping Technicians,2024,29.93,-0.1559,-1.3591,-2.1378,Architecture and Engineering,28,12,0.1609,0.7644
17-3031.00,Surveying and Mapping Technicians,2025,34.06,-0.0689,-0.3994,-2.0563,Architecture and Engineering,32,6,0.0811,0.8355
17-3031.00,Surveying and Mapping Technicians,2026,35.79,0.0026,0.0026,-1.9567,Architecture and Engineering,34,3,0.0594,0.8568
19-1011.00,Animal Scientists,2020,24.93,0.6575,-2.521,0.3295,"Life, Physical, and Social Science",19,16,0.2118,0.7202
19-1011.00,Animal Scientists,2021,27.06,0.9297,-2.026,0.7534,"Life, Physical, and Social Science",16,18,0.2326,0.6914
19-1011.00,Animal Scientists,2022,24.2,0.7379,-2.6906,-0.01,"Life, Physical, and Social Science",18,18,0.2269,0.7101
19-1011.00,Animal Scientists,2023,30.63,1.101,-1.1964,0.6321,"Life, Physical, and Social Science",18,15,0.2165,0.714
19-1011.00,Animal Scientists,2024,35.61,1.1222,-0.0392,0.4993,"Life, Physical, and Social Science",20,12,0.1258,0.7908
19-1011.00,Animal Scientists,2025,38.57,0.9536,0.6487,0.222,"Life, Physical, and Social Science",23,6,0.0362,0.8735
19-1011.00,Animal Scientists,2026,40.12,1.0088,1.0088,0.2972,"Life, Physical, and Social Science",24,3,0.029,0.8882
19-1012.00,Food Scientists and Technologists,2020,23.99,0.2491,-2.7394,-0.4888,"Life, Physical, and Social Science",20,16,0.2194,0.7111
19-1012.00,Food Scientists and Technologists,2021,26.36,0.6945,-2.1887,0.1368,"Life, Physical, and Social Science",17,18,0.2659,0.6719
19-1012.00,Food Scientists and Technologists,2022,23.89,0.6003,-2.7626,-0.3299,"Life, Physical, and Social Science",19,18,0.2502,0.6821
19-1012.00,Food Scientists and Technologists,2023,29.42,0.7775,-1.4776,-0.0776,"Life, Physical, and Social Science",19,15,0.2238,0.6987
19-1012.00,Food Scientists and Technologists,2024,35.35,1.0637,-0.0996,0.3787,"Life, Physical, and Social Science",21,12,0.1451,0.7724
19-1012.00,Food Scientists and Technologists,2025,37.97,0.8176,0.5092,-0.0809,"Life, Physical, and Social Science",24,6,0.0552,0.8535
19-1012.00,Food Scientists and Technologists,2026,39.23,0.802,0.802,-0.1482,"Life, Physical, and Social Science",25,3,0.0492,0.8632
19-1013.00,Soil and Plant Scientists,2020,24.29,0.3794,-2.6697,-0.2277,"Life, Physical, and Social Science",21,16,0.2144,0.7131
19-1013.00,Soil and Plant Scientists,2021,26.54,0.755,-2.1468,0.2953,"Life, Physical, and Social Science",18,18,0.252,0.6826
19-1013.00,Soil and Plant Scientists,2022,24.47,0.8577,-2.6279,0.2687,"Life, Physical, and Social Science",20,18,0.2464,0.6884
19-1013.00,Soil and Plant Scientists,2023,29.57,0.8176,-1.4427,0.0103,"Life, Physical, and Social Science",20,15,0.2168,0.7074
19-1013.00,Soil and Plant Scientists,2024,35.27,1.0457,-0.1182,0.3415,"Life, Physical, and Social Science",22,12,0.1366,0.7847
19-1013.00,Soil and Plant Scientists,2025,38.04,0.8334,0.5255,-0.0455,"Life, Physical, and Social Science",25,6,0.0594,0.8511
19-1013.00,Soil and Plant Scientists,2026,38.98,0.7439,0.7439,-0.2733,"Life, Physical, and Social Science",26,3,0.0473,0.8621
19-1021.00,Biochemists and Biophysicists,2020,24.16,0.323,-2.6999,-0.3408,"Life, Physical, and Social Science",19,16,0.2046,0.7181
19-1021.00,Biochemists and Biophysicists,2021,26.22,0.6474,-2.2212,0.0134,"Life, Physical, and Social Science",16,18,0.2464,0.6893
19-1021.00,Biochemists and Biophysicists,2022,24.38,0.8177,-2.6488,0.1758,"Life, Physical, and Social Science",18,18,0.2234,0.7118
19-1021.00,Biochemists and Biophysicists,2023,30.38,1.0342,-1.2545,0.4854,"Life, Physical, and Social Science",18,15,0.1991,0.7277
19-1021.00,Biochemists and Biophysicists,2024,35.84,1.174,0.0143,0.6061,"Life, Physical, and Social Science",20,12,0.1225,0.7956
19-1021.00,Biochemists and Biophysicists,2025,39.48,1.1599,0.8601,0.6814,"Life, Physical, and Social Science",22,6,0.0557,0.8572
19-1021.00,Biochemists and Biophysicists,2026,40.92,1.1947,1.1947,0.6976,"Life, Physical, and Social Science",22,3,0.0535,0.8572
19-1022.00,Microbiologists,2020,23.62,0.0884,-2.8254,-0.8109,"Life, Physical, and Social Science",20,16,0.2029,0.7179
19-1022.00,Microbiologists,2021,25.19,0.3013,-2.4605,-0.8939,"Life, Physical, and Social Science",17,18,0.2627,0.6667
19-1022.00,Microbiologists,2022,23.28,0.3297,-2.9044,-0.9594,"Life, Physical, and Social Science",19,18,0.2407,0.6904
19-1022.00,Microbiologists,2023,28.13,0.4327,-1.7774,-0.8343,"Life, Physical, and Social Science",20,15,0.2093,0.7164
19-1022.00,Microbiologists,2024,34.02,0.7644,-0.4087,-0.2386,"Life, Physical, and Social Science",22,12,0.1299,0.7902
19-1022.00,Microbiologists,2025,38.27,0.8856,0.5789,0.0706,"Life, Physical, and Social Science",25,6,0.0693,0.8519
19-1022.00,Microbiologists,2026,39.92,0.9624,0.9624,0.1971,"Life, Physical, and Social Science",25,3,0.0646,0.8519
19-1023.00,Zoologists and Wildlife Biologists,2020,24.24,0.3577,-2.6813,-0.2712,"Life, Physical, and Social Science",24,16,0.2273,0.6991
19-1023.00,Zoologists and Wildlife Biologists,2021,26.03,0.5836,-2.2653,-0.1539,"Life, Physical, and Social Science",22,18,0.2565,0.6723
19-1023.00,Zoologists and Wildlife Biologists,2022,23.98,0.6403,-2.7417,-0.237,"Life, Physical, and Social Science",23,18,0.2524,0.6796
19-1023.00,Zoologists and Wildlife Biologists,2023,28.93,0.6465,-1.5915,-0.3651,"Life, Physical, and Social Science",25,15,0.2229,0.704
19-1023.00,Zoologists and Wildlife Biologists,2024,33.36,0.6159,-0.562,-0.5449,"Life, Physical, and Social Science",27,12,0.1484,0.7742
19-1023.00,Zoologists and Wildlife Biologists,2025,36.83,0.5591,0.2443,-0.6564,"Life, Physical, and Social Science",30,6,0.0637,0.849
19-1023.00,Zoologists and Wildlife Biologists,2026,38.13,0.5464,0.5464,-0.6987,"Life, Physical, and Social Science",32,3,0.0437,0.8643
19-1029.01,Bioinformatics Scientists,2020,24.21,0.3447,-2.6883,-0.2973,"Life, Physical, and Social Science",19,16,0.2109,0.7328
19-1029.01,Bioinformatics Scientists,2021,26.57,0.765,-2.1399,0.3217,"Life, Physical, and Social Science",16,18,0.2691,0.6804
19-1029.01,Bioinformatics Scientists,2022,24.31,0.7867,-2.665,0.1036,"Life, Physical, and Social Science",18,18,0.2256,0.7191
19-1029.01,Bioinformatics Scientists,2023,30.56,1.0823,-1.2127,0.591,"Life, Physical, and Social Science",18,15,0.2081,0.7304
19-1029.01,Bioinformatics Scientists,2024,36.67,1.3607,0.2071,0.9912,"Life, Physical, and Social Science",19,12,0.1432,0.7791
19-1029.01,Bioinformatics Scientists,2025,39.08,1.0692,0.7672,0.4795,"Life, Physical, and Social Science",22,6,0.0466,0.8764
19-1029.01,Bioinformatics Scientists,2026,40.31,1.053,1.053,0.3923,"Life, Physical, and Social Science",22,3,0.0466,0.8764
19-1029.02,Molecular and Cellular Biologists,2020,24.68,0.5489,-2.5791,0.1118,"Life, Physical, and Social Science",20,16,0.2109,0.7268
19-1029.02,Molecular and Cellular Biologists,2021,26.55,0.7583,-2.1445,0.3041,"Life, Physical, and Social Science",16,18,0.2431,0.6868
19-1029.02,Molecular and Cellular Biologists,2022,24.93,1.0617,-2.521,0.7434,"Life, Physical, and Social Science",18,18,0.2344,0.6973
19-1029.02,Molecular and Cellular Biologists,2023,30.2,0.9861,-1.2963,0.3799,"Life, Physical, and Social Science",19,15,0.1971,0.7346
19-1029.02,Molecular and Cellular Biologists,2024,35.64,1.129,-0.0322,0.5132,"Life, Physical, and Social Science",20,12,0.1277,0.7863
19-1029.02,Molecular and Cellular Biologists,2025,38.41,0.9173,0.6115,0.1413,"Life, Physical, and Social Science",23,6,0.0508,0.8635
19-1029.02,Molecular and Cellular Biologists,2026,39.85,0.9461,0.9461,0.1621,"Life, Physical, and Social Science",23,3,0.0484,0.8635
19-1029.03,Geneticists,2020,24.95,0.6662,-2.5163,0.3469,"Life, Physical, and Social Science",18,16,0.2108,0.7124
19-1029.03,Geneticists,2021,26.86,0.8625,-2.0725,0.5772,"Life, Physical, and Social Science",15,18,0.2386,0.6927
19-1029.03,Geneticists,2022,24.58,0.9065,-2.6023,0.3822,"Life, Physical, and Social Science",17,18,0.222,0.7102
19-1029.03,Geneticists,2023,30.62,1.0983,-1.1987,0.6262,"Life, Physical, and Social Science",17,15,0.1921,0.7301
19-1029.03,Geneticists,2024,36.09,1.2302,0.0724,0.7221,"Life, Physical, and Social Science",19,12,0.1273,0.791
19-1029.03,Geneticists,2025,39.26,1.11,0.809,0.5704,"Life, Physical, and Social Science",22,6,0.0459,0.8739
19-1029.03,Geneticists,2026,40.77,1.1599,1.1599,0.6226,"Life, Physical, and Social Science",22,3,0.0459,0.8739
19-1029.04,Biologists,2020,24.27,0.3707,-2.6743,-0.2451,"Life, Physical, and Social Science",20,16,0.1853,0.7445
19-1029.04,Biologists,2021,26.33,0.6844,-2.1956,0.1103,"Life, Physical, and Social Science",16,18,0.2289,0.6965
19-1029.04,Biologists,2022,24.48,0.8621,-2.6255,0.279,"Life, Physical, and Social Science",18,18,0.2184,0.7073
19-1029.04,Biologists,2023,29.83,0.8871,-1.3823,0.1628,"Life, Physical, and Social Science",19,15,0.2041,0.7322
19-1029.04,Biologists,2024,35.83,1.1717,0.0119,0.6014,"Life, Physical, and Social Science",21,12,0.1234,0.8053
19-1029.04,Biologists,2025,39.23,1.1032,0.802,0.5552,"Life, Physical, and Social Science",23,6,0.0556,0.855
19-1029.04,Biologists,2026,40.25,1.039,1.039,0.3623,"Life, Physical, and Social Science",24,3,0.0485,0.8716
19-1031.00,Conservation Scientists,2020,23.66,0.1057,-2.8161,-0.7761,"Life, Physical, and Social Science",25,16,0.2402,0.6893
19-1031.00,Conservation Scientists,2021,25.63,0.4492,-2.3583,-0.5063,"Life, Physical, and Social Science",22,18,0.2762,0.6522
19-1031.00,Conservation Scientists,2022,23.69,0.5116,-2.8091,-0.5363,"Life, Physical, and Social Science",24,18,0.267,0.6676
19-1031.00,Conservation Scientists,2023,27.96,0.3872,-1.8169,-0.934,"Life, Physical, and Social Science",25,15,0.2419,0.6864
19-1031.00,Conservation Scientists,2024,32.13,0.3392,-0.8479,-1.1157,"Life, Physical, and Social Science",28,12,0.1558,0.7689
19-1031.00,Conservation Scientists,2025,36.24,0.4253,0.1072,-0.9542,"Life, Physical, and Social Science",31,6,0.0801,0.829
19-1031.00,Conservation Scientists,2026,37.41,0.3791,0.3791,-1.0591,"Life, Physical, and Social Science",34,3,0.0541,0.8599
19-1031.02,Range Managers,2020,24.49,0.4663,-2.6232,-0.0536,"Life, Physical, and Social Science",24,16,0.2339,0.6962
19-1031.02,Range Managers,2021,26.33,0.6844,-2.1956,0.1103,"Life, Physical, and Social Science",22,18,0.2558,0.6777
19-1031.02,Range Managers,2022,24.31,0.7867,-2.665,0.1036,"Life, Physical, and Social Science",23,18,0.255,0.6767
19-1031.02,Range Managers,2023,28.99,0.6626,-1.5775,-0.3299,"Life, Physical, and Social Science",24,15,0.2103,0.7115
19-1031.02,Range Managers,2024,33.39,0.6227,-0.5551,-0.5309,"Life, Physical, and Social Science",26,12,0.1434,0.7787
19-1031.02,Range Managers,2025,36.87,0.5682,0.2536,-0.6362,"Life, Physical, and Social Science",30,6,0.0534,0.8587
19-1031.02,Range Managers,2026,38.22,0.5673,0.5673,-0.6537,"Life, Physical, and Social Science",31,3,0.0371,0.869
19-1031.03,Park Naturalists,2020,24.99,0.6835,-2.507,0.3817,"Life, Physical, and Social Science",25,16,0.2259,0.7043
19-1031.03,Park Naturalists,2021,26.84,0.8558,-2.0771,0.5596,"Life, Physical, and Social Science",22,18,0.2658,0.663
19-1031.03,Park Naturalists,2022,23.56,0.4539,-2.8393,-0.6705,"Life, Physical, and Social Science",24,18,0.2718,0.6636
19-1031.03,Park Naturalists,2023,28.19,0.4487,-1.7634,-0.7991,"Life, Physical, and Social Science",25,15,0.2476,0.6782
19-1031.03,Park Naturalists,2024,30.71,0.0196,-1.1778,-1.7747,"Life, Physical, and Social Science",26,12,0.1482,0.7673
19-1031.03,Park Naturalists,2025,34.29,-0.0168,-0.3459,-1.9387,"Life, Physical, and Social Science",30,6,0.0654,0.8425
19-1031.03,Park Naturalists,2026,35.39,-0.0903,-0.0903,-2.0701,"Life, Physical, and Social Science",32,3,0.0399,0.8641
19-1032.00,Foresters,2020,22.92,-0.2157,-2.988,-1.4202,"Life, Physical, and Social Science",26,16,0.2356,0.6975
19-1032.00,Foresters,2021,25.02,0.2442,-2.5,-1.0436,"Life, Physical, and Social Science",23,18,0.2594,0.6669
19-1032.00,Foresters,2022,23.62,0.4805,-2.8254,-0.6085,"Life, Physical, and Social Science",24,18,0.2609,0.6668
19-1032.00,Foresters,2023,26.8,0.0771,-2.0864,-1.6144,"Life, Physical, and Social Science",26,15,0.2226,0.7039
19-1032.00,Foresters,2024,31.92,0.2919,-0.8966,-1.2131,"Life, Physical, and Social Science",28,12,0.1484,0.7731
19-1032.00,Foresters,2025,35.53,0.2643,-0.0578,-1.3127,"Life, Physical, and Social Science",32,6,0.0761,0.8348
19-1032.00,Foresters,2026,36.15,0.0863,0.0863,-1.6897,"Life, Physical, and Social Science",34,3,0.0466,0.8602
19-1041.00,Epidemiologists,2020,24.9,0.6444,-2.5279,0.3033,"Life, Physical, and Social Science",17,16,0.199,0.7361
19-1041.00,Epidemiologists,2021,26.91,0.8793,-2.0609,0.6213,"Life, Physical, and Social Science",14,18,0.2235,0.7055
19-1041.00,Epidemiologists,2022,25.28,1.217,-2.4396,1.1046,"Life, Physical, and Social Science",15,18,0.2251,0.7001
19-1041.00,Epidemiologists,2023,30.73,1.1277,-1.1732,0.6907,"Life, Physical, and Social Science",15,15,0.204,0.7165
19-1041.00,Epidemiologists,2024,36.47,1.3157,0.1607,0.8984,"Life, Physical, and Social Science",18,12,0.112,0.8176
19-1041.00,Epidemiologists,2025,39.74,1.2189,0.9205,0.8127,"Life, Physical, and Social Science",20,6,0.0405,0.8809
19-1041.00,Epidemiologists,2026,41.19,1.2575,1.2575,0.8328,"Life, Physical, and Social Science",20,3,0.0405,0.8809
19-1042.00,"Medical Scientists, Except Epidemiologists",2020,24.58,0.5054,-2.6023,0.0248,"Life, Physical, and Social Science",19,16,0.1881,0.7439
19-1042.00,"Medical Scientists, Except Epidemiologists",2021,26.84,0.8558,-2.0771,0.5596,"Life, Physical, and Social Science",15,18,0.2309,0.6934
19-1042.00,"Medical Scientists, Except Epidemiologists",2022,24.38,0.8177,-2.6488,0.1758,"Life, Physical, and Social Science",17,18,0.22,0.7065
19-1042.00,"Medical Scientists, Except Epidemiologists",2023,30.13,0.9673,-1.3126,0.3388,"Life, Physical, and Social Science",18,15,0.1977,0.7379
19-1042.00,"Medical Scientists, Except Epidemiologists",2024,36.6,1.345,0.1909,0.9588,"Life, Physical, and Social Science",19,12,0.1256,0.7937
19-1042.00,"Medical Scientists, Except Epidemiologists",2025,39.38,1.1372,0.8369,0.631,"Life, Physical, and Social Science",22,6,0.0503,0.8655
19-1042.00,"Medical Scientists, Except Epidemiologists",2026,40.93,1.1971,1.1971,0.7026,"Life, Physical, and Social Science",22,3,0.0503,0.8655
19-2011.00,Astronomers,2020,24.48,0.462,-2.6255,-0.0623,"Life, Physical, and Social Science",17,16,0.206,0.7201
19-2011.00,Astronomers,2021,26.16,0.6273,-2.2351,-0.0394,"Life, Physical, and Social Science",15,18,0.2482,0.7005
19-2011.00,Astronomers,2022,25.06,1.1194,-2.4908,0.8776,"Life, Physical, and Social Science",16,18,0.2212,0.7154
19-2011.00,Astronomers,2023,31.44,1.3176,-1.0082,1.1072,"Life, Physical, and Social Science",16,15,0.2079,0.7309
19-2011.00,Astronomers,2024,36.35,1.2887,0.1328,0.8427,"Life, Physical, and Social Science",18,12,0.1318,0.7949
19-2011.00,Astronomers,2025,39.1,1.0738,0.7718,0.4896,"Life, Physical, and Social Science",20,6,0.0493,0.86
19-2011.00,Astronomers,2026,40.56,1.1111,1.1111,0.5175,"Life, Physical, and Social Science",20,3,0.0477,0.86
19-2012.00,Physicists,2020,24.18,0.3316,-2.6952,-0.3234,"Life, Physical, and Social Science",18,16,0.2211,0.7183
19-2012.00,Physicists,2021,26.03,0.5836,-2.2653,-0.1539,"Life, Physical, and Social Science",15,18,0.2697,0.6713
19-2012.00,Physicists,2022,26.26,1.6518,-2.2119,2.116,"Life, Physical, and Social Science",16,18,0.2308,0.6981
19-2012.00,Physicists,2023,31.84,1.4245,-0.9152,1.3418,"Life, Physical, and Social Science",17,15,0.1943,0.7511
19-2012.00,Physicists,2024,37.18,1.4755,0.3257,1.2279,"Life, Physical, and Social Science",18,12,0.1428,0.779
19-2012.00,Physicists,2025,39.68,1.2053,0.9066,0.7824,"Life, Physical, and Social Science",20,6,0.0355,0.8729
19-2012.00,Physicists,2026,41.02,1.218,1.218,0.7477,"Life, Physical, and Social Science",20,3,0.0355,0.8729
19-2021.00,Atmospheric and Space Scientists,2020,25.4,0.8617,-2.4117,0.7386,"Life, Physical, and Social Science",17,16,0.1833,0.742
19-2021.00,Atmospheric and Space Scientists,2021,26.81,0.8457,-2.0841,0.5332,"Life, Physical, and Social Science",15,18,0.2005,0.7411
19-2021.00,Atmospheric and Space Scientists,2022,24.96,1.0751,-2.514,0.7744,"Life, Physical, and Social Science",16,18,0.2156,0.7249
19-2021.00,Atmospheric and Space Scientists,2023,31.14,1.2374,-1.0779,0.9312,"Life, Physical, and Social Science",16,15,0.2104,0.7302
19-2021.00,Atmospheric and Space Scientists,2024,35.84,1.174,0.0143,0.6061,"Life, Physical, and Social Science",18,12,0.1089,0.8138
19-2021.00,Atmospheric and Space Scientists,2025,39.67,1.203,0.9043,0.7774,"Life, Physical, and Social Science",21,6,0.041,0.882
19-2021.00,Atmospheric and Space Scientists,2026,41.14,1.2459,1.2459,0.8077,"Life, Physical, and Social Science",21,3,0.041,0.882
19-2031.00,Chemists,2020,22.98,-0.1897,-2.9741,-1.368,"Life, Physical, and Social Science",21,16,0.2035,0.7273
19-2031.00,Chemists,2021,25.26,0.3248,-2.4443,-0.8322,"Life, Physical, and Social Science",17,18,0.2665,0.6626
19-2031.00,Chemists,2022,23.77,0.5471,-2.7905,-0.4537,"Life, Physical, and Social Science",20,18,0.2204,0.718
19-2031.00,Chemists,2023,29.38,0.7668,-1.4869,-0.1011,"Life, Physical, and Social Science",20,15,0.2018,0.7193
19-2031.00,Chemists,2024,34.58,0.8904,-0.2785,0.0213,"Life, Physical, and Social Science",22,12,0.1441,0.7715
19-2031.00,Chemists,2025,38.59,0.9581,0.6533,0.2321,"Life, Physical, and Social Science",25,6,0.0603,0.8501
19-2031.00,Chemists,2026,40.35,1.0623,1.0623,0.4123,"Life, Physical, and Social Science",25,3,0.0559,0.8501
19-2032.00,Materials Scientists,2020,23.84,0.1839,-2.7743,-0.6194,"Life, Physical, and Social Science",18,16,0.2027,0.7291
19-2032.00,Materials Scientists,2021,26.12,0.6138,-2.2444,-0.0747,"Life, Physical, and Social Science",15,18,0.2361,0.6947
19-2032.00,Materials Scientists,2022,23.89,0.6003,-2.7626,-0.3299,"Life, Physical, and Social Science",17,18,0.2252,0.7157
19-2032.00,Materials Scientists,2023,29.94,0.9165,-1.3568,0.2274,"Life, Physical, and Social Science",17,15,0.2009,0.7305
19-2032.00,Materials Scientists,2024,35.77,1.1582,-0.002,0.5736,"Life, Physical, and Social Science",19,12,0.1148,0.8084
19-2032.00,Materials Scientists,2025,39.06,1.0647,0.7625,0.4694,"Life, Physical, and Social Science",22,6,0.042,0.8784
19-2032.00,Materials Scientists,2026,40.65,1.132,1.132,0.5625,"Life, Physical, and Social Science",22,3,0.042,0.8784
19-2041.00,"Environmental Scientists and Specialists, Including Health",2020,25.28,0.8095,-2.4396,0.6341,"Life, Physical, and Social Science",18,16,0.1915,0.73
19-2041.00,"Environmental Scientists and Specialists, Including Health",2021,26.61,0.7785,-2.1306,0.357,"Life, Physical, and Social Science",16,18,0.2084,0.7272
19-2041.00,"Environmental Scientists and Specialists, Including Health",2022,24.3,0.7822,-2.6674,0.0932,"Life, Physical, and Social Science",17,18,0.2161,0.7145
19-2041.00,"Environmental Scientists and Specialists, Including Health",2023,29.96,0.9219,-1.3521,0.2391,"Life, Physical, and Social Science",17,15,0.1979,0.7244
19-2041.00,"Environmental Scientists and Specialists, Including Health",2024,36.36,1.291,0.1351,0.8474,"Life, Physical, and Social Science",19,12,0.1133,0.8009
19-2041.00,"Environmental Scientists and Specialists, Including Health",2025,39.36,1.1327,0.8322,0.6209,"Life, Physical, and Social Science",22,6,0.0447,0.8606
19-2041.00,"Environmental Scientists and Specialists, Including Health",2026,40.46,1.0878,1.0878,0.4674,"Life, Physical, and Social Science",23,3,0.0412,0.8777
19-2041.01,Climate Change Policy Analysts,2020,25.97,1.1093,-2.2793,1.2348,"Life, Physical, and Social Science",16,16,0.1896,0.7333
19-2041.01,Climate Change Policy Analysts,2021,27.14,0.9566,-2.0074,0.8239,"Life, Physical, and Social Science",15,18,0.2034,0.7429
19-2041.01,Climate Change Policy Analysts,2022,25.03,1.1061,-2.4977,0.8466,"Life, Physical, and Social Science",15,18,0.2198,0.7093
19-2041.01,Climate Change Policy Analysts,2023,30.53,1.0743,-1.2197,0.5734,"Life, Physical, and Social Science",16,15,0.1943,0.7463
19-2041.01,Climate Change Policy Analysts,2024,36.37,1.2932,0.1374,0.852,"Life, Physical, and Social Science",17,12,0.102,0.8098
19-2041.01,Climate Change Policy Analysts,2025,39.84,1.2415,0.9438,0.8632,"Life, Physical, and Social Science",20,6,0.035,0.8859
19-2041.01,Climate Change Policy Analysts,2026,41.03,1.2203,1.2203,0.7527,"Life, Physical, and Social Science",20,3,0.035,0.8859
19-2041.02,Environmental Restoration Planners,2020,24.75,0.5793,-2.5628,0.1728,"Life, Physical, and Social Science",21,16,0.2093,0.7222
19-2041.02,Environmental Restoration Planners,2021,26.72,0.8154,-2.105,0.4539,"Life, Physical, and Social Science",18,18,0.2525,0.6821
19-2041.02,Environmental Restoration Planners,2022,24.75,0.9819,-2.5628,0.5576,"Life, Physical, and Social Science",19,18,0.2377,0.6889
19-2041.02,Environmental Restoration Planners,2023,30.43,1.0475,-1.2429,0.5148,"Life, Physical, and Social Science",20,15,0.2139,0.7097
19-2041.02,Environmental Restoration Planners,2024,34.95,0.9737,-0.1925,0.193,"Life, Physical, and Social Science",22,12,0.1375,0.7854
19-2041.02,Environmental Restoration Planners,2025,37.6,0.7337,0.4233,-0.2677,"Life, Physical, and Social Science",25,6,0.0454,0.8659
19-2041.02,Environmental Restoration Planners,2026,38.81,0.7044,0.7044,-0.3584,"Life, Physical, and Social Science",26,3,0.0357,0.8746
19-2041.03,Industrial Ecologists,2020,24.89,0.6401,-2.5303,0.2946,"Life, Physical, and Social Science",17,16,0.1921,0.7476
19-2041.03,Industrial Ecologists,2021,26.42,0.7146,-2.1747,0.1896,"Life, Physical, and Social Science",15,18,0.207,0.7383
19-2041.03,Industrial Ecologists,2022,24.86,1.0307,-2.5372,0.6712,"Life, Physical, and Social Science",16,18,0.2043,0.7351
19-2041.03,Industrial Ecologists,2023,31.06,1.216,-1.0965,0.8843,"Life, Physical, and Social Science",16,15,0.1785,0.7538
19-2041.03,Industrial Ecologists,2024,36.72,1.372,0.2188,1.0144,"Life, Physical, and Social Science",18,12,0.0952,0.8249
19-2041.03,Industrial Ecologists,2025,39.77,1.2257,0.9275,0.8279,"Life, Physical, and Social Science",20,6,0.0402,0.8839
19-2041.03,Industrial Ecologists,2026,41.25,1.2714,1.2714,0.8628,"Life, Physical, and Social Science",20,3,0.0402,0.8839
19-2042.00,"Geoscientists, Except Hydrologists and Geographers",2020,24.39,0.4229,-2.6464,-0.1406,"Life, Physical, and Social Science",19,16,0.1944,0.7351
19-2042.00,"Geoscientists, Except Hydrologists and Geographers",2021,26.41,0.7113,-2.177,0.1808,"Life, Physical, and Social Science",16,18,0.2188,0.7052
19-2042.00,"Geoscientists, Except Hydrologists and Geographers",2022,24.81,1.0085,-2.5488,0.6196,"Life, Physical, and Social Science",17,18,0.222,0.7051
19-2042.00,"Geoscientists, Except Hydrologists and Geographers",2023,30.6,1.093,-1.2034,0.6145,"Life, Physical, and Social Science",18,15,0.1998,0.7285
19-2042.00,"Geoscientists, Except Hydrologists and Geographers",2024,35.75,1.1537,-0.0066,0.5643,"Life, Physical, and Social Science",20,12,0.1107,0.8012
19-2042.00,"Geoscientists, Except Hydrologists and Geographers",2025,39.15,1.0851,0.7834,0.5149,"Life, Physical, and Social Science",23,6,0.0462,0.866
19-2042.00,"Geoscientists, Except Hydrologists and Geographers",2026,40.84,1.1762,1.1762,0.6576,"Life, Physical, and Social Science",23,3,0.0387,0.866
19-2043.00,Hydrologists,2020,24.06,0.2795,-2.7231,-0.4279,"Life, Physical, and Social Science",20,16,0.2152,0.7171
19-2043.00,Hydrologists,2021,26.3,0.6743,-2.2026,0.0839,"Life, Physical, and Social Science",17,18,0.257,0.683
19-2043.00,Hydrologists,2022,24.46,0.8532,-2.6302,0.2584,"Life, Physical, and Social Science",18,18,0.228,0.6961
19-2043.00,Hydrologists,2023,30.71,1.1224,-1.1778,0.679,"Life, Physical, and Social Science",19,15,0.2154,0.7129
19-2043.00,Hydrologists,2024,35.38,1.0704,-0.0926,0.3926,"Life, Physical, and Social Science",21,12,0.1334,0.7893
19-2043.00,Hydrologists,2025,38.71,0.9853,0.6812,0.2927,"Life, Physical, and Social Science",24,6,0.0605,0.85
19-2043.00,Hydrologists,2026,40.49,1.0948,1.0948,0.4824,"Life, Physical, and Social Science",25,3,0.05,0.8587
19-2099.01,Remote Sensing Scientists and Technologists,2020,24.44,0.4446,-2.6348,-0.0971,"Life, Physical, and Social Science",18,16,0.2035,0.7246
19-2099.01,Remote Sensing Scientists and Technologists,2021,26.35,0.6911,-2.191,0.128,"Life, Physical, and Social Science",15,18,0.243,0.6901
19-2099.01,Remote Sensing Scientists and Technologists,2022,24.86,1.0307,-2.5372,0.6712,"Life, Physical, and Social Science",17,18,0.2075,0.7255
19-2099.01,Remote Sensing Scientists and Technologists,2023,31.17,1.2454,-1.0709,0.9488,"Life, Physical, and Social Science",17,15,0.1881,0.7381
19-2099.01,Remote Sensing Scientists and Technologists,2024,36.43,1.3067,0.1514,0.8799,"Life, Physical, and Social Science",19,12,0.1274,0.7994
19-2099.01,Remote Sensing Scientists and Technologists,2025,39.86,1.2461,0.9484,0.8733,"Life, Physical, and Social Science",21,6,0.0438,0.8633
19-2099.01,Remote Sensing Scientists and Technologists,2026,41.43,1.3133,1.3133,0.9529,"Life, Physical, and Social Science",21,3,0.0437,0.8633
19-3011.00,Economists,2020,26.08,1.1571,-2.2537,1.3305,"Life, Physical, and Social Science",15,16,0.2119,0.7213
19-3011.00,Economists,2021,27.34,1.0238,-1.9609,1.0,"Life, Physical, and Social Science",14,18,0.1988,0.7424
19-3011.00,Economists,2022,26.3,1.6696,-2.2026,2.1573,"Life, Physical, and Social Science",14,18,0.2011,0.7228
19-3011.00,Economists,2023,33.38,1.8362,-0.5574,2.2451,"Life, Physical, and Social Science",14,15,0.1921,0.7318
19-3011.00,Economists,2024,37.79,1.6127,0.4674,1.511,"Life, Physical, and Social Science",16,12,0.1162,0.7995
19-3011.00,Economists,2025,41.21,1.5522,1.2621,1.5548,"Life, Physical, and Social Science",18,6,0.0247,0.8967
19-3011.00,Economists,2026,42.7,1.6084,1.6084,1.5885,"Life, Physical, and Social Science",18,3,0.0247,0.8967
19-3011.01,Environmental Economists,2020,25.95,1.1006,-2.2839,1.2174,"Life, Physical, and Social Science",16,16,0.2072,0.7197
19-3011.01,Environmental Economists,2021,27.29,1.007,-1.9726,0.956,"Life, Physical, and Social Science",14,18,0.2291,0.7052
19-3011.01,Environmental Economists,2022,26.23,1.6385,-2.2189,2.085,"Life, Physical, and Social Science",15,18,0.2065,0.719
19-3011.01,Environmental Economists,2023,33.08,1.756,-0.6271,2.0691,"Life, Physical, and Social Science",15,15,0.1999,0.7319
19-3011.01,Environmental Economists,2024,37.45,1.5362,0.3884,1.3532,"Life, Physical, and Social Science",17,12,0.1164,0.7979
19-3011.01,Environmental Economists,2025,40.87,1.4751,1.1831,1.3832,"Life, Physical, and Social Science",19,6,0.0331,0.8795
19-3011.01,Environmental Economists,2026,42.04,1.455,1.455,1.2582,"Life, Physical, and Social Science",19,3,0.0331,0.8795
19-3022.00,Survey Researchers,2020,25.68,0.9833,-2.3467,0.9823,"Life, Physical, and Social Science",15,16,0.1898,0.7316
19-3022.00,Survey Researchers,2021,26.59,0.7718,-2.1352,0.3394,"Life, Physical, and Social Science",14,18,0.1858,0.7427
19-3022.00,Survey Researchers,2022,26.13,1.5941,-2.2421,1.9818,"Life, Physical, and Social Science",14,18,0.1877,0.7335
19-3022.00,Survey Researchers,2023,32.37,1.5662,-0.7921,1.6527,"Life, Physical, and Social Science",15,15,0.1691,0.7641
19-3022.00,Survey Researchers,2024,37.82,1.6195,0.4744,1.5249,"Life, Physical, and Social Science",17,12,0.1048,0.8196
19-3022.00,Survey Researchers,2025,40.66,1.4275,1.1343,1.2772,"Life, Physical, and Social Science",18,6,0.0319,0.8776
19-3022.00,Survey Researchers,2026,42.67,1.6014,1.6014,1.5735,"Life, Physical, and Social Science",18,3,0.0319,0.8776
19-3032.00,Industrial-Organizational Psychologists,2020,25.82,1.0441,-2.3141,1.1042,"Life, Physical, and Social Science",16,16,0.2084,0.7242
19-3032.00,Industrial-Organizational Psychologists,2021,27.11,0.9465,-2.0144,0.7974,"Life, Physical, and Social Science",14,18,0.2097,0.7233
19-3032.00,Industrial-Organizational Psychologists,2022,25.58,1.3501,-2.3699,1.4142,"Life, Physical, and Social Science",15,18,0.2254,0.7106
19-3032.00,Industrial-Organizational Psychologists,2023,31.25,1.2668,-1.0523,0.9957,"Life, Physical, and Social Science",15,15,0.1929,0.7383
19-3032.00,Industrial-Organizational Psychologists,2024,36.89,1.4102,0.2583,1.0933,"Life, Physical, and Social Science",17,12,0.1058,0.8152
19-3032.00,Industrial-Organizational Psychologists,2025,40.12,1.305,1.0088,1.0045,"Life, Physical, and Social Science",19,6,0.024,0.8932
19-3032.00,Industrial-Organizational Psychologists,2026,41.05,1.225,1.225,0.7627,"Life, Physical, and Social Science",19,3,0.024,0.8932
19-3033.00,Clinical and Counseling Psychologists,2020,26.57,1.3699,-2.1399,1.7571,"Life, Physical, and Social Science",16,16,0.2032,0.7314
19-3033.00,Clinical and Counseling Psychologists,2021,27.79,1.175,-1.8564,1.3964,"Life, Physical, and Social Science",14,18,0.182,0.7449
19-3033.00,Clinical and Counseling Psychologists,2022,23.72,0.5249,-2.8021,-0.5053,"Life, Physical, and Social Science",14,18,0.2419,0.6846
19-3033.00,Clinical and Counseling Psychologists,2023,28.4,0.5048,-1.7146,-0.6759,"Life, Physical, and Social Science",14,15,0.212,0.7099
19-3033.00,Clinical and Counseling Psychologists,2024,34.45,0.8612,-0.3087,-0.039,"Life, Physical, and Social Science",17,12,0.0885,0.835
19-3033.00,Clinical and Counseling Psychologists,2025,39.39,1.1395,0.8392,0.636,"Life, Physical, and Social Science",18,6,0.0291,0.8754
19-3033.00,Clinical and Counseling Psychologists,2026,39.94,0.967,0.967,0.2071,"Life, Physical, and Social Science",18,3,0.0291,0.8754
19-3034.00,School Psychologists,2020,26.33,1.2657,-2.1956,1.5481,"Life, Physical, and Social Science",16,16,0.1924,0.734
19-3034.00,School Psychologists,2021,27.4,1.044,-1.947,1.0529,"Life, Physical, and Social Science",14,18,0.1972,0.7343
19-3034.00,School Psychologists,2022,24.71,0.9641,-2.5721,0.5164,"Life, Physical, and Social Science",16,18,0.2069,0.7317
19-3034.00,School Psychologists,2023,30.92,1.1785,-1.129,0.8022,"Life, Physical, and Social Science",15,15,0.209,0.7151
19-3034.00,School Psychologists,2024,35.71,1.1447,-0.0159,0.5457,"Life, Physical, and Social Science",17,12,0.0986,0.8168
19-3034.00,School Psychologists,2025,39.48,1.1599,0.8601,0.6814,"Life, Physical, and Social Science",19,6,0.0362,0.8694
19-3034.00,School Psychologists,2026,40.92,1.1947,1.1947,0.6976,"Life, Physical, and Social Science",19,3,0.0362,0.8694
19-3039.02,Neuropsychologists,2020,25.81,1.0398,-2.3165,1.0955,"Life, Physical, and Social Science",17,16,0.1788,0.7391
19-3039.02,Neuropsychologists,2021,27.06,0.9297,-2.026,0.7534,"Life, Physical, and Social Science",15,18,0.1834,0.7409
19-3039.02,Neuropsychologists,2022,23.93,0.6181,-2.7533,-0.2886,"Life, Physical, and Social Science",16,18,0.2075,0.7147
19-3039.02,Neuropsychologists,2023,30.01,0.9353,-1.3405,0.2684,"Life, Physical, and Social Science",17,15,0.1983,0.7371
19-3039.02,Neuropsychologists,2024,35.89,1.1852,0.0259,0.6293,"Life, Physical, and Social Science",19,12,0.0841,0.8354
19-3039.02,Neuropsychologists,2025,39.84,1.2415,0.9438,0.8632,"Life, Physical, and Social Science",21,6,0.0366,0.8785
19-3039.02,Neuropsychologists,2026,41.36,1.297,1.297,0.9178,"Life, Physical, and Social Science",21,3,0.0366,0.8785
19-3039.03,Clinical Neuropsychologists,2020,25.64,0.9659,-2.356,0.9475,"Life, Physical, and Social Science",17,16,0.1848,0.7366
19-3039.03,Clinical Neuropsychologists,2021,27.38,1.0372,-1.9516,1.0353,"Life, Physical, and Social Science",15,18,0.1999,0.7269
19-3039.03,Clinical Neuropsychologists,2022,23.79,0.556,-2.7859,-0.4331,"Life, Physical, and Social Science",16,18,0.216,0.7077
19-3039.03,Clinical Neuropsychologists,2023,29.58,0.8203,-1.4404,0.0162,"Life, Physical, and Social Science",17,15,0.2114,0.7267
19-3039.03,Clinical Neuropsychologists,2024,35.97,1.2032,0.0445,0.6664,"Life, Physical, and Social Science",19,12,0.0974,0.8281
19-3039.03,Clinical Neuropsychologists,2025,39.26,1.11,0.809,0.5704,"Life, Physical, and Social Science",21,6,0.0485,0.8668
19-3039.03,Clinical Neuropsychologists,2026,40.82,1.1715,1.1715,0.6476,"Life, Physical, and Social Science",21,3,0.048,0.8668
19-3041.00,Sociologists,2020,26.39,1.2917,-2.1817,1.6004,"Life, Physical, and Social Science",15,16,0.1936,0.7427
19-3041.00,Sociologists,2021,27.42,1.0507,-1.9423,1.0705,"Life, Physical, and Social Science",13,18,0.1648,0.7527
19-3041.00,Sociologists,2022,25.15,1.1594,-2.4698,0.9705,"Life, Physical, and Social Science",14,18,0.2149,0.7181
19-3041.00,Sociologists,2023,30.6,1.093,-1.2034,0.6145,"Life, Physical, and Social Science",14,15,0.1949,0.7381
19-3041.00,Sociologists,2024,36.1,1.2325,0.0747,0.7267,"Life, Physical, and Social Science",16,12,0.0785,0.8419
19-3041.00,Sociologists,2025,41.18,1.5454,1.2552,1.5397,"Life, Physical, and Social Science",17,6,0.0256,0.88
19-3041.00,Sociologists,2026,42.29,1.5131,1.5131,1.3833,"Life, Physical, and Social Science",17,3,0.0256,0.88
19-3051.00,Urban and Regional Planners,2020,25.16,0.7574,-2.4675,0.5297,"Life, Physical, and Social Science",17,16,0.206,0.7226
19-3051.00,Urban and Regional Planners,2021,27.14,0.9566,-2.0074,0.8239,"Life, Physical, and Social Science",14,18,0.2451,0.6797
19-3051.00,Urban and Regional Planners,2022,24.78,0.9952,-2.5558,0.5886,"Life, Physical, and Social Science",16,18,0.2322,0.7066
19-3051.00,Urban and Regional Planners,2023,30.41,1.0422,-1.2475,0.503,"Life, Physical, and Social Science",16,15,0.2072,0.72
19-3051.00,Urban and Regional Planners,2024,35.19,1.0277,-0.1368,0.3044,"Life, Physical, and Social Science",18,12,0.1263,0.8022
19-3051.00,Urban and Regional Planners,2025,38.69,0.9808,0.6765,0.2826,"Life, Physical, and Social Science",20,6,0.0356,0.8702
19-3051.00,Urban and Regional Planners,2026,40.06,0.9949,0.9949,0.2672,"Life, Physical, and Social Science",20,3,0.0356,0.8702
19-3091.00,Anthropologists and Archeologists,2020,25.12,0.74,-2.4768,0.4949,"Life, Physical, and Social Science",18,16,0.1879,0.7338
19-3091.00,Anthropologists and Archeologists,2021,26.65,0.7919,-2.1213,0.3922,"Life, Physical, and Social Science",15,18,0.2201,0.7074
19-3091.00,Anthropologists and Archeologists,2022,23.82,0.5693,-2.7789,-0.4021,"Life, Physical, and Social Science",17,18,0.2322,0.7076
19-3091.00,Anthropologists and Archeologists,2023,29.18,0.7134,-1.5334,-0.2184,"Life, Physical, and Social Science",17,15,0.2211,0.7182
19-3091.00,Anthropologists and Archeologists,2024,34.3,0.8274,-0.3436,-0.1086,"Life, Physical, and Social Science",19,12,0.1133,0.8058
19-3091.00,Anthropologists and Archeologists,2025,38.37,0.9082,0.6022,0.1211,"Life, Physical, and Social Science",22,6,0.0538,0.8684
19-3091.00,Anthropologists and Archeologists,2026,39.9,0.9577,0.9577,0.1871,"Life, Physical, and Social Science",22,3,0.0499,0.8684
19-3092.00,Geographers,2020,25.3,0.8182,-2.435,0.6515,"Life, Physical, and Social Science",17,16,0.1779,0.7495
19-3092.00,Geographers,2021,26.87,0.8659,-2.0702,0.586,"Life, Physical, and Social Science",15,18,0.2134,0.7354
19-3092.00,Geographers,2022,24.33,0.7956,-2.6604,0.1242,"Life, Physical, and Social Science",16,18,0.2064,0.7273
19-3092.00,Geographers,2023,30.31,1.0155,-1.2708,0.4444,"Life, Physical, and Social Science",16,15,0.2054,0.7329
19-3092.00,Geographers,2024,34.7,0.9174,-0.2506,0.077,"Life, Physical, and Social Science",18,12,0.1031,0.8216
19-3092.00,Geographers,2025,39.15,1.0851,0.7834,0.5149,"Life, Physical, and Social Science",20,6,0.0332,0.8748
19-3092.00,Geographers,2026,40.66,1.1343,1.1343,0.5675,"Life, Physical, and Social Science",20,3,0.0332,0.8748
19-3093.00,Historians,2020,27.23,1.6567,-1.9865,2.3316,"Life, Physical, and Social Science",15,16,0.171,0.7526
19-3093.00,Historians,2021,28.06,1.2658,-1.7936,1.6343,"Life, Physical, and Social Science",14,18,0.1523,0.784
19-3093.00,Historians,2022,23.22,0.3031,-2.9183,-1.0214,"Life, Physical, and Social Science",14,18,0.2106,0.7253
19-3093.00,Historians,2023,28.57,0.5503,-1.6751,-0.5762,"Life, Physical, and Social Science",14,15,0.1965,0.7391
19-3093.00,Historians,2024,33.78,0.7104,-0.4644,-0.3499,"Life, Physical, and Social Science",16,12,0.0708,0.8407
19-3093.00,Historians,2025,39.73,1.2166,0.9182,0.8077,"Life, Physical, and Social Science",17,6,0.0283,0.8757
19-3093.00,Historians,2026,40.93,1.1971,1.1971,0.7026,"Life, Physical, and Social Science",17,3,0.0283,0.8757
19-3094.00,Political Scientists,2020,27.23,1.6567,-1.9865,2.3316,"Life, Physical, and Social Science",15,16,0.1793,0.7488
19-3094.00,Political Scientists,2021,28.34,1.3599,-1.7286,1.8809,"Life, Physical, and Social Science",14,18,0.1578,0.7703
19-3094.00,Political Scientists,2022,25.24,1.1993,-2.4489,1.0633,"Life, Physical, and Social Science",14,18,0.2088,0.7223
19-3094.00,Political Scientists,2023,30.71,1.1224,-1.1778,0.679,"Life, Physical, and Social Science",14,15,0.196,0.7321
19-3094.00,Political Scientists,2024,35.59,1.1177,-0.0438,0.49,"Life, Physical, and Social Science",17,12,0.0721,0.8594
19-3094.00,Political Scientists,2025,40.71,1.4388,1.1459,1.3024,"Life, Physical, and Social Science",18,6,0.0281,0.891
19-3094.00,Political Scientists,2026,41.76,1.3899,1.3899,1.118,"Life, Physical, and Social Science",18,3,0.0281,0.891
19-3099.01,Transportation Planners,2020,24.46,0.4533,-2.6302,-0.0797,"Life, Physical, and Social Science",18,16,0.2019,0.7413
19-3099.01,Transportation Planners,2021,26.74,0.8222,-2.1004,0.4715,"Life, Physical, and Social Science",15,18,0.2641,0.6703
19-3099.01,Transportation Planners,2022,24.97,1.0795,-2.5117,0.7847,"Life, Physical, and Social Science",16,18,0.233,0.6942
19-3099.01,Transportation Planners,2023,29.79,0.8764,-1.3916,0.1394,"Life, Physical, and Social Science",16,15,0.2105,0.711
19-3099.01,Transportation Planners,2024,34.98,0.9804,-0.1856,0.2069,"Life, Physical, and Social Science",19,12,0.1191,0.8138
19-3099.01,Transportation Planners,2025,37.87,0.7949,0.486,-0.1313,"Life, Physical, and Social Science",21,6,0.0342,0.8855
19-3099.01,Transportation Planners,2026,39.29,0.816,0.816,-0.1182,"Life, Physical, and Social Science",21,3,0.0342,0.8855
19-4012.00,Agricultural Technicians,2020,23.11,-0.1332,-2.9439,-1.2548,"Life, Physical, and Social Science",26,16,0.2592,0.6763
19-4012.00,Agricultural Technicians,2021,23.27,-0.3439,-2.9067,-2.5852,"Life, Physical, and Social Science",24,18,0.306,0.6331
19-4012.00,Agricultural Technicians,2022,22.65,0.0502,-3.0508,-1.6096,"Life, Physical, and Social Science",24,18,0.2877,0.6411
19-4012.00,Agricultural Technicians,2023,26.27,-0.0646,-2.2096,-1.9253,"Life, Physical, and Social Science",26,15,0.2449,0.6799
19-4012.00,Agricultural Technicians,2024,30.22,-0.0906,-1.2917,-2.0021,"Life, Physical, and Social Science",28,12,0.1735,0.7463
19-4012.00,Agricultural Technicians,2025,33.93,-0.0984,-0.4296,-2.1204,"Life, Physical, and Social Science",33,6,0.0806,0.8371
19-4012.00,Agricultural Technicians,2026,35.24,-0.1252,-0.1252,-2.1451,"Life, Physical, and Social Science",34,3,0.0535,0.8541
19-4012.01,Precision Agriculture Technicians,2020,22.69,-0.3157,-3.0415,-1.6204,"Life, Physical, and Social Science",24,16,0.2244,0.7074
19-4012.01,Precision Agriculture Technicians,2021,24.32,0.0089,-2.6627,-1.6603,"Life, Physical, and Social Science",21,18,0.2789,0.6536
19-4012.01,Precision Agriculture Technicians,2022,22.99,0.201,-2.9718,-1.2587,"Life, Physical, and Social Science",23,18,0.2581,0.6783
19-4012.01,Precision Agriculture Technicians,2023,27.2,0.184,-1.9935,-1.3798,"Life, Physical, and Social Science",24,15,0.2246,0.7049
19-4012.01,Precision Agriculture Technicians,2024,31.39,0.1726,-1.0198,-1.4591,"Life, Physical, and Social Science",26,12,0.1391,0.7824
19-4012.01,Precision Agriculture Technicians,2025,35.62,0.2847,-0.0369,-1.2672,"Life, Physical, and Social Science",29,6,0.0704,0.8409
19-4012.01,Precision Agriculture Technicians,2026,37.78,0.4651,0.4651,-0.8739,"Life, Physical, and Social Science",30,3,0.0562,0.8518
19-4013.00,Food Science Technicians,2020,23.69,0.1188,-2.8091,-0.7499,"Life, Physical, and Social Science",21,16,0.1975,0.7322
19-4013.00,Food Science Technicians,2021,24.71,0.14,-2.5721,-1.3167,"Life, Physical, and Social Science",18,18,0.2754,0.6601
19-4013.00,Food Science Technicians,2022,23.42,0.3918,-2.8719,-0.815,"Life, Physical, and Social Science",20,18,0.2382,0.6958
19-4013.00,Food Science Technicians,2023,29.0,0.6652,-1.5752,-0.324,"Life, Physical, and Social Science",21,15,0.2335,0.6957
19-4013.00,Food Science Technicians,2024,32.18,0.3504,-0.8362,-1.0925,"Life, Physical, and Social Science",23,12,0.1484,0.7764
19-4013.00,Food Science Technicians,2025,36.15,0.4049,0.0863,-0.9997,"Life, Physical, and Social Science",26,6,0.0639,0.854
19-4013.00,Food Science Technicians,2026,38.46,0.6231,0.6231,-0.5336,"Life, Physical, and Social Science",26,3,0.0595,0.854
19-4021.00,Biological Technicians,2020,23.34,-0.0333,-2.8904,-1.0546,"Life, Physical, and Social Science",22,16,0.203,0.7299
19-4021.00,Biological Technicians,2021,24.6,0.103,-2.5976,-1.4136,"Life, Physical, and Social Science",18,18,0.2887,0.6423
19-4021.00,Biological Technicians,2022,23.17,0.2809,-2.9299,-1.073,"Life, Physical, and Social Science",21,18,0.2447,0.6915
19-4021.00,Biological Technicians,2023,27.78,0.3391,-1.8587,-1.0396,"Life, Physical, and Social Science",22,15,0.2301,0.7064
19-4021.00,Biological Technicians,2024,32.44,0.4089,-0.7758,-0.9718,"Life, Physical, and Social Science",24,12,0.1364,0.7842
19-4021.00,Biological Technicians,2025,36.67,0.5228,0.2071,-0.7372,"Life, Physical, and Social Science",27,6,0.0772,0.8394
19-4021.00,Biological Technicians,2026,38.51,0.6347,0.6347,-0.5085,"Life, Physical, and Social Science",28,3,0.0656,0.852
19-4031.00,Chemical Technicians,2020,23.18,-0.1028,-2.9276,-1.1939,"Life, Physical, and Social Science",23,16,0.2187,0.716
19-4031.00,Chemical Technicians,2021,24.99,0.2341,-2.507,-1.0701,"Life, Physical, and Social Science",20,18,0.2919,0.6468
19-4031.00,Chemical Technicians,2022,22.73,0.0857,-3.0322,-1.527,"Life, Physical, and Social Science",21,18,0.2568,0.6694
19-4031.00,Chemical Technicians,2023,27.19,0.1814,-1.9958,-1.3856,"Life, Physical, and Social Science",22,15,0.2304,0.694
19-4031.00,Chemical Technicians,2024,31.94,0.2964,-0.892,-1.2039,"Life, Physical, and Social Science",25,12,0.1451,0.7767
19-4031.00,Chemical Technicians,2025,36.37,0.4548,0.1374,-0.8886,"Life, Physical, and Social Science",28,6,0.0742,0.8366
19-4031.00,Chemical Technicians,2026,38.53,0.6394,0.6394,-0.4985,"Life, Physical, and Social Science",29,3,0.0592,0.8495
19-4042.00,"Environmental Science and Protection Technicians, Including Health",2020,23.95,0.2317,-2.7487,-0.5236,"Life, Physical, and Social Science",24,16,0.2174,0.7045
19-4042.00,"Environmental Science and Protection Technicians, Including Health",2021,25.13,0.2811,-2.4745,-0.9467,"Life, Physical, and Social Science",22,18,0.2692,0.6628
19-4042.00,"Environmental Science and Protection Technicians, Including Health",2022,23.81,0.5648,-2.7812,-0.4125,"Life, Physical, and Social Science",23,18,0.2519,0.6784
19-4042.00,"Environmental Science and Protection Technicians, Including Health",2023,28.07,0.4166,-1.7913,-0.8695,"Life, Physical, and Social Science",25,15,0.2186,0.7115
19-4042.00,"Environmental Science and Protection Technicians, Including Health",2024,32.29,0.3752,-0.8107,-1.0414,"Life, Physical, and Social Science",27,12,0.1448,0.7778
19-4042.00,"Environmental Science and Protection Technicians, Including Health",2025,36.33,0.4457,0.1281,-0.9088,"Life, Physical, and Social Science",30,6,0.0724,0.8426
19-4042.00,"Environmental Science and Protection Technicians, Including Health",2026,37.7,0.4465,0.4465,-0.9139,"Life, Physical, and Social Science",31,3,0.0533,0.8522
19-4043.00,"Geological Technicians, Except Hydrologic Technicians",2020,23.7,0.1231,-2.8068,-0.7412,"Life, Physical, and Social Science",25,16,0.2228,0.7059
19-4043.00,"Geological Technicians, Except Hydrologic Technicians",2021,24.89,0.2005,-2.5303,-1.1581,"Life, Physical, and Social Science",23,18,0.2775,0.6605
19-4043.00,"Geological Technicians, Except Hydrologic Technicians",2022,23.66,0.4983,-2.8161,-0.5673,"Life, Physical, and Social Science",24,18,0.2553,0.679
19-4043.00,"Geological Technicians, Except Hydrologic Technicians",2023,27.72,0.3231,-1.8726,-1.0748,"Life, Physical, and Social Science",26,15,0.2377,0.6929
19-4043.00,"Geological Technicians, Except Hydrologic Technicians",2024,31.89,0.2851,-0.9036,-1.2271,"Life, Physical, and Social Science",28,12,0.1488,0.7706
19-4043.00,"Geological Technicians, Except Hydrologic Technicians",2025,35.91,0.3505,0.0305,-1.1208,"Life, Physical, and Social Science",31,6,0.0832,0.8276
19-4043.00,"Geological Technicians, Except Hydrologic Technicians",2026,36.91,0.2629,0.2629,-1.3093,"Life, Physical, and Social Science",33,3,0.0645,0.85
19-4051.00,Nuclear Technicians,2020,22.62,-0.3461,-3.0578,-1.6814,"Life, Physical, and Social Science",25,16,0.2315,0.6987
19-4051.00,Nuclear Technicians,2021,23.76,-0.1793,-2.7928,-2.1536,"Life, Physical, and Social Science",23,18,0.3025,0.6378
19-4051.00,Nuclear Technicians,2022,22.3,-0.1051,-3.1321,-1.9708,"Life, Physical, and Social Science",24,18,0.2737,0.6588
19-4051.00,Nuclear Technicians,2023,25.78,-0.1956,-2.3234,-2.2127,"Life, Physical, and Social Science",26,15,0.2591,0.6741
19-4051.00,Nuclear Technicians,2024,29.53,-0.2459,-1.452,-2.3223,"Life, Physical, and Social Science",28,12,0.1511,0.7653
19-4051.00,Nuclear Technicians,2025,33.5,-0.1959,-0.5295,-2.3375,"Life, Physical, and Social Science",32,6,0.0846,0.8314
19-4051.00,Nuclear Technicians,2026,35.25,-0.1228,-0.1228,-2.1401,"Life, Physical, and Social Science",33,3,0.0683,0.844
19-4051.02,Nuclear Monitoring Technicians,2020,23.59,0.0753,-2.8323,-0.837,"Life, Physical, and Social Science",23,16,0.2139,0.7147
19-4051.02,Nuclear Monitoring Technicians,2021,25.37,0.3618,-2.4187,-0.7353,"Life, Physical, and Social Science",20,18,0.2928,0.6406
19-4051.02,Nuclear Monitoring Technicians,2022,23.35,0.3608,-2.8881,-0.8872,"Life, Physical, and Social Science",22,18,0.2566,0.6728
19-4051.02,Nuclear Monitoring Technicians,2023,28.18,0.446,-1.7657,-0.805,"Life, Physical, and Social Science",23,15,0.2444,0.6805
19-4051.02,Nuclear Monitoring Technicians,2024,33.24,0.5889,-0.5899,-0.6006,"Life, Physical, and Social Science",25,12,0.1521,0.769
19-4051.02,Nuclear Monitoring Technicians,2025,36.19,0.414,0.0956,-0.9795,"Life, Physical, and Social Science",29,6,0.0683,0.845
19-4051.02,Nuclear Monitoring Technicians,2026,37.66,0.4372,0.4372,-0.934,"Life, Physical, and Social Science",30,3,0.0542,0.8564
19-4061.00,Social Science Research Assistants,2020,25.25,0.7965,-2.4466,0.608,"Life, Physical, and Social Science",18,16,0.1884,0.7421
19-4061.00,Social Science Research Assistants,2021,26.89,0.8726,-2.0655,0.6036,"Life, Physical, and Social Science",15,18,0.232,0.7072
19-4061.00,Social Science Research Assistants,2022,24.56,0.8976,-2.6069,0.3616,"Life, Physical, and Social Science",17,18,0.2128,0.7192
19-4061.00,Social Science Research Assistants,2023,30.6,1.093,-1.2034,0.6145,"Life, Physical, and Social Science",17,15,0.203,0.731
19-4061.00,Social Science Research Assistants,2024,34.71,0.9197,-0.2483,0.0816,"Life, Physical, and Social Science",18,12,0.1134,0.8008
19-4061.00,Social Science Research Assistants,2025,39.12,1.0783,0.7765,0.4997,"Life, Physical, and Social Science",20,6,0.0531,0.8591
19-4061.00,Social Science Research Assistants,2026,40.12,1.0088,1.0088,0.2972,"Life, Physical, and Social Science",20,3,0.0531,0.8591
19-4071.00,Forest and Conservation Technicians,2020,21.28,-0.9282,-3.3691,-2.8478,"Life, Physical, and Social Science",28,16,0.2543,0.678
19-4071.00,Forest and Conservation Technicians,2021,22.3,-0.6699,-3.1321,-3.4396,"Life, Physical, and Social Science",26,18,0.3054,0.6291
19-4071.00,Forest and Conservation Technicians,2022,21.28,-0.5576,-3.3691,-3.0235,"Life, Physical, and Social Science",27,18,0.2917,0.6498
19-4071.00,Forest and Conservation Technicians,2023,24.18,-0.6233,-2.6952,-3.1512,"Life, Physical, and Social Science",28,15,0.2524,0.6729
19-4071.00,Forest and Conservation Technicians,2024,27.85,-0.6239,-1.8424,-3.1019,"Life, Physical, and Social Science",31,12,0.1791,0.7486
19-4071.00,Forest and Conservation Technicians,2025,31.78,-0.5859,-0.9292,-3.2058,"Life, Physical, and Social Science",36,6,0.0884,0.8326
19-4071.00,Forest and Conservation Technicians,2026,32.76,-0.7015,-0.7015,-3.3863,"Life, Physical, and Social Science",38,3,0.0494,0.8668
19-4092.00,Forensic Science Technicians,2020,23.78,0.1579,-2.7882,-0.6716,"Life, Physical, and Social Science",24,16,0.2036,0.7276
19-4092.00,Forensic Science Technicians,2021,25.45,0.3887,-2.4001,-0.6648,"Life, Physical, and Social Science",21,18,0.2617,0.6709
19-4092.00,Forensic Science Technicians,2022,23.46,0.4096,-2.8626,-0.7737,"Life, Physical, and Social Science",23,18,0.2536,0.6824
19-4092.00,Forensic Science Technicians,2023,27.77,0.3364,-1.861,-1.0454,"Life, Physical, and Social Science",24,15,0.2271,0.7013
19-4092.00,Forensic Science Technicians,2024,31.63,0.2266,-0.964,-1.3477,"Life, Physical, and Social Science",26,12,0.1433,0.78
19-4092.00,Forensic Science Technicians,2025,35.7,0.3029,-0.0183,-1.2268,"Life, Physical, and Social Science",30,6,0.0816,0.8362
19-4092.00,Forensic Science Technicians,2026,37.13,0.314,0.314,-1.1992,"Life, Physical, and Social Science",31,3,0.0637,0.8469
19-4099.01,Quality Control Analysts,2020,23.67,0.1101,-2.8138,-0.7674,"Life, Physical, and Social Science",22,16,0.2075,0.7181
19-4099.01,Quality Control Analysts,2021,24.94,0.2173,-2.5186,-1.1141,"Life, Physical, and Social Science",19,18,0.2882,0.6523
19-4099.01,Quality Control Analysts,2022,22.71,0.0768,-3.0368,-1.5477,"Life, Physical, and Social Science",21,18,0.2442,0.6909
19-4099.01,Quality Control Analysts,2023,27.91,0.3738,-1.8285,-0.9633,"Life, Physical, and Social Science",22,15,0.235,0.7029
19-4099.01,Quality Control Analysts,2024,31.75,0.2536,-0.9362,-1.292,"Life, Physical, and Social Science",24,12,0.1498,0.7805
19-4099.01,Quality Control Analysts,2025,36.23,0.4231,0.1049,-0.9593,"Life, Physical, and Social Science",27,6,0.0776,0.8386
19-4099.01,Quality Control Analysts,2026,37.52,0.4047,0.4047,-1.004,"Life, Physical, and Social Science",28,3,0.0606,0.8499
19-4099.03,Remote Sensing Technicians,2020,23.62,0.0884,-2.8254,-0.8109,"Life, Physical, and Social Science",21,16,0.2151,0.7188
19-4099.03,Remote Sensing Technicians,2021,25.45,0.3887,-2.4001,-0.6648,"Life, Physical, and Social Science",18,18,0.2877,0.6519
19-4099.03,Remote Sensing Technicians,2022,23.97,0.6358,-2.744,-0.2473,"Life, Physical, and Social Science",20,18,0.2432,0.6931
19-4099.03,Remote Sensing Technicians,2023,29.0,0.6652,-1.5752,-0.324,"Life, Physical, and Social Science",21,15,0.2124,0.7193
19-4099.03,Remote Sensing Technicians,2024,34.01,0.7622,-0.411,-0.2432,"Life, Physical, and Social Science",22,12,0.142,0.775
19-4099.03,Remote Sensing Technicians,2025,37.85,0.7903,0.4813,-0.1414,"Life, Physical, and Social Science",25,6,0.0649,0.8431
19-4099.03,Remote Sensing Technicians,2026,39.44,0.8508,0.8508,-0.0431,"Life, Physical, and Social Science",25,3,0.0646,0.8431
19-5011.00,Occupational Health and Safety Specialists,2020,24.71,0.5619,-2.5721,0.138,"Life, Physical, and Social Science",21,16,0.1935,0.7401
19-5011.00,Occupational Health and Safety Specialists,2021,26.8,0.8423,-2.0864,0.5244,"Life, Physical, and Social Science",18,18,0.242,0.6995
19-5011.00,Occupational Health and Safety Specialists,2022,24.37,0.8133,-2.6511,0.1655,"Life, Physical, and Social Science",19,18,0.2294,0.6951
19-5011.00,Occupational Health and Safety Specialists,2023,30.04,0.9433,-1.3335,0.286,"Life, Physical, and Social Science",20,15,0.2063,0.7163
19-5011.00,Occupational Health and Safety Specialists,2024,34.89,0.9602,-0.2065,0.1652,"Life, Physical, and Social Science",22,12,0.1327,0.7953
19-5011.00,Occupational Health and Safety Specialists,2025,37.6,0.7337,0.4233,-0.2677,"Life, Physical, and Social Science",25,6,0.0652,0.8431
19-5011.00,Occupational Health and Safety Specialists,2026,39.05,0.7602,0.7602,-0.2383,"Life, Physical, and Social Science",26,3,0.0588,0.8571
19-5012.00,Occupational Health and Safety Technicians,2020,24.05,0.2752,-2.7255,-0.4366,"Life, Physical, and Social Science",22,16,0.2016,0.7187
19-5012.00,Occupational Health and Safety Technicians,2021,26.42,0.7146,-2.1747,0.1896,"Life, Physical, and Social Science",20,18,0.2454,0.6881
19-5012.00,Occupational Health and Safety Technicians,2022,23.69,0.5116,-2.8091,-0.5363,"Life, Physical, and Social Science",21,18,0.2499,0.6764
19-5012.00,Occupational Health and Safety Technicians,2023,29.07,0.684,-1.5589,-0.2829,"Life, Physical, and Social Science",22,15,0.2305,0.695
19-5012.00,Occupational Health and Safety Technicians,2024,34.36,0.8409,-0.3296,-0.0808,"Life, Physical, and Social Science",24,12,0.1393,0.7791
19-5012.00,Occupational Health and Safety Technicians,2025,36.62,0.5115,0.1955,-0.7624,"Life, Physical, and Social Science",28,6,0.0664,0.8433
19-5012.00,Occupational Health and Safety Technicians,2026,37.79,0.4674,0.4674,-0.8689,"Life, Physical, and Social Science",30,3,0.0525,0.8604
21-1011.00,Substance Abuse and Behavioral Disorder Counselors,2020,25.9,1.0789,-2.2956,-0.41,Community and Social Service,18,16,0.2143,0.709
21-1011.00,Substance Abuse and Behavioral Disorder Counselors,2021,27.26,0.9969,-1.9795,-0.0241,Community and Social Service,16,18,0.2133,0.7139
21-1011.00,Substance Abuse and Behavioral Disorder Counselors,2022,24.16,0.7201,-2.6999,0.495,Community and Social Service,18,18,0.2532,0.6802
21-1011.00,Substance Abuse and Behavioral Disorder Counselors,2023,29.2,0.7187,-1.5287,0.7287,Community and Social Service,18,15,0.2335,0.6975
21-1011.00,Substance Abuse and Behavioral Disorder Counselors,2024,33.82,0.7194,-0.4551,-0.4751,Community and Social Service,20,12,0.1198,0.8054
21-1011.00,Substance Abuse and Behavioral Disorder Counselors,2025,37.81,0.7813,0.472,-0.1955,Community and Social Service,23,6,0.0452,0.8601
21-1011.00,Substance Abuse and Behavioral Disorder Counselors,2026,38.96,0.7393,0.7393,0.0025,Community and Social Service,25,3,0.0296,0.8781
21-1012.00,"Educational, Guidance, and Career Counselors and Advisors",2020,26.35,1.2744,-2.191,0.49,Community and Social Service,16,16,0.2025,0.7235
21-1012.00,"Educational, Guidance, and Career Counselors and Advisors",2021,27.68,1.1381,-1.8819,0.6501,Community and Social Service,14,18,0.2019,0.7242
21-1012.00,"Educational, Guidance, and Career Counselors and Advisors",2022,24.37,0.8133,-2.6511,0.9833,Community and Social Service,15,18,0.2414,0.6921
21-1012.00,"Educational, Guidance, and Career Counselors and Advisors",2023,29.87,0.8978,-1.373,1.8641,Community and Social Service,15,15,0.228,0.7054
21-1012.00,"Educational, Guidance, and Career Counselors and Advisors",2024,35.83,1.1717,0.0119,1.925,Community and Social Service,17,12,0.0973,0.8145
21-1012.00,"Educational, Guidance, and Career Counselors and Advisors",2025,39.53,1.1713,0.8717,1.8073,Community and Social Service,19,6,0.0248,0.8835
21-1012.00,"Educational, Guidance, and Career Counselors and Advisors",2026,40.64,1.1297,1.1297,1.9491,Community and Social Service,19,3,0.0248,0.8835
21-1013.00,Marriage and Family Therapists,2020,26.06,1.1484,-2.2584,-0.09,Community and Social Service,16,16,0.2034,0.7359
21-1013.00,Marriage and Family Therapists,2021,27.01,0.9129,-2.0376,-0.4254,Community and Social Service,14,18,0.1989,0.7314
21-1013.00,Marriage and Family Therapists,2022,23.83,0.5737,-2.7766,-0.2724,Community and Social Service,14,18,0.257,0.6738
21-1013.00,Marriage and Family Therapists,2023,28.09,0.422,-1.7867,-1.1524,Community and Social Service,14,15,0.2229,0.7065
21-1013.00,Marriage and Family Therapists,2024,34.87,0.9557,-0.2111,0.7787,Community and Social Service,17,12,0.096,0.8281
21-1013.00,Marriage and Family Therapists,2025,38.47,0.9309,0.6254,0.5731,Community and Social Service,18,6,0.0342,0.8714
21-1013.00,Marriage and Family Therapists,2026,39.65,0.8996,0.8996,0.802,Community and Social Service,18,3,0.0329,0.8714
21-1014.00,Mental Health Counselors,2020,26.21,1.2135,-2.2235,0.21,Community and Social Service,15,16,0.1907,0.7356
21-1014.00,Mental Health Counselors,2021,27.47,1.0675,-1.9307,0.313,Community and Social Service,14,18,0.1758,0.7557
21-1014.00,Mental Health Counselors,2022,24.11,0.6979,-2.7115,0.3787,Community and Social Service,14,18,0.2385,0.6985
21-1014.00,Mental Health Counselors,2023,28.54,0.5423,-1.6821,-0.3898,Community and Social Service,14,15,0.2186,0.7143
21-1014.00,Mental Health Counselors,2024,35.16,1.0209,-0.1437,1.125,Community and Social Service,17,12,0.0792,0.8514
21-1014.00,Mental Health Counselors,2025,39.31,1.1214,0.8206,1.5512,Community and Social Service,18,6,0.0325,0.8878
21-1014.00,Mental Health Counselors,2026,40.13,1.0112,1.0112,1.3582,Community and Social Service,18,3,0.0292,0.8878
21-1015.00,Rehabilitation Counselors,2020,26.55,1.3612,-2.1445,0.89,Community and Social Service,16,16,0.1938,0.7316
21-1015.00,Rehabilitation Counselors,2021,27.66,1.1313,-1.8866,0.618,Community and Social Service,14,18,0.1858,0.7416
21-1015.00,Rehabilitation Counselors,2022,23.82,0.5693,-2.7789,-0.2957,Community and Social Service,15,18,0.2236,0.7053
21-1015.00,Rehabilitation Counselors,2023,28.72,0.5904,-1.6403,-0.0847,Community and Social Service,15,15,0.1965,0.7337
21-1015.00,Rehabilitation Counselors,2024,34.72,0.9219,-0.246,0.5996,Community and Social Service,17,12,0.0986,0.8225
21-1015.00,Rehabilitation Counselors,2025,38.07,0.8402,0.5325,0.1073,Community and Social Service,19,6,0.0353,0.8746
21-1015.00,Rehabilitation Counselors,2026,39.2,0.7951,0.7951,0.2806,Community and Social Service,19,3,0.0324,0.8746
21-1021.00,"Child, Family, and School Social Workers",2020,26.4,1.2961,-2.1794,0.59,Community and Social Service,19,16,0.2073,0.7214
21-1021.00,"Child, Family, and School Social Workers",2021,27.33,1.0204,-1.9633,0.0883,Community and Social Service,16,18,0.2058,0.7173
21-1021.00,"Child, Family, and School Social Workers",2022,24.21,0.7423,-2.6883,0.6112,Community and Social Service,18,18,0.2475,0.6852
21-1021.00,"Child, Family, and School Social Workers",2023,29.36,0.7615,-1.4915,0.9998,Community and Social Service,18,15,0.2246,0.704
21-1021.00,"Child, Family, and School Social Workers",2024,34.16,0.7959,-0.3761,-0.0691,Community and Social Service,20,12,0.1087,0.8099
21-1021.00,"Child, Family, and School Social Workers",2025,38.37,0.9082,0.6022,0.4566,Community and Social Service,23,6,0.042,0.8649
21-1021.00,"Child, Family, and School Social Workers",2026,39.31,0.8206,0.8206,0.408,Community and Social Service,24,3,0.0307,0.8751
21-1022.00,Healthcare Social Workers,2020,26.18,1.2005,-2.2305,0.15,Community and Social Service,17,16,0.2091,0.7254
21-1022.00,Healthcare Social Workers,2021,27.66,1.1313,-1.8866,0.618,Community and Social Service,15,18,0.2089,0.7209
21-1022.00,Healthcare Social Workers,2022,23.35,0.3608,-2.8881,-1.3886,Community and Social Service,16,18,0.2511,0.6841
21-1022.00,Healthcare Social Workers,2023,28.58,0.553,-1.6728,-0.322,Community and Social Service,15,15,0.2419,0.6856
21-1022.00,Healthcare Social Workers,2024,34.43,0.8567,-0.3134,0.2533,Community and Social Service,18,12,0.1135,0.8068
21-1022.00,Healthcare Social Workers,2025,37.51,0.7133,0.4023,-0.5448,Community and Social Service,20,6,0.0395,0.8785
21-1022.00,Healthcare Social Workers,2026,38.57,0.6487,0.6487,-0.4494,Community and Social Service,20,3,0.0339,0.8785
21-1023.00,Mental Health and Substance Abuse Social Workers,2020,25.63,0.9616,-2.3583,-0.95,Community and Social Service,17,16,0.2107,0.7158
21-1023.00,Mental Health and Substance Abuse Social Workers,2021,27.01,0.9129,-2.0376,-0.4254,Community and Social Service,15,18,0.2154,0.7132
21-1023.00,Mental Health and Substance Abuse Social Workers,2022,23.75,0.5382,-2.7952,-0.4584,Community and Social Service,16,18,0.2469,0.6833
21-1023.00,Mental Health and Substance Abuse Social Workers,2023,28.17,0.4434,-1.7681,-1.0168,Community and Social Service,16,15,0.2334,0.7
21-1023.00,Mental Health and Substance Abuse Social Workers,2024,34.47,0.8657,-0.3041,0.3011,Community and Social Service,18,12,0.1126,0.8066
21-1023.00,Mental Health and Substance Abuse Social Workers,2025,38.21,0.872,0.565,0.2703,Community and Social Service,21,6,0.0394,0.8794
21-1023.00,Mental Health and Substance Abuse Social Workers,2026,38.78,0.6975,0.6975,-0.2061,Community and Social Service,21,3,0.0316,0.8794
21-1091.00,Health Education Specialists,2020,26.45,1.3178,-2.1677,0.69,Community and Social Service,18,16,0.2287,0.6959
21-1091.00,Health Education Specialists,2021,27.53,1.0877,-1.9168,0.4093,Community and Social Service,15,18,0.2334,0.7013
21-1091.00,Health Education Specialists,2022,24.25,0.7601,-2.679,0.7043,Community and Social Service,17,18,0.2615,0.6679
21-1091.00,Health Education Specialists,2023,29.56,0.815,-1.4451,1.3388,Community and Social Service,18,15,0.2178,0.7148
21-1091.00,Health Education Specialists,2024,34.49,0.8702,-0.2994,0.325,Community and Social Service,19,12,0.1221,0.7953
21-1091.00,Health Education Specialists,2025,38.13,0.8538,0.5464,0.1772,Community and Social Service,22,6,0.0376,0.8711
21-1091.00,Health Education Specialists,2026,39.33,0.8253,0.8253,0.4312,Community and Social Service,23,3,0.0302,0.8832
21-1092.00,Probation Officers and Correctional Treatment Specialists,2020,25.48,0.8964,-2.3932,-1.2499,Community and Social Service,21,16,0.2231,0.7045
21-1092.00,Probation Officers and Correctional Treatment Specialists,2021,26.34,0.6877,-2.1933,-1.5009,Community and Social Service,19,18,0.2141,0.717
21-1092.00,Probation Officers and Correctional Treatment Specialists,2022,22.87,0.1478,-2.9997,-2.5047,Community and Social Service,20,18,0.2545,0.6736
21-1092.00,Probation Officers and Correctional Treatment Specialists,2023,27.73,0.3257,-1.8703,-1.7624,Community and Social Service,20,15,0.2279,0.6966
21-1092.00,Probation Officers and Correctional Treatment Specialists,2024,33.42,0.6294,-0.5481,-0.9527,Community and Social Service,23,12,0.1255,0.7957
21-1092.00,Probation Officers and Correctional Treatment Specialists,2025,36.72,0.5341,0.2188,-1.4647,Community and Social Service,27,6,0.0556,0.8526
21-1092.00,Probation Officers and Correctional Treatment Specialists,2026,38.01,0.5185,0.5185,-1.0983,Community and Social Service,29,3,0.0303,0.8764
21-1093.00,Social and Human Service Assistants,2020,25.76,1.018,-2.3281,-0.69,Community and Social Service,18,16,0.212,0.7092
21-1093.00,Social and Human Service Assistants,2021,27.3,1.0104,-1.9702,0.0401,Community and Social Service,16,18,0.2278,0.7031
21-1093.00,Social and Human Service Assistants,2022,23.74,0.5338,-2.7975,-0.4817,Community and Social Service,18,18,0.2566,0.6753
21-1093.00,Social and Human Service Assistants,2023,29.06,0.6813,-1.5612,0.4914,Community and Social Service,18,15,0.2425,0.6875
21-1093.00,Social and Human Service Assistants,2024,33.14,0.5664,-0.6131,-1.287,Community and Social Service,20,12,0.1185,0.8031
21-1093.00,Social and Human Service Assistants,2025,37.19,0.6407,0.328,-0.9174,Community and Social Service,23,6,0.0465,0.8614
21-1093.00,Social and Human Service Assistants,2026,38.44,0.6184,0.6184,-0.6,Community and Social Service,24,3,0.0371,0.8715
21-1094.00,Community Health Workers,2020,25.09,0.727,-2.4838,-2.0299,Community and Social Service,24,16,0.23,0.7008
21-1094.00,Community Health Workers,2021,25.61,0.4424,-2.3629,-2.6727,Community and Social Service,21,18,0.2635,0.6657
21-1094.00,Community Health Workers,2022,24.21,0.7423,-2.6883,0.6112,Community and Social Service,23,18,0.263,0.6704
21-1094.00,Community Health Workers,2023,28.14,0.4353,-1.775,-1.0676,Community and Social Service,24,15,0.2312,0.6938
21-1094.00,Community Health Workers,2024,32.38,0.3954,-0.7898,-2.1945,Community and Social Service,26,12,0.1515,0.7682
21-1094.00,Community Health Workers,2025,36.2,0.4162,0.0979,-2.0702,Community and Social Service,30,6,0.0708,0.8396
21-1094.00,Community Health Workers,2026,36.97,0.2769,0.2769,-2.3033,Community and Social Service,32,3,0.0522,0.8599
21-2011.00,Clergy,2020,27.2,1.6436,-1.9935,2.1899,Community and Social Service,15,16,0.2186,0.7064
21-2011.00,Clergy,2021,28.14,1.2926,-1.775,1.3885,Community and Social Service,14,18,0.2091,0.7215
21-2011.00,Clergy,2022,24.64,0.9331,-2.5884,1.6111,Community and Social Service,14,18,0.2582,0.6741
21-2011.00,Clergy,2023,28.82,0.6171,-1.617,0.0847,Community and Social Service,14,15,0.2152,0.7107
21-2011.00,Clergy,2024,34.3,0.8274,-0.3436,0.0981,Community and Social Service,17,12,0.1008,0.8287
21-2011.00,Clergy,2025,37.97,0.8176,0.5092,-0.0091,Community and Social Service,18,6,0.0292,0.8749
21-2011.00,Clergy,2026,38.69,0.6765,0.6765,-0.3104,Community and Social Service,18,3,0.0292,0.8749
21-2021.00,"Directors, Religious Activities and Education",2020,26.21,1.2135,-2.2235,0.21,Community and Social Service,17,16,0.205,0.726
21-2021.00,"Directors, Religious Activities and Education",2021,27.85,1.1952,-1.8424,0.923,Community and Social Service,15,18,0.2132,0.7166
21-2021.00,"Directors, Religious Activities and Education",2022,23.95,0.627,-2.7487,0.0066,Community and Social Service,16,18,0.2327,0.6965
21-2021.00,"Directors, Religious Activities and Education",2023,28.94,0.6492,-1.5891,0.2881,Community and Social Service,16,15,0.2069,0.7158
21-2021.00,"Directors, Religious Activities and Education",2024,33.86,0.7284,-0.4458,-0.4273,Community and Social Service,18,12,0.1057,0.8108
21-2021.00,"Directors, Religious Activities and Education",2025,38.2,0.8697,0.5627,0.2587,Community and Social Service,20,6,0.0304,0.8736
21-2021.00,"Directors, Religious Activities and Education",2026,38.73,0.6858,0.6858,-0.264,Community and Social Service,20,3,0.0298,0.8736
23-1011.00,Lawyers,2020,26.22,1.2179,-2.2212,-1.8024,Legal,16,16,0.2037,0.7272
23-1011.00,Lawyers,2021,27.61,1.1145,-1.8982,-0.3597,Legal,14,18,0.1942,0.734
23-1011.00,Lawyers,2022,23.16,0.2765,-2.9323,-0.986,Legal,15,18,0.2415,0.6947
23-1011.00,Lawyers,2023,27.9,0.3712,-1.8308,-1.9821,Legal,15,15,0.2113,0.7249
23-1011.00,Lawyers,2024,33.82,0.7194,-0.4551,-0.4483,Legal,17,12,0.0896,0.8268
23-1011.00,Lawyers,2025,38.35,0.9037,0.5975,-1.052,Legal,19,6,0.0286,0.8896
23-1011.00,Lawyers,2026,39.1,0.7718,0.7718,-1.3734,Legal,19,3,0.0286,0.8896
23-1012.00,Judicial Law Clerks,2020,26.72,1.4351,-2.105,0.6146,Legal,16,16,0.1586,0.7668
23-1012.00,Judicial Law Clerks,2021,27.86,1.1986,-1.8401,1.3889,Legal,14,18,0.1685,0.7616
23-1012.00,Judicial Law Clerks,2022,24.06,0.6758,-2.7231,0.7688,Legal,15,18,0.1947,0.739
23-1012.00,Judicial Law Clerks,2023,29.81,0.8818,-1.387,0.969,Legal,15,15,0.2031,0.7323
23-1012.00,Judicial Law Clerks,2024,34.38,0.8454,-0.325,0.3327,Legal,17,12,0.0881,0.8364
23-1012.00,Judicial Law Clerks,2025,40.55,1.4025,1.1088,1.7803,Legal,19,6,0.034,0.879
23-1012.00,Judicial Law Clerks,2026,41.72,1.3806,1.3806,1.4695,Legal,19,3,0.034,0.879
23-1021.00,"Administrative Law Judges, Adjudicators, and Hearing Officers",2020,26.64,1.4003,-2.1236,0.2279,Legal,15,16,0.1643,0.7545
23-1021.00,"Administrative Law Judges, Adjudicators, and Hearing Officers",2021,27.47,1.0675,-1.9307,-1.3389,Legal,14,18,0.1585,0.7737
23-1021.00,"Administrative Law Judges, Adjudicators, and Hearing Officers",2022,23.71,0.5205,-2.8045,0.0863,Legal,14,18,0.1968,0.7254
23-1021.00,"Administrative Law Judges, Adjudicators, and Hearing Officers",2023,29.16,0.708,-1.538,-0.0353,Legal,14,15,0.1948,0.7251
23-1021.00,"Administrative Law Judges, Adjudicators, and Hearing Officers",2024,35.02,0.9894,-0.1763,1.2253,Legal,17,12,0.0777,0.849
23-1021.00,"Administrative Law Judges, Adjudicators, and Hearing Officers",2025,39.21,1.0987,0.7974,0.0552,Legal,18,6,0.0313,0.8721
23-1021.00,"Administrative Law Judges, Adjudicators, and Hearing Officers",2026,40.9,1.1901,1.1901,0.5797,Legal,18,3,0.0313,0.8721
23-1022.00,"Arbitrators, Mediators, and Conciliators",2020,26.84,1.4872,-2.0771,1.1947,Legal,15,16,0.1811,0.7608
23-1022.00,"Arbitrators, Mediators, and Conciliators",2021,27.73,1.1549,-1.8703,0.4796,Legal,14,18,0.1605,0.7816
23-1022.00,"Arbitrators, Mediators, and Conciliators",2022,24.06,0.6758,-2.7231,0.7688,Legal,13,18,0.2295,0.7023
23-1022.00,"Arbitrators, Mediators, and Conciliators",2023,29.19,0.716,-1.531,0.011,Legal,14,15,0.1919,0.734
23-1022.00,"Arbitrators, Mediators, and Conciliators",2024,34.15,0.7937,-0.3784,0.012,Legal,16,12,0.0748,0.8462
23-1022.00,"Arbitrators, Mediators, and Conciliators",2025,39.03,1.0579,0.7555,-0.1766,Legal,17,6,0.0303,0.8809
23-1022.00,"Arbitrators, Mediators, and Conciliators",2026,40.08,0.9995,0.9995,-0.31,Legal,17,3,0.0303,0.8809
23-1023.00,"Judges, Magistrate Judges, and Magistrates",2020,26.37,1.283,-2.1863,-1.0773,Legal,15,16,0.1628,0.7672
23-1023.00,"Judges, Magistrate Judges, and Magistrates",2021,27.5,1.0776,-1.9238,-1.1291,Legal,13,18,0.1526,0.7654
23-1023.00,"Judges, Magistrate Judges, and Magistrates",2022,24.17,0.7246,-2.6976,0.9832,Legal,13,18,0.2045,0.7168
23-1023.00,"Judges, Magistrate Judges, and Magistrates",2023,29.21,0.7214,-1.5264,0.0419,Legal,14,15,0.2035,0.7385
23-1023.00,"Judges, Magistrate Judges, and Magistrates",2024,34.94,0.9714,-0.1949,1.1138,Legal,16,12,0.0724,0.8428
23-1023.00,"Judges, Magistrate Judges, and Magistrates",2025,39.01,1.0534,0.7509,-0.2023,Legal,18,6,0.0276,0.8916
23-1023.00,"Judges, Magistrate Judges, and Magistrates",2026,40.49,1.0948,1.0948,0.1349,Legal,18,3,0.0267,0.8916
23-2011.00,Paralegals and Legal Assistants,2020,26.77,1.4568,-2.0934,0.8563,Legal,16,16,0.1658,0.7562
23-2011.00,Paralegals and Legal Assistants,2021,27.84,1.1918,-1.8447,1.249,Legal,14,18,0.1961,0.7349
23-2011.00,Paralegals and Legal Assistants,2022,22.67,0.0591,-3.0461,-1.9414,Legal,15,18,0.2019,0.7238
23-2011.00,Paralegals and Legal Assistants,2023,28.92,0.6439,-1.5938,-0.4061,Legal,15,15,0.219,0.7073
23-2011.00,Paralegals and Legal Assistants,2024,32.73,0.4742,-0.7084,-1.9685,Legal,17,12,0.0806,0.8279
23-2011.00,Paralegals and Legal Assistants,2025,38.13,0.8538,0.5464,-1.3352,Legal,19,6,0.046,0.8653
23-2011.00,Paralegals and Legal Assistants,2026,39.13,0.7788,0.7788,-1.3409,Legal,19,3,0.046,0.8653
23-2093.00,"Title Examiners, Abstractors, and Searchers",2020,26.59,1.3786,-2.1352,-0.0138,Legal,16,16,0.1511,0.7707
23-2093.00,"Title Examiners, Abstractors, and Searchers",2021,27.62,1.1179,-1.8959,-0.2898,Legal,14,18,0.1545,0.7801
23-2093.00,"Title Examiners, Abstractors, and Searchers",2022,23.83,0.5737,-2.7766,0.3203,Legal,15,18,0.1827,0.7377
23-2093.00,"Title Examiners, Abstractors, and Searchers",2023,30.09,0.9566,-1.3219,1.4016,Legal,16,15,0.1909,0.7422
23-2093.00,"Title Examiners, Abstractors, and Searchers",2024,33.95,0.7487,-0.4249,-0.267,Legal,17,12,0.0638,0.8529
23-2093.00,"Title Examiners, Abstractors, and Searchers",2025,39.89,1.2529,0.9554,0.9306,Legal,19,6,0.0493,0.8613
23-2093.00,"Title Examiners, Abstractors, and Searchers",2026,41.14,1.2459,1.2459,0.8402,Legal,19,3,0.0493,0.8613
25-1011.00,"Business Teachers, Postsecondary",2020,26.28,1.2439,-2.2073,0.209,Educational Instruction and Library,16,16,0.1996,0.7372
25-1011.00,"Business Teachers, Postsecondary",2021,27.49,1.0742,-1.9261,0.1953,Educational Instruction and Library,14,18,0.1667,0.756
25-1011.00,"Business Teachers, Postsecondary",2022,25.24,1.1993,-2.4489,1.1321,Educational Instruction and Library,15,18,0.2158,0.7215
25-1011.00,"Business Teachers, Postsecondary",2023,31.59,1.3577,-0.9733,1.3391,Educational Instruction and Library,15,15,0.1823,0.7457
25-1011.00,"Business Teachers, Postsecondary",2024,35.09,1.0052,-0.16,0.8311,Educational Instruction and Library,17,12,0.0821,0.8381
25-1011.00,"Business Teachers, Postsecondary",2025,40.71,1.4388,1.1459,1.3141,Educational Instruction and Library,18,6,0.0258,0.8775
25-1011.00,"Business Teachers, Postsecondary",2026,41.69,1.3737,1.3737,1.2845,Educational Instruction and Library,18,3,0.0258,0.8775
25-1021.00,"Computer Science Teachers, Postsecondary",2020,26.11,1.1701,-2.2468,0.0316,Educational Instruction and Library,16,16,0.19,0.7311
25-1021.00,"Computer Science Teachers, Postsecondary",2021,27.03,0.9196,-2.033,-0.3846,Educational Instruction and Library,14,18,0.1926,0.7297
25-1021.00,"Computer Science Teachers, Postsecondary",2022,24.81,1.0085,-2.5488,0.6791,Educational Instruction and Library,16,18,0.2045,0.7307
25-1021.00,"Computer Science Teachers, Postsecondary",2023,30.8,1.1465,-1.1569,0.8209,Educational Instruction and Library,16,15,0.1931,0.7447
25-1021.00,"Computer Science Teachers, Postsecondary",2024,35.59,1.1177,-0.0438,1.1724,Educational Instruction and Library,17,12,0.0947,0.8181
25-1021.00,"Computer Science Teachers, Postsecondary",2025,40.26,1.3368,1.0414,1.0429,Educational Instruction and Library,19,6,0.0354,0.8778
25-1021.00,"Computer Science Teachers, Postsecondary",2026,41.14,1.2459,1.2459,0.9726,Educational Instruction and Library,19,3,0.0354,0.8778
25-1022.00,"Mathematical Science Teachers, Postsecondary",2020,25.85,1.0571,-2.3072,-0.2396,Educational Instruction and Library,15,16,0.2298,0.7057
25-1022.00,"Mathematical Science Teachers, Postsecondary",2021,27.01,0.9129,-2.0376,-0.4098,Educational Instruction and Library,14,18,0.2098,0.7338
25-1022.00,"Mathematical Science Teachers, Postsecondary",2022,26.75,1.8692,-2.098,2.7229,Educational Instruction and Library,14,18,0.2016,0.73
25-1022.00,"Mathematical Science Teachers, Postsecondary",2023,34.18,2.0501,-0.3715,3.038,Educational Instruction and Library,14,15,0.1918,0.7377
25-1022.00,"Mathematical Science Teachers, Postsecondary",2024,37.51,1.5497,0.4023,2.4829,Educational Instruction and Library,16,12,0.1271,0.7928
25-1022.00,"Mathematical Science Teachers, Postsecondary",2025,41.05,1.5159,1.225,1.519,Educational Instruction and Library,18,6,0.0222,0.894
25-1022.00,"Mathematical Science Teachers, Postsecondary",2026,42.43,1.5456,1.5456,1.7041,Educational Instruction and Library,18,3,0.0222,0.894
25-1031.00,"Architecture Teachers, Postsecondary",2020,25.48,0.8964,-2.3932,-0.6257,Educational Instruction and Library,17,16,0.1968,0.7381
25-1031.00,"Architecture Teachers, Postsecondary",2021,27.04,0.923,-2.0306,-0.372,Educational Instruction and Library,15,18,0.2177,0.7223
25-1031.00,"Architecture Teachers, Postsecondary",2022,24.94,1.0662,-2.5186,0.8161,Educational Instruction and Library,16,18,0.214,0.7212
25-1031.00,"Architecture Teachers, Postsecondary",2023,30.32,1.0181,-1.2685,0.506,Educational Instruction and Library,16,15,0.1876,0.7417
25-1031.00,"Architecture Teachers, Postsecondary",2024,34.01,0.7622,-0.411,0.0939,Educational Instruction and Library,18,12,0.1022,0.8254
25-1031.00,"Architecture Teachers, Postsecondary",2025,39.17,1.0896,0.7881,0.3859,Educational Instruction and Library,20,6,0.0315,0.8889
25-1031.00,"Architecture Teachers, Postsecondary",2026,40.06,0.9949,0.9949,0.3601,Educational Instruction and Library,20,3,0.0315,0.8889
25-1032.00,"Engineering Teachers, Postsecondary",2020,25.66,0.9746,-2.3513,-0.4379,Educational Instruction and Library,17,16,0.2094,0.727
25-1032.00,"Engineering Teachers, Postsecondary",2021,27.12,0.9499,-2.0121,-0.2712,Educational Instruction and Library,14,18,0.222,0.7009
25-1032.00,"Engineering Teachers, Postsecondary",2022,25.86,1.4744,-2.3049,1.7853,Educational Instruction and Library,16,18,0.2159,0.7208
25-1032.00,"Engineering Teachers, Postsecondary",2023,31.61,1.363,-0.9687,1.3522,Educational Instruction and Library,16,15,0.1884,0.7436
25-1032.00,"Engineering Teachers, Postsecondary",2024,35.5,1.0975,-0.0647,1.1109,Educational Instruction and Library,18,12,0.1187,0.8132
25-1032.00,"Engineering Teachers, Postsecondary",2025,40.09,1.2982,1.0019,0.9404,Educational Instruction and Library,20,6,0.0279,0.8864
25-1032.00,"Engineering Teachers, Postsecondary",2026,41.24,1.2691,1.2691,1.0293,Educational Instruction and Library,20,3,0.0279,0.8864
25-1041.00,"Agricultural Sciences Teachers, Postsecondary",2020,26.18,1.2005,-2.2305,0.1047,Educational Instruction and Library,18,16,0.2285,0.7036
25-1041.00,"Agricultural Sciences Teachers, Postsecondary",2021,27.53,1.0877,-1.9168,0.2457,Educational Instruction and Library,15,18,0.1888,0.7367
25-1041.00,"Agricultural Sciences Teachers, Postsecondary",2022,24.85,1.0263,-2.5396,0.7212,Educational Instruction and Library,17,18,0.2287,0.7046
25-1041.00,"Agricultural Sciences Teachers, Postsecondary",2023,30.55,1.0796,-1.215,0.6569,Educational Instruction and Library,17,15,0.1944,0.7308
25-1041.00,"Agricultural Sciences Teachers, Postsecondary",2024,34.55,0.8837,-0.2855,0.4625,Educational Instruction and Library,19,12,0.1048,0.8137
25-1041.00,"Agricultural Sciences Teachers, Postsecondary",2025,39.28,1.1146,0.8136,0.4522,Educational Instruction and Library,21,6,0.0351,0.8747
25-1041.00,"Agricultural Sciences Teachers, Postsecondary",2026,40.11,1.0065,1.0065,0.3884,Educational Instruction and Library,21,3,0.0292,0.8747
25-1042.00,"Biological Science Teachers, Postsecondary",2020,26.51,1.3439,-2.1538,0.449,Educational Instruction and Library,16,16,0.201,0.7272
25-1042.00,"Biological Science Teachers, Postsecondary",2021,27.24,0.9902,-1.9842,-0.1199,Educational Instruction and Library,14,18,0.1707,0.7546
25-1042.00,"Biological Science Teachers, Postsecondary",2022,24.91,1.0529,-2.5256,0.7844,Educational Instruction and Library,15,18,0.2243,0.7065
25-1042.00,"Biological Science Teachers, Postsecondary",2023,30.67,1.1117,-1.1871,0.7356,Educational Instruction and Library,15,15,0.1899,0.7372
25-1042.00,"Biological Science Teachers, Postsecondary",2024,35.02,0.9894,-0.1763,0.7833,Educational Instruction and Library,17,12,0.0865,0.8359
25-1042.00,"Biological Science Teachers, Postsecondary",2025,40.06,1.2914,0.9949,0.9223,Educational Instruction and Library,19,6,0.0211,0.8929
25-1042.00,"Biological Science Teachers, Postsecondary",2026,41.06,1.2273,1.2273,0.9272,Educational Instruction and Library,19,3,0.0211,0.8929
25-1043.00,"Forestry and Conservation Science Teachers, Postsecondary",2020,26.7,1.4264,-2.1097,0.6473,Educational Instruction and Library,17,16,0.2182,0.7181
25-1043.00,"Forestry and Conservation Science Teachers, Postsecondary",2021,27.72,1.1515,-1.8726,0.4853,Educational Instruction and Library,15,18,0.1839,0.7481
25-1043.00,"Forestry and Conservation Science Teachers, Postsecondary",2022,25.11,1.1416,-2.4791,0.9952,Educational Instruction and Library,16,18,0.2282,0.7042
25-1043.00,"Forestry and Conservation Science Teachers, Postsecondary",2023,31.16,1.2427,-1.0733,1.057,Educational Instruction and Library,16,15,0.197,0.7315
25-1043.00,"Forestry and Conservation Science Teachers, Postsecondary",2024,34.99,0.9827,-0.1833,0.7628,Educational Instruction and Library,18,12,0.0964,0.8228
25-1043.00,"Forestry and Conservation Science Teachers, Postsecondary",2025,39.96,1.2687,0.9717,0.862,Educational Instruction and Library,20,6,0.0246,0.8817
25-1043.00,"Forestry and Conservation Science Teachers, Postsecondary",2026,40.85,1.1785,1.1785,0.8081,Educational Instruction and Library,20,3,0.0208,0.8817
25-1051.00,"Atmospheric, Earth, Marine, and Space Sciences Teachers, Postsecondary",2020,26.44,1.3135,-2.1701,0.376,Educational Instruction and Library,15,16,0.2046,0.7187
25-1051.00,"Atmospheric, Earth, Marine, and Space Sciences Teachers, Postsecondary",2021,27.42,1.0507,-1.9423,0.1071,Educational Instruction and Library,14,18,0.1704,0.7594
25-1051.00,"Atmospheric, Earth, Marine, and Space Sciences Teachers, Postsecondary",2022,25.3,1.2259,-2.435,1.1953,Educational Instruction and Library,15,18,0.2059,0.731
25-1051.00,"Atmospheric, Earth, Marine, and Space Sciences Teachers, Postsecondary",2023,31.59,1.3577,-0.9733,1.3391,Educational Instruction and Library,15,15,0.1784,0.7578
25-1051.00,"Atmospheric, Earth, Marine, and Space Sciences Teachers, Postsecondary",2024,35.84,1.174,0.0143,1.343,Educational Instruction and Library,16,12,0.0924,0.8184
25-1051.00,"Atmospheric, Earth, Marine, and Space Sciences Teachers, Postsecondary",2025,40.8,1.4592,1.1669,1.3683,Educational Instruction and Library,18,6,0.0236,0.886
25-1051.00,"Atmospheric, Earth, Marine, and Space Sciences Teachers, Postsecondary",2026,41.74,1.3853,1.3853,1.3128,Educational Instruction and Library,18,3,0.0234,0.886
25-1052.00,"Chemistry Teachers, Postsecondary",2020,26.17,1.1962,-2.2328,0.0942,Educational Instruction and Library,16,16,0.1892,0.731
25-1052.00,"Chemistry Teachers, Postsecondary",2021,27.44,1.0574,-1.9377,0.1323,Educational Instruction and Library,14,18,0.1924,0.7272
25-1052.00,"Chemistry Teachers, Postsecondary",2022,24.89,1.044,-2.5303,0.7634,Educational Instruction and Library,16,18,0.2116,0.7277
25-1052.00,"Chemistry Teachers, Postsecondary",2023,31.13,1.2347,-1.0802,1.0374,Educational Instruction and Library,16,15,0.2052,0.7355
25-1052.00,"Chemistry Teachers, Postsecondary",2024,36.09,1.2302,0.0724,1.5137,Educational Instruction and Library,17,12,0.1005,0.8133
25-1052.00,"Chemistry Teachers, Postsecondary",2025,39.92,1.2597,0.9624,0.8379,Educational Instruction and Library,20,6,0.0322,0.889
25-1052.00,"Chemistry Teachers, Postsecondary",2026,41.17,1.2528,1.2528,0.9896,Educational Instruction and Library,20,3,0.0322,0.889
25-1053.00,"Environmental Science Teachers, Postsecondary",2020,26.63,1.396,-2.1259,0.5742,Educational Instruction and Library,15,16,0.2013,0.7218
25-1053.00,"Environmental Science Teachers, Postsecondary",2021,27.42,1.0507,-1.9423,0.1071,Educational Instruction and Library,14,18,0.1733,0.7565
25-1053.00,"Environmental Science Teachers, Postsecondary",2022,24.92,1.0573,-2.5233,0.795,Educational Instruction and Library,15,18,0.221,0.7179
25-1053.00,"Environmental Science Teachers, Postsecondary",2023,31.03,1.2079,-1.1035,0.9718,Educational Instruction and Library,15,15,0.1977,0.7426
25-1053.00,"Environmental Science Teachers, Postsecondary",2024,35.17,1.0232,-0.1414,0.8857,Educational Instruction and Library,17,12,0.0877,0.8427
25-1053.00,"Environmental Science Teachers, Postsecondary",2025,40.39,1.3662,1.0716,1.1212,Educational Instruction and Library,18,6,0.0242,0.8791
25-1053.00,"Environmental Science Teachers, Postsecondary",2026,41.51,1.3318,1.3318,1.1824,Educational Instruction and Library,18,3,0.0242,0.8791
25-1054.00,"Physics Teachers, Postsecondary",2020,25.75,1.0137,-2.3304,-0.344,Educational Instruction and Library,17,16,0.2084,0.716
25-1054.00,"Physics Teachers, Postsecondary",2021,26.94,0.8894,-2.0539,-0.4981,Educational Instruction and Library,14,18,0.1979,0.7267
25-1054.00,"Physics Teachers, Postsecondary",2022,25.38,1.2614,-2.4164,1.2796,Educational Instruction and Library,16,18,0.2099,0.7182
25-1054.00,"Physics Teachers, Postsecondary",2023,32.16,1.51,-0.8409,1.713,Educational Instruction and Library,16,15,0.1933,0.7326
25-1054.00,"Physics Teachers, Postsecondary",2024,36.13,1.2392,0.0817,1.541,Educational Instruction and Library,17,12,0.1122,0.8027
25-1054.00,"Physics Teachers, Postsecondary",2025,40.43,1.3753,1.0809,1.1453,Educational Instruction and Library,20,6,0.0218,0.8895
25-1054.00,"Physics Teachers, Postsecondary",2026,41.61,1.3551,1.3551,1.2391,Educational Instruction and Library,20,3,0.0218,0.8895
25-1061.00,"Anthropology and Archeology Teachers, Postsecondary",2020,26.72,1.4351,-2.105,0.6681,Educational Instruction and Library,15,16,0.2104,0.7126
25-1061.00,"Anthropology and Archeology Teachers, Postsecondary",2021,27.69,1.1414,-1.8796,0.4475,Educational Instruction and Library,14,18,0.1782,0.7479
25-1061.00,"Anthropology and Archeology Teachers, Postsecondary",2022,24.1,0.6935,-2.7138,-0.0689,Educational Instruction and Library,15,18,0.2386,0.7053
25-1061.00,"Anthropology and Archeology Teachers, Postsecondary",2023,29.44,0.7829,-1.4729,-0.0712,Educational Instruction and Library,15,15,0.2073,0.7325
25-1061.00,"Anthropology and Archeology Teachers, Postsecondary",2024,33.23,0.5867,-0.5922,-0.4385,Educational Instruction and Library,17,12,0.0904,0.8365
25-1061.00,"Anthropology and Archeology Teachers, Postsecondary",2025,38.43,0.9219,0.6161,-0.0601,Educational Instruction and Library,18,6,0.0299,0.8777
25-1061.00,"Anthropology and Archeology Teachers, Postsecondary",2026,39.5,0.8648,0.8648,0.0425,Educational Instruction and Library,18,3,0.0299,0.8777
25-1062.00,"Area, Ethnic, and Cultural Studies Teachers, Postsecondary",2020,27.08,1.5915,-2.0214,1.0438,Educational Instruction and Library,15,16,0.2067,0.7177
25-1062.00,"Area, Ethnic, and Cultural Studies Teachers, Postsecondary",2021,27.97,1.2355,-1.8145,0.8005,Educational Instruction and Library,14,18,0.1842,0.7538
25-1062.00,"Area, Ethnic, and Cultural Studies Teachers, Postsecondary",2022,23.47,0.414,-2.8602,-0.7326,Educational Instruction and Library,14,18,0.237,0.6902
25-1062.00,"Area, Ethnic, and Cultural Studies Teachers, Postsecondary",2023,28.77,0.6038,-1.6286,-0.5107,Educational Instruction and Library,14,15,0.215,0.7108
25-1062.00,"Area, Ethnic, and Cultural Studies Teachers, Postsecondary",2024,33.03,0.5417,-0.6387,-0.575,Educational Instruction and Library,16,12,0.0905,0.8237
25-1062.00,"Area, Ethnic, and Cultural Studies Teachers, Postsecondary",2025,38.42,0.9196,0.6138,-0.0661,Educational Instruction and Library,18,6,0.0219,0.8871
25-1062.00,"Area, Ethnic, and Cultural Studies Teachers, Postsecondary",2026,39.28,0.8136,0.8136,-0.0823,Educational Instruction and Library,18,3,0.0219,0.8871
25-1063.00,"Economics Teachers, Postsecondary",2020,26.21,1.2135,-2.2235,0.136,Educational Instruction and Library,17,16,0.1989,0.7381
25-1063.00,"Economics Teachers, Postsecondary",2021,27.6,1.1112,-1.9005,0.334,Educational Instruction and Library,15,18,0.1966,0.7459
25-1063.00,"Economics Teachers, Postsecondary",2022,25.35,1.2481,-2.4234,1.248,Educational Instruction and Library,16,18,0.2005,0.7352
25-1063.00,"Economics Teachers, Postsecondary",2023,32.09,1.4913,-0.8571,1.6671,Educational Instruction and Library,16,15,0.1973,0.738
25-1063.00,"Economics Teachers, Postsecondary",2024,35.65,1.1312,-0.0299,1.2133,Educational Instruction and Library,18,12,0.1082,0.8201
25-1063.00,"Economics Teachers, Postsecondary",2025,39.82,1.237,0.9391,0.7777,Educational Instruction and Library,20,6,0.0284,0.8894
25-1063.00,"Economics Teachers, Postsecondary",2026,41.12,1.2412,1.2412,0.9612,Educational Instruction and Library,20,3,0.0284,0.8894
25-1064.00,"Geography Teachers, Postsecondary",2020,26.7,1.4264,-2.1097,0.6473,Educational Instruction and Library,16,16,0.1985,0.7342
25-1064.00,"Geography Teachers, Postsecondary",2021,27.58,1.1045,-1.9052,0.3088,Educational Instruction and Library,14,18,0.1816,0.7474
25-1064.00,"Geography Teachers, Postsecondary",2022,24.64,0.9331,-2.5884,0.5,Educational Instruction and Library,15,18,0.2247,0.7075
25-1064.00,"Geography Teachers, Postsecondary",2023,30.06,0.9486,-1.3289,0.3355,Educational Instruction and Library,15,15,0.1997,0.7318
25-1064.00,"Geography Teachers, Postsecondary",2024,34.78,0.9354,-0.2321,0.6195,Educational Instruction and Library,17,12,0.09,0.834
25-1064.00,"Geography Teachers, Postsecondary",2025,39.79,1.2302,0.9322,0.7596,Educational Instruction and Library,19,6,0.0245,0.888
25-1064.00,"Geography Teachers, Postsecondary",2026,40.73,1.1506,1.1506,0.74,Educational Instruction and Library,19,3,0.0245,0.888
25-1065.00,"Political Science Teachers, Postsecondary",2020,27.44,1.7479,-1.9377,1.4194,Educational Instruction and Library,14,16,0.1938,0.7289
25-1065.00,"Political Science Teachers, Postsecondary",2021,28.33,1.3565,-1.7309,1.2543,Educational Instruction and Library,13,18,0.1648,0.7647
25-1065.00,"Political Science Teachers, Postsecondary",2022,23.38,0.3741,-2.8811,-0.8275,Educational Instruction and Library,13,18,0.2308,0.6967
25-1065.00,"Political Science Teachers, Postsecondary",2023,28.84,0.6225,-1.6124,-0.4648,Educational Instruction and Library,13,15,0.2226,0.7049
25-1065.00,"Political Science Teachers, Postsecondary",2024,33.33,0.6092,-0.569,-0.3703,Educational Instruction and Library,15,12,0.0775,0.8332
25-1065.00,"Political Science Teachers, Postsecondary",2025,39.57,1.1803,0.881,0.627,Educational Instruction and Library,17,6,0.0159,0.8888
25-1065.00,"Political Science Teachers, Postsecondary",2026,40.33,1.0576,1.0576,0.5132,Educational Instruction and Library,17,3,0.0159,0.8888
25-1066.00,"Psychology Teachers, Postsecondary",2020,27.0,1.5567,-2.0399,0.9603,Educational Instruction and Library,15,16,0.1954,0.7363
25-1066.00,"Psychology Teachers, Postsecondary",2021,27.65,1.128,-1.8889,0.397,Educational Instruction and Library,14,18,0.1538,0.7775
25-1066.00,"Psychology Teachers, Postsecondary",2022,25.0,1.0928,-2.5047,0.8793,Educational Instruction and Library,14,18,0.2083,0.717
25-1066.00,"Psychology Teachers, Postsecondary",2023,30.78,1.1411,-1.1616,0.8078,Educational Instruction and Library,14,15,0.1852,0.7401
25-1066.00,"Psychology Teachers, Postsecondary",2024,35.06,0.9984,-0.167,0.8106,Educational Instruction and Library,16,12,0.0751,0.8405
25-1066.00,"Psychology Teachers, Postsecondary",2025,40.79,1.4569,1.1645,1.3623,Educational Instruction and Library,17,6,0.0223,0.88
25-1066.00,"Psychology Teachers, Postsecondary",2026,41.4,1.3063,1.3063,1.12,Educational Instruction and Library,18,3,0.0222,0.8988
25-1067.00,"Sociology Teachers, Postsecondary",2020,27.21,1.648,-1.9911,1.1794,Educational Instruction and Library,14,16,0.1921,0.7326
25-1067.00,"Sociology Teachers, Postsecondary",2021,27.7,1.1448,-1.8773,0.4601,Educational Instruction and Library,13,18,0.1446,0.7836
25-1067.00,"Sociology Teachers, Postsecondary",2022,23.92,0.6136,-2.7557,-0.2585,Educational Instruction and Library,13,18,0.2163,0.7098
25-1067.00,"Sociology Teachers, Postsecondary",2023,29.27,0.7374,-1.5124,-0.1827,Educational Instruction and Library,13,15,0.1895,0.7366
25-1067.00,"Sociology Teachers, Postsecondary",2024,33.66,0.6834,-0.4923,-0.145,Educational Instruction and Library,15,12,0.0695,0.8399
25-1067.00,"Sociology Teachers, Postsecondary",2025,39.36,1.1327,0.8322,0.5004,Educational Instruction and Library,17,6,0.0179,0.897
25-1067.00,"Sociology Teachers, Postsecondary",2026,40.42,1.0786,1.0786,0.5642,Educational Instruction and Library,17,3,0.0179,0.897
25-1071.00,"Health Specialties Teachers, Postsecondary",2020,26.45,1.3178,-2.1677,0.3864,Educational Instruction and Library,17,16,0.2246,0.702
25-1071.00,"Health Specialties Teachers, Postsecondary",2021,27.55,1.0944,-1.9121,0.271,Educational Instruction and Library,15,18,0.2033,0.7332
25-1071.00,"Health Specialties Teachers, Postsecondary",2022,24.76,0.9863,-2.5605,0.6264,Educational Instruction and Library,16,18,0.2494,0.6832
25-1071.00,"Health Specialties Teachers, Postsecondary",2023,30.58,1.0876,-1.208,0.6766,Educational Instruction and Library,16,15,0.2103,0.7142
25-1071.00,"Health Specialties Teachers, Postsecondary",2024,34.44,0.8589,-0.3111,0.3874,Educational Instruction and Library,18,12,0.1092,0.8121
25-1071.00,"Health Specialties Teachers, Postsecondary",2025,39.05,1.0624,0.7602,0.3136,Educational Instruction and Library,21,6,0.0304,0.8868
25-1071.00,"Health Specialties Teachers, Postsecondary",2026,40.07,0.9972,0.9972,0.3657,Educational Instruction and Library,21,3,0.0262,0.8868
25-1072.00,"Nursing Instructors and Teachers, Postsecondary",2020,25.59,0.9442,-2.3676,-0.5109,Educational Instruction and Library,20,16,0.2058,0.7186
25-1072.00,"Nursing Instructors and Teachers, Postsecondary",2021,27.22,0.9835,-1.9888,-0.1451,Educational Instruction and Library,17,18,0.2342,0.7037
25-1072.00,"Nursing Instructors and Teachers, Postsecondary",2022,24.13,0.7068,-2.7069,-0.0373,Educational Instruction and Library,19,18,0.2344,0.6964
25-1072.00,"Nursing Instructors and Teachers, Postsecondary",2023,29.49,0.7962,-1.4613,-0.0384,Educational Instruction and Library,19,15,0.2241,0.705
25-1072.00,"Nursing Instructors and Teachers, Postsecondary",2024,33.89,0.7352,-0.4389,0.012,Educational Instruction and Library,21,12,0.1291,0.7905
25-1072.00,"Nursing Instructors and Teachers, Postsecondary",2025,37.54,0.7201,0.4093,-0.5965,Educational Instruction and Library,24,6,0.0558,0.8527
25-1072.00,"Nursing Instructors and Teachers, Postsecondary",2026,38.67,0.6719,0.6719,-0.4282,Educational Instruction and Library,25,3,0.045,0.8643
25-1081.00,"Education Teachers, Postsecondary",2020,27.51,1.7783,-1.9214,1.4924,Educational Instruction and Library,14,16,0.1796,0.7388
25-1081.00,"Education Teachers, Postsecondary",2021,28.09,1.2758,-1.7867,0.9518,Educational Instruction and Library,13,18,0.1504,0.7751
25-1081.00,"Education Teachers, Postsecondary",2022,24.4,0.8266,-2.6441,0.2471,Educational Instruction and Library,14,18,0.2061,0.7246
25-1081.00,"Education Teachers, Postsecondary",2023,30.09,0.9566,-1.3219,0.3552,Educational Instruction and Library,14,15,0.1871,0.743
25-1081.00,"Education Teachers, Postsecondary",2024,33.79,0.7127,-0.4621,-0.0563,Educational Instruction and Library,16,12,0.0666,0.8571
25-1081.00,"Education Teachers, Postsecondary",2025,39.49,1.1622,0.8624,0.5788,Educational Instruction and Library,17,6,0.0174,0.8909
25-1081.00,"Education Teachers, Postsecondary",2026,40.28,1.046,1.046,0.4848,Educational Instruction and Library,17,3,0.0174,0.8909
25-1082.00,"Library Science Teachers, Postsecondary",2020,26.97,1.5437,-2.0469,0.929,Educational Instruction and Library,15,16,0.1727,0.7532
25-1082.00,"Library Science Teachers, Postsecondary",2021,28.02,1.2523,-1.8029,0.8635,Educational Instruction and Library,14,18,0.153,0.7801
25-1082.00,"Library Science Teachers, Postsecondary",2022,23.55,0.4495,-2.8416,-0.6484,Educational Instruction and Library,14,18,0.2021,0.7262
25-1082.00,"Library Science Teachers, Postsecondary",2023,28.92,0.6439,-1.5938,-0.4123,Educational Instruction and Library,14,15,0.203,0.7254
25-1082.00,"Library Science Teachers, Postsecondary",2024,33.71,0.6947,-0.4807,-0.1109,Educational Instruction and Library,16,12,0.0724,0.8351
25-1082.00,"Library Science Teachers, Postsecondary",2025,38.97,1.0443,0.7416,0.2654,Educational Instruction and Library,18,6,0.0288,0.885
25-1082.00,"Library Science Teachers, Postsecondary",2026,40.1,1.0042,1.0042,0.3828,Educational Instruction and Library,18,3,0.0288,0.885
25-1111.00,"Criminal Justice and Law Enforcement Teachers, Postsecondary",2020,26.9,1.5133,-2.0632,0.8559,Educational Instruction and Library,15,16,0.1919,0.7393
25-1111.00,"Criminal Justice and Law Enforcement Teachers, Postsecondary",2021,28.01,1.249,-1.8052,0.8509,Educational Instruction and Library,13,18,0.1647,0.7656
25-1111.00,"Criminal Justice and Law Enforcement Teachers, Postsecondary",2022,23.46,0.4096,-2.8626,-0.7432,Educational Instruction and Library,14,18,0.2248,0.7108
25-1111.00,"Criminal Justice and Law Enforcement Teachers, Postsecondary",2023,28.92,0.6439,-1.5938,-0.4123,Educational Instruction and Library,14,15,0.2129,0.7207
25-1111.00,"Criminal Justice and Law Enforcement Teachers, Postsecondary",2024,34.05,0.7712,-0.4017,0.1212,Educational Instruction and Library,15,12,0.0812,0.827
25-1111.00,"Criminal Justice and Law Enforcement Teachers, Postsecondary",2025,39.08,1.0692,0.7672,0.3317,Educational Instruction and Library,18,6,0.0161,0.9026
25-1111.00,"Criminal Justice and Law Enforcement Teachers, Postsecondary",2026,40.12,1.0088,1.0088,0.3941,Educational Instruction and Library,18,3,0.0161,0.9026
25-1112.00,"Law Teachers, Postsecondary",2020,27.39,1.7262,-1.9493,1.3672,Educational Instruction and Library,14,16,0.1932,0.7294
25-1112.00,"Law Teachers, Postsecondary",2021,28.11,1.2826,-1.782,0.977,Educational Instruction and Library,13,18,0.1453,0.7868
25-1112.00,"Law Teachers, Postsecondary",2022,24.13,0.7068,-2.7069,-0.0373,Educational Instruction and Library,13,18,0.2154,0.7098
25-1112.00,"Law Teachers, Postsecondary",2023,29.3,0.7455,-1.5055,-0.163,Educational Instruction and Library,13,15,0.1852,0.7408
25-1112.00,"Law Teachers, Postsecondary",2024,33.98,0.7554,-0.418,0.0734,Educational Instruction and Library,15,12,0.0649,0.8449
25-1112.00,"Law Teachers, Postsecondary",2025,39.53,1.1713,0.8717,0.6029,Educational Instruction and Library,17,6,0.0197,0.8984
25-1112.00,"Law Teachers, Postsecondary",2026,40.51,1.0995,1.0995,0.6153,Educational Instruction and Library,17,3,0.0197,0.8984
25-1113.00,"Social Work Teachers, Postsecondary",2020,27.04,1.5741,-2.0306,1.002,Educational Instruction and Library,15,16,0.1998,0.7341
25-1113.00,"Social Work Teachers, Postsecondary",2021,27.75,1.1616,-1.8657,0.5231,Educational Instruction and Library,13,18,0.1542,0.7654
25-1113.00,"Social Work Teachers, Postsecondary",2022,24.66,0.942,-2.5837,0.5211,Educational Instruction and Library,14,18,0.2225,0.7142
25-1113.00,"Social Work Teachers, Postsecondary",2023,30.01,0.9353,-1.3405,0.3027,Educational Instruction and Library,14,15,0.1876,0.7473
25-1113.00,"Social Work Teachers, Postsecondary",2024,33.81,0.7172,-0.4575,-0.0426,Educational Instruction and Library,16,12,0.0755,0.8476
25-1113.00,"Social Work Teachers, Postsecondary",2025,39.31,1.1214,0.8206,0.4703,Educational Instruction and Library,17,6,0.0209,0.8899
25-1113.00,"Social Work Teachers, Postsecondary",2026,39.99,0.9786,0.9786,0.3204,Educational Instruction and Library,17,3,0.0209,0.8899
25-1121.00,"Art, Drama, and Music Teachers, Postsecondary",2020,25.99,1.118,-2.2746,-0.0936,Educational Instruction and Library,18,16,0.2167,0.7094
25-1121.00,"Art, Drama, and Music Teachers, Postsecondary",2021,27.9,1.212,-1.8308,0.7122,Educational Instruction and Library,15,18,0.244,0.6946
25-1121.00,"Art, Drama, and Music Teachers, Postsecondary",2022,23.0,0.2055,-2.9694,-1.2278,Educational Instruction and Library,17,18,0.2604,0.67
25-1121.00,"Art, Drama, and Music Teachers, Postsecondary",2023,27.62,0.2963,-1.8959,-1.265,Educational Instruction and Library,17,15,0.2174,0.7047
25-1121.00,"Art, Drama, and Music Teachers, Postsecondary",2024,32.09,0.3302,-0.8571,-1.2167,Educational Instruction and Library,19,12,0.1179,0.8044
25-1121.00,"Art, Drama, and Music Teachers, Postsecondary",2025,37.25,0.6543,0.3419,-0.7712,Educational Instruction and Library,21,6,0.033,0.8733
25-1121.00,"Art, Drama, and Music Teachers, Postsecondary",2026,37.91,0.4953,0.4953,-0.8592,Educational Instruction and Library,21,3,0.0306,0.8733
25-1122.00,"Communications Teachers, Postsecondary",2020,27.18,1.6349,-1.9981,1.1481,Educational Instruction and Library,15,16,0.1836,0.7381
25-1122.00,"Communications Teachers, Postsecondary",2021,28.04,1.259,-1.7983,0.8887,Educational Instruction and Library,14,18,0.1611,0.7695
25-1122.00,"Communications Teachers, Postsecondary",2022,23.96,0.6314,-2.7464,-0.2164,Educational Instruction and Library,14,18,0.2126,0.709
25-1122.00,"Communications Teachers, Postsecondary",2023,29.59,0.823,-1.4381,0.0272,Educational Instruction and Library,15,15,0.2038,0.7317
25-1122.00,"Communications Teachers, Postsecondary",2024,33.32,0.6069,-0.5713,-0.3771,Educational Instruction and Library,17,12,0.075,0.8536
25-1122.00,"Communications Teachers, Postsecondary",2025,39.22,1.101,0.7997,0.4161,Educational Instruction and Library,18,6,0.0235,0.8824
25-1122.00,"Communications Teachers, Postsecondary",2026,39.88,0.9531,0.9531,0.258,Educational Instruction and Library,18,3,0.0235,0.8824
25-1123.00,"English Language and Literature Teachers, Postsecondary",2020,27.61,1.8217,-1.8982,1.5968,Educational Instruction and Library,14,16,0.2088,0.7236
25-1123.00,"English Language and Literature Teachers, Postsecondary",2021,28.58,1.4405,-1.6728,1.5695,Educational Instruction and Library,13,18,0.1698,0.764
25-1123.00,"English Language and Literature Teachers, Postsecondary",2022,23.94,0.6225,-2.751,-0.2375,Educational Instruction and Library,13,18,0.2407,0.6966
25-1123.00,"English Language and Literature Teachers, Postsecondary",2023,28.83,0.6198,-1.6147,-0.4713,Educational Instruction and Library,13,15,0.2116,0.7217
25-1123.00,"English Language and Literature Teachers, Postsecondary",2024,33.54,0.6564,-0.5202,-0.2269,Educational Instruction and Library,15,12,0.0813,0.8332
25-1123.00,"English Language and Literature Teachers, Postsecondary",2025,39.44,1.1508,0.8508,0.5486,Educational Instruction and Library,17,6,0.0232,0.8964
25-1123.00,"English Language and Literature Teachers, Postsecondary",2026,40.14,1.0135,1.0135,0.4054,Educational Instruction and Library,17,3,0.0232,0.8964
25-1124.00,"Foreign Language and Literature Teachers, Postsecondary",2020,28.04,2.0085,-1.7983,2.0454,Educational Instruction and Library,15,16,0.1794,0.7478
25-1124.00,"Foreign Language and Literature Teachers, Postsecondary",2021,28.61,1.4506,-1.6658,1.6074,Educational Instruction and Library,14,18,0.1566,0.7825
25-1124.00,"Foreign Language and Literature Teachers, Postsecondary",2022,24.54,0.8887,-2.6116,0.3946,Educational Instruction and Library,14,18,0.2116,0.7171
25-1124.00,"Foreign Language and Literature Teachers, Postsecondary",2023,29.65,0.839,-1.4241,0.0666,Educational Instruction and Library,14,15,0.2045,0.7242
25-1124.00,"Foreign Language and Literature Teachers, Postsecondary",2024,33.1,0.5574,-0.6224,-0.5273,Educational Instruction and Library,16,12,0.071,0.8455
25-1124.00,"Foreign Language and Literature Teachers, Postsecondary",2025,38.92,1.0329,0.73,0.2352,Educational Instruction and Library,18,6,0.0206,0.8912
25-1124.00,"Foreign Language and Literature Teachers, Postsecondary",2026,39.54,0.8741,0.8741,0.0652,Educational Instruction and Library,18,3,0.0206,0.8912
25-1125.00,"History Teachers, Postsecondary",2020,26.73,1.4394,-2.1027,0.6786,Educational Instruction and Library,14,16,0.1941,0.7299
25-1125.00,"History Teachers, Postsecondary",2021,27.67,1.1347,-1.8843,0.4222,Educational Instruction and Library,13,18,0.1507,0.773
25-1125.00,"History Teachers, Postsecondary",2022,23.21,0.2986,-2.9207,-1.0066,Educational Instruction and Library,13,18,0.234,0.698
25-1125.00,"History Teachers, Postsecondary",2023,28.85,0.6251,-1.61,-0.4582,Educational Instruction and Library,13,15,0.2059,0.7231
25-1125.00,"History Teachers, Postsecondary",2024,33.23,0.5867,-0.5922,-0.4385,Educational Instruction and Library,16,12,0.0662,0.863
25-1125.00,"History Teachers, Postsecondary",2025,39.57,1.1803,0.881,0.627,Educational Instruction and Library,17,6,0.017,0.899
25-1125.00,"History Teachers, Postsecondary",2026,40.36,1.0646,1.0646,0.5302,Educational Instruction and Library,17,3,0.017,0.899
25-1126.00,"Philosophy and Religion Teachers, Postsecondary",2020,27.2,1.6436,-1.9935,1.169,Educational Instruction and Library,14,16,0.1798,0.7392
25-1126.00,"Philosophy and Religion Teachers, Postsecondary",2021,28.15,1.296,-1.7727,1.0274,Educational Instruction and Library,13,18,0.1441,0.7823
25-1126.00,"Philosophy and Religion Teachers, Postsecondary",2022,23.8,0.5604,-2.7835,-0.385,Educational Instruction and Library,13,18,0.2019,0.719
25-1126.00,"Philosophy and Religion Teachers, Postsecondary",2023,29.27,0.7374,-1.5124,-0.1827,Educational Instruction and Library,13,15,0.1971,0.7261
25-1126.00,"Philosophy and Religion Teachers, Postsecondary",2024,33.72,0.6969,-0.4784,-0.1041,Educational Instruction and Library,16,12,0.066,0.8583
25-1126.00,"Philosophy and Religion Teachers, Postsecondary",2025,39.59,1.1849,0.8857,0.6391,Educational Instruction and Library,17,6,0.0167,0.8934
25-1126.00,"Philosophy and Religion Teachers, Postsecondary",2026,40.63,1.1274,1.1274,0.6833,Educational Instruction and Library,17,3,0.0167,0.8934
25-1192.00,"Family and Consumer Sciences Teachers, Postsecondary",2020,26.77,1.4568,-2.0934,0.7203,Educational Instruction and Library,16,16,0.1863,0.7387
25-1192.00,"Family and Consumer Sciences Teachers, Postsecondary",2021,27.71,1.1481,-1.875,0.4727,Educational Instruction and Library,14,18,0.1779,0.7483
25-1192.00,"Family and Consumer Sciences Teachers, Postsecondary",2022,24.63,0.9286,-2.5907,0.4895,Educational Instruction and Library,15,18,0.2142,0.7132
25-1192.00,"Family and Consumer Sciences Teachers, Postsecondary",2023,30.23,0.9941,-1.2894,0.447,Educational Instruction and Library,15,15,0.2041,0.7276
25-1192.00,"Family and Consumer Sciences Teachers, Postsecondary",2024,34.5,0.8724,-0.2971,0.4283,Educational Instruction and Library,17,12,0.0812,0.8384
25-1192.00,"Family and Consumer Sciences Teachers, Postsecondary",2025,40.07,1.2937,0.9972,0.9283,Educational Instruction and Library,19,6,0.0269,0.8873
25-1192.00,"Family and Consumer Sciences Teachers, Postsecondary",2026,40.7,1.1436,1.1436,0.723,Educational Instruction and Library,19,3,0.0269,0.8873
25-1193.00,"Recreation and Fitness Studies Teachers, Postsecondary",2020,26.78,1.4612,-2.0911,0.7307,Educational Instruction and Library,16,16,0.2005,0.7225
25-1193.00,"Recreation and Fitness Studies Teachers, Postsecondary",2021,27.94,1.2254,-1.8215,0.7627,Educational Instruction and Library,14,18,0.1839,0.7346
25-1193.00,"Recreation and Fitness Studies Teachers, Postsecondary",2022,24.5,0.871,-2.6209,0.3525,Educational Instruction and Library,15,18,0.2314,0.6926
25-1193.00,"Recreation and Fitness Studies Teachers, Postsecondary",2023,29.99,0.9299,-1.3451,0.2896,Educational Instruction and Library,15,15,0.2163,0.7078
25-1193.00,"Recreation and Fitness Studies Teachers, Postsecondary",2024,34.33,0.8342,-0.3366,0.3123,Educational Instruction and Library,17,12,0.0959,0.8172
25-1193.00,"Recreation and Fitness Studies Teachers, Postsecondary",2025,38.81,1.008,0.7044,0.169,Educational Instruction and Library,20,6,0.0211,0.8905
25-1193.00,"Recreation and Fitness Studies Teachers, Postsecondary",2026,40.08,0.9995,0.9995,0.3714,Educational Instruction and Library,20,3,0.0193,0.8905
25-1194.00,"Career/Technical Education Teachers, Postsecondary",2020,25.08,0.7226,-2.4861,-1.0431,Educational Instruction and Library,23,16,0.2308,0.7032
25-1194.00,"Career/Technical Education Teachers, Postsecondary",2021,25.92,0.5466,-2.2909,-1.7841,Educational Instruction and Library,19,18,0.2419,0.683
25-1194.00,"Career/Technical Education Teachers, Postsecondary",2022,22.79,0.1123,-3.0182,-1.449,Educational Instruction and Library,22,18,0.2595,0.6767
25-1194.00,"Career/Technical Education Teachers, Postsecondary",2023,27.51,0.2669,-1.9214,-1.3372,Educational Instruction and Library,23,15,0.2233,0.7086
25-1194.00,"Career/Technical Education Teachers, Postsecondary",2024,31.11,0.1096,-1.0849,-1.8856,Educational Instruction and Library,25,12,0.1241,0.7976
25-1194.00,"Career/Technical Education Teachers, Postsecondary",2025,36.82,0.5568,0.242,-1.0304,Educational Instruction and Library,28,6,0.0601,0.8503
25-1194.00,"Career/Technical Education Teachers, Postsecondary",2026,37.48,0.3954,0.3954,-1.1031,Educational Instruction and Library,29,3,0.045,0.8609
25-2011.00,"Preschool Teachers, Except Special Education",2020,24.27,0.3707,-2.6743,-1.8882,Educational Instruction and Library,22,16,0.2519,0.676
25-2011.00,"Preschool Teachers, Except Special Education",2021,25.6,0.4391,-2.3653,-2.1875,Educational Instruction and Library,18,18,0.2955,0.6374
25-2011.00,"Preschool Teachers, Except Special Education",2022,23.18,0.2853,-2.9276,-1.0382,Educational Instruction and Library,21,18,0.2915,0.641
25-2011.00,"Preschool Teachers, Except Special Education",2023,26.9,0.1038,-2.0632,-1.7373,Educational Instruction and Library,21,15,0.2692,0.6714
25-2011.00,"Preschool Teachers, Except Special Education",2024,30.73,0.0241,-1.1732,-2.145,Educational Instruction and Library,23,12,0.1613,0.7677
25-2011.00,"Preschool Teachers, Except Special Education",2025,34.75,0.0875,-0.239,-2.278,Educational Instruction and Library,27,6,0.0625,0.8541
25-2011.00,"Preschool Teachers, Except Special Education",2026,35.0,-0.1809,-0.1809,-2.5096,Educational Instruction and Library,28,3,0.04,0.8663
25-2012.00,"Kindergarten Teachers, Except Special Education",2020,24.81,0.6053,-2.5488,-1.3248,Educational Instruction and Library,21,16,0.2388,0.6927
25-2012.00,"Kindergarten Teachers, Except Special Education",2021,26.6,0.7751,-2.1329,-0.9268,Educational Instruction and Library,18,18,0.275,0.6687
25-2012.00,"Kindergarten Teachers, Except Special Education",2022,23.09,0.2454,-2.9485,-1.133,Educational Instruction and Library,20,18,0.2717,0.6618
25-2012.00,"Kindergarten Teachers, Except Special Education",2023,28.87,0.6305,-1.6054,-0.4451,Educational Instruction and Library,19,15,0.2605,0.6686
25-2012.00,"Kindergarten Teachers, Except Special Education",2024,33.23,0.5867,-0.5922,-0.4385,Educational Instruction and Library,22,12,0.1563,0.7747
25-2012.00,"Kindergarten Teachers, Except Special Education",2025,36.41,0.4639,0.1467,-1.2775,Educational Instruction and Library,25,6,0.0581,0.8566
25-2012.00,"Kindergarten Teachers, Except Special Education",2026,36.97,0.2769,0.2769,-1.3923,Educational Instruction and Library,26,3,0.0366,0.8691
25-2021.00,"Elementary School Teachers, Except Special Education",2020,25.68,0.9833,-2.3467,-0.417,Educational Instruction and Library,18,16,0.2345,0.6907
25-2021.00,"Elementary School Teachers, Except Special Education",2021,27.18,0.97,-1.9981,-0.1955,Educational Instruction and Library,16,18,0.2562,0.6899
25-2021.00,"Elementary School Teachers, Except Special Education",2022,24.75,0.9819,-2.5628,0.6159,Educational Instruction and Library,17,18,0.2648,0.6668
25-2021.00,"Elementary School Teachers, Except Special Education",2023,30.04,0.9433,-1.3335,0.3224,Educational Instruction and Library,17,15,0.2343,0.7005
25-2021.00,"Elementary School Teachers, Except Special Education",2024,35.29,1.0502,-0.1135,0.9676,Educational Instruction and Library,19,12,0.1402,0.7827
25-2021.00,"Elementary School Teachers, Except Special Education",2025,37.99,0.8221,0.5139,-0.3253,Educational Instruction and Library,22,6,0.0422,0.8695
25-2021.00,"Elementary School Teachers, Except Special Education",2026,39.21,0.7974,0.7974,-0.122,Educational Instruction and Library,22,3,0.0344,0.8695
25-2022.00,"Middle School Teachers, Except Special and Career/Technical Education",2020,25.54,0.9225,-2.3792,-0.5631,Educational Instruction and Library,18,16,0.207,0.7308
25-2022.00,"Middle School Teachers, Except Special and Career/Technical Education",2021,27.18,0.97,-1.9981,-0.1955,Educational Instruction and Library,15,18,0.2245,0.6989
25-2022.00,"Middle School Teachers, Except Special and Career/Technical Education",2022,24.36,0.8089,-2.6534,0.205,Educational Instruction and Library,17,18,0.2329,0.7061
25-2022.00,"Middle School Teachers, Except Special and Career/Technical Education",2023,30.13,0.9673,-1.3126,0.3814,Educational Instruction and Library,17,15,0.2121,0.7261
25-2022.00,"Middle School Teachers, Except Special and Career/Technical Education",2024,34.67,0.9107,-0.2576,0.5444,Educational Instruction and Library,19,12,0.1176,0.8135
25-2022.00,"Middle School Teachers, Except Special and Career/Technical Education",2025,38.37,0.9082,0.6022,-0.0962,Educational Instruction and Library,21,6,0.0365,0.8733
25-2022.00,"Middle School Teachers, Except Special and Career/Technical Education",2026,39.23,0.802,0.802,-0.1106,Educational Instruction and Library,21,3,0.0362,0.8733
25-2023.00,"Career/Technical Education Teachers, Middle School",2020,26.04,1.1397,-2.263,-0.0414,Educational Instruction and Library,20,16,0.2216,0.7047
25-2023.00,"Career/Technical Education Teachers, Middle School",2021,27.9,1.212,-1.8308,0.7122,Educational Instruction and Library,17,18,0.2606,0.6665
25-2023.00,"Career/Technical Education Teachers, Middle School",2022,24.71,0.9641,-2.5721,0.5737,Educational Instruction and Library,19,18,0.2525,0.6733
25-2023.00,"Career/Technical Education Teachers, Middle School",2023,30.07,0.9513,-1.3265,0.3421,Educational Instruction and Library,20,15,0.2369,0.697
25-2023.00,"Career/Technical Education Teachers, Middle School",2024,33.87,0.7307,-0.4435,-0.0017,Educational Instruction and Library,22,12,0.129,0.7955
25-2023.00,"Career/Technical Education Teachers, Middle School",2025,37.17,0.6362,0.3233,-0.8195,Educational Instruction and Library,25,6,0.0475,0.8629
25-2023.00,"Career/Technical Education Teachers, Middle School",2026,38.2,0.5627,0.5627,-0.6948,Educational Instruction and Library,26,3,0.036,0.8768
25-2031.00,"Secondary School Teachers, Except Special and Career/Technical Education",2020,25.86,1.0615,-2.3049,-0.2292,Educational Instruction and Library,18,16,0.2073,0.7346
25-2031.00,"Secondary School Teachers, Except Special and Career/Technical Education",2021,27.47,1.0675,-1.9307,0.1701,Educational Instruction and Library,15,18,0.2243,0.7053
25-2031.00,"Secondary School Teachers, Except Special and Career/Technical Education",2022,24.49,0.8665,-2.6232,0.342,Educational Instruction and Library,17,18,0.232,0.7099
25-2031.00,"Secondary School Teachers, Except Special and Career/Technical Education",2023,30.3,1.0128,-1.2731,0.4929,Educational Instruction and Library,17,15,0.2028,0.7394
25-2031.00,"Secondary School Teachers, Except Special and Career/Technical Education",2024,35.0,0.9849,-0.1809,0.7696,Educational Instruction and Library,19,12,0.1076,0.8245
25-2031.00,"Secondary School Teachers, Except Special and Career/Technical Education",2025,38.41,0.9173,0.6115,-0.0721,Educational Instruction and Library,21,6,0.0288,0.8847
25-2031.00,"Secondary School Teachers, Except Special and Career/Technical Education",2026,39.6,0.888,0.888,0.0992,Educational Instruction and Library,21,3,0.0282,0.8847
25-2032.00,"Career/Technical Education Teachers, Secondary School",2020,24.63,0.5271,-2.5907,-1.5126,Educational Instruction and Library,22,16,0.2201,0.704
25-2032.00,"Career/Technical Education Teachers, Secondary School",2021,26.48,0.7348,-2.1608,-1.078,Educational Instruction and Library,19,18,0.2569,0.6795
25-2032.00,"Career/Technical Education Teachers, Secondary School",2022,23.82,0.5693,-2.7789,-0.3639,Educational Instruction and Library,21,18,0.2533,0.6759
25-2032.00,"Career/Technical Education Teachers, Secondary School",2023,28.77,0.6038,-1.6286,-0.5107,Educational Instruction and Library,22,15,0.2221,0.7076
25-2032.00,"Career/Technical Education Teachers, Secondary School",2024,33.47,0.6407,-0.5365,-0.2747,Educational Instruction and Library,24,12,0.1352,0.7896
25-2032.00,"Career/Technical Education Teachers, Secondary School",2025,36.33,0.4457,0.1281,-1.3257,Educational Instruction and Library,27,6,0.0542,0.8598
25-2032.00,"Career/Technical Education Teachers, Secondary School",2026,37.15,0.3187,0.3187,-1.2902,Educational Instruction and Library,28,3,0.0425,0.8729
25-2051.00,"Special Education Teachers, Preschool",2020,25.35,0.8399,-2.4234,-0.7613,Educational Instruction and Library,21,16,0.211,0.7191
25-2051.00,"Special Education Teachers, Preschool",2021,27.77,1.1683,-1.861,0.5483,Educational Instruction and Library,17,18,0.2449,0.6855
25-2051.00,"Special Education Teachers, Preschool",2022,23.34,0.3563,-2.8904,-0.8696,Educational Instruction and Library,20,18,0.2542,0.6778
25-2051.00,"Special Education Teachers, Preschool",2023,28.15,0.438,-1.7727,-0.9174,Educational Instruction and Library,19,15,0.2448,0.6821
25-2051.00,"Special Education Teachers, Preschool",2024,33.61,0.6722,-0.5039,-0.1791,Educational Instruction and Library,22,12,0.1287,0.7974
25-2051.00,"Special Education Teachers, Preschool",2025,36.25,0.4276,0.1095,-1.3739,Educational Instruction and Library,25,6,0.0524,0.8601
25-2051.00,"Special Education Teachers, Preschool",2026,37.4,0.3768,0.3768,-1.1485,Educational Instruction and Library,26,3,0.0352,0.8698
25-2056.00,"Special Education Teachers, Elementary School",2020,25.87,1.0658,-2.3025,-0.2188,Educational Instruction and Library,19,16,0.2225,0.7084
25-2056.00,"Special Education Teachers, Elementary School",2021,27.46,1.0641,-1.933,0.1575,Educational Instruction and Library,16,18,0.2499,0.6761
25-2056.00,"Special Education Teachers, Elementary School",2022,24.47,0.8577,-2.6279,0.3209,Educational Instruction and Library,18,18,0.2602,0.6743
25-2056.00,"Special Education Teachers, Elementary School",2023,29.34,0.7561,-1.4962,-0.1368,Educational Instruction and Library,18,15,0.241,0.6984
25-2056.00,"Special Education Teachers, Elementary School",2024,33.52,0.6519,-0.5248,-0.2406,Educational Instruction and Library,20,12,0.1269,0.7901
25-2056.00,"Special Education Teachers, Elementary School",2025,37.62,0.7382,0.4279,-0.5483,Educational Instruction and Library,23,6,0.0477,0.8659
25-2056.00,"Special Education Teachers, Elementary School",2026,38.65,0.6672,0.6672,-0.4396,Educational Instruction and Library,24,3,0.0371,0.8821
25-2057.00,"Special Education Teachers, Middle School",2020,25.95,1.1006,-2.2839,-0.1353,Educational Instruction and Library,17,16,0.2046,0.7194
25-2057.00,"Special Education Teachers, Middle School",2021,27.48,1.0709,-1.9284,0.1827,Educational Instruction and Library,15,18,0.2276,0.7018
25-2057.00,"Special Education Teachers, Middle School",2022,24.83,1.0174,-2.5442,0.7002,Educational Instruction and Library,16,18,0.2351,0.6895
25-2057.00,"Special Education Teachers, Middle School",2023,28.56,0.5476,-1.6774,-0.6484,Educational Instruction and Library,16,15,0.2091,0.7122
25-2057.00,"Special Education Teachers, Middle School",2024,34.53,0.8792,-0.2901,0.4488,Educational Instruction and Library,18,12,0.1105,0.8035
25-2057.00,"Special Education Teachers, Middle School",2025,38.48,0.9332,0.6277,-0.0299,Educational Instruction and Library,21,6,0.0319,0.8823
25-2057.00,"Special Education Teachers, Middle School",2026,39.45,0.8531,0.8531,0.0141,Educational Instruction and Library,21,3,0.0309,0.8823
25-2058.00,"Special Education Teachers, Secondary School",2020,25.83,1.0485,-2.3118,-0.2605,Educational Instruction and Library,18,16,0.2023,0.7239
25-2058.00,"Special Education Teachers, Secondary School",2021,27.27,1.0003,-1.9772,-0.0821,Educational Instruction and Library,16,18,0.2326,0.7069
25-2058.00,"Special Education Teachers, Secondary School",2022,24.39,0.8222,-2.6464,0.2366,Educational Instruction and Library,17,18,0.2344,0.6946
25-2058.00,"Special Education Teachers, Secondary School",2023,30.06,0.9486,-1.3289,0.3355,Educational Instruction and Library,17,15,0.225,0.7081
25-2058.00,"Special Education Teachers, Secondary School",2024,34.05,0.7712,-0.4017,0.1212,Educational Instruction and Library,19,12,0.1239,0.7921
25-2058.00,"Special Education Teachers, Secondary School",2025,37.68,0.7518,0.4418,-0.5121,Educational Instruction and Library,22,6,0.0377,0.8759
25-2058.00,"Special Education Teachers, Secondary School",2026,39.18,0.7904,0.7904,-0.139,Educational Instruction and Library,22,3,0.0291,0.8759
25-2059.01,Adapted Physical Education Specialists,2020,23.32,-0.042,-2.8951,-2.8795,Educational Instruction and Library,23,16,0.2557,0.6736
25-2059.01,Adapted Physical Education Specialists,2021,24.03,-0.0885,-2.7301,-4.1669,Educational Instruction and Library,20,18,0.3001,0.6389
25-2059.01,Adapted Physical Education Specialists,2022,20.8,-0.7706,-3.4807,-3.5456,Educational Instruction and Library,22,18,0.2888,0.6456
25-2059.01,Adapted Physical Education Specialists,2023,24.49,-0.5404,-2.6232,-3.3181,Educational Instruction and Library,22,15,0.2885,0.6458
25-2059.01,Adapted Physical Education Specialists,2024,29.05,-0.3539,-1.5636,-3.2917,Educational Instruction and Library,25,12,0.1744,0.7505
25-2059.01,Adapted Physical Education Specialists,2025,32.76,-0.3637,-0.7015,-3.4773,Educational Instruction and Library,29,6,0.0866,0.8251
25-2059.01,Adapted Physical Education Specialists,2026,33.13,-0.6155,-0.6155,-3.5701,Educational Instruction and Library,31,3,0.0421,0.8696
25-3011.00,"Adult Basic Education, Adult Secondary Education, and English as a Second Language Instructors",2020,26.17,1.1962,-2.2328,0.0942,Educational Instruction and Library,17,16,0.2133,0.7192
25-3011.00,"Adult Basic Education, Adult Secondary Education, and English as a Second Language Instructors",2021,27.5,1.0776,-1.9238,0.2079,Educational Instruction and Library,15,18,0.2199,0.7138
25-3011.00,"Adult Basic Education, Adult Secondary Education, and English as a Second Language Instructors",2022,24.78,0.9952,-2.5558,0.6475,Educational Instruction and Library,16,18,0.2394,0.6931
25-3011.00,"Adult Basic Education, Adult Secondary Education, and English as a Second Language Instructors",2023,30.64,1.1037,-1.1941,0.7159,Educational Instruction and Library,16,15,0.2182,0.7143
25-3011.00,"Adult Basic Education, Adult Secondary Education, and English as a Second Language Instructors",2024,34.81,0.9422,-0.2251,0.6399,Educational Instruction and Library,18,12,0.1175,0.8085
25-3011.00,"Adult Basic Education, Adult Secondary Education, and English as a Second Language Instructors",2025,39.09,1.0715,0.7695,0.3377,Educational Instruction and Library,20,6,0.0366,0.8679
25-3011.00,"Adult Basic Education, Adult Secondary Education, and English as a Second Language Instructors",2026,39.94,0.967,0.967,0.292,Educational Instruction and Library,20,3,0.0366,0.8679
25-3021.00,Self-Enrichment Teachers,2020,25.68,0.9833,-2.3467,-0.417,Educational Instruction and Library,20,16,0.2246,0.7003
25-3021.00,Self-Enrichment Teachers,2021,26.83,0.8524,-2.0794,-0.6368,Educational Instruction and Library,16,18,0.2331,0.6908
25-3021.00,Self-Enrichment Teachers,2022,23.81,0.5648,-2.7812,-0.3744,Educational Instruction and Library,19,18,0.2579,0.6746
25-3021.00,Self-Enrichment Teachers,2023,28.25,0.4647,-1.7495,-0.8518,Educational Instruction and Library,19,15,0.2335,0.6951
25-3021.00,Self-Enrichment Teachers,2024,31.37,0.1681,-1.0245,-1.7081,Educational Instruction and Library,21,12,0.112,0.8069
25-3021.00,Self-Enrichment Teachers,2025,37.19,0.6407,0.328,-0.8074,Educational Instruction and Library,24,6,0.0467,0.8665
25-3021.00,Self-Enrichment Teachers,2026,37.61,0.4256,0.4256,-1.0294,Educational Instruction and Library,24,3,0.0382,0.8665
25-3031.00,"Substitute Teachers, Short-Term",2020,25.92,1.0876,-2.2909,-0.1666,Educational Instruction and Library,18,16,0.1948,0.7388
25-3031.00,"Substitute Teachers, Short-Term",2021,27.73,1.1549,-1.8703,0.4979,Educational Instruction and Library,14,18,0.2084,0.7135
25-3031.00,"Substitute Teachers, Short-Term",2022,23.13,0.2632,-2.9392,-1.0908,Educational Instruction and Library,16,18,0.2323,0.6922
25-3031.00,"Substitute Teachers, Short-Term",2023,28.9,0.6385,-1.5984,-0.4254,Educational Instruction and Library,17,15,0.2317,0.7035
25-3031.00,"Substitute Teachers, Short-Term",2024,33.03,0.5417,-0.6387,-0.575,Educational Instruction and Library,18,12,0.1075,0.8101
25-3031.00,"Substitute Teachers, Short-Term",2025,37.51,0.7133,0.4023,-0.6145,Educational Instruction and Library,21,6,0.0323,0.8804
25-3031.00,"Substitute Teachers, Short-Term",2026,38.54,0.6417,0.6417,-0.5019,Educational Instruction and Library,21,3,0.0321,0.8804
25-3041.00,Tutors,2020,26.5,1.3395,-2.1561,0.4386,Educational Instruction and Library,16,16,0.2074,0.7152
25-3041.00,Tutors,2021,27.73,1.1549,-1.8703,0.4979,Educational Instruction and Library,15,18,0.2168,0.726
25-3041.00,Tutors,2022,25.08,1.1283,-2.4861,0.9635,Educational Instruction and Library,16,18,0.2435,0.6946
25-3041.00,Tutors,2023,30.73,1.1277,-1.1732,0.775,Educational Instruction and Library,16,15,0.2277,0.7081
25-3041.00,Tutors,2024,35.33,1.0592,-0.1042,0.9949,Educational Instruction and Library,17,12,0.1168,0.7969
25-3041.00,Tutors,2025,39.09,1.0715,0.7695,0.3377,Educational Instruction and Library,20,6,0.0351,0.8809
25-3041.00,Tutors,2026,40.03,0.9879,0.9879,0.3431,Educational Instruction and Library,20,3,0.0351,0.8809
25-4011.00,Archivists,2020,24.39,0.4229,-2.6464,-1.763,Educational Instruction and Library,20,16,0.1818,0.7478
25-4011.00,Archivists,2021,26.72,0.8154,-2.105,-0.7755,Educational Instruction and Library,16,18,0.224,0.7116
25-4011.00,Archivists,2022,22.71,0.0768,-3.0368,-1.5333,Educational Instruction and Library,18,18,0.2257,0.697
25-4011.00,Archivists,2023,28.2,0.4514,-1.7611,-0.8846,Educational Instruction and Library,18,15,0.2151,0.7064
25-4011.00,Archivists,2024,33.63,0.6767,-0.4993,-0.1655,Educational Instruction and Library,20,12,0.1136,0.8044
25-4011.00,Archivists,2025,38.86,1.0193,0.716,0.1991,Educational Instruction and Library,23,6,0.0401,0.8685
25-4011.00,Archivists,2026,39.83,0.9415,0.9415,0.2296,Educational Instruction and Library,24,3,0.0297,0.8801
25-4012.00,Curators,2020,24.54,0.488,-2.6116,-1.6065,Educational Instruction and Library,19,16,0.197,0.7353
25-4012.00,Curators,2021,27.02,0.9163,-2.0353,-0.3972,Educational Instruction and Library,15,18,0.2691,0.6603
25-4012.00,Curators,2022,23.8,0.5604,-2.7835,-0.385,Educational Instruction and Library,18,18,0.2403,0.7017
25-4012.00,Curators,2023,29.7,0.8524,-1.4125,0.0994,Educational Instruction and Library,17,15,0.2233,0.7058
25-4012.00,Curators,2024,34.74,0.9264,-0.2413,0.5922,Educational Instruction and Library,19,12,0.1342,0.7824
25-4012.00,Curators,2025,38.44,0.9241,0.6184,-0.054,Educational Instruction and Library,22,6,0.0519,0.86
25-4012.00,Curators,2026,39.17,0.7881,0.7881,-0.1447,Educational Instruction and Library,23,3,0.0418,0.8784
25-4013.00,Museum Technicians and Conservators,2020,23.87,0.197,-2.7673,-2.3056,Educational Instruction and Library,23,16,0.2196,0.7172
25-4013.00,Museum Technicians and Conservators,2021,25.26,0.3248,-2.4443,-2.6162,Educational Instruction and Library,19,18,0.316,0.6169
25-4013.00,Museum Technicians and Conservators,2022,22.9,0.1611,-2.9927,-1.3331,Educational Instruction and Library,21,18,0.268,0.6633
25-4013.00,Museum Technicians and Conservators,2023,26.35,-0.0432,-2.191,-2.098,Educational Instruction and Library,22,15,0.2462,0.6866
25-4013.00,Museum Technicians and Conservators,2024,30.41,-0.0479,-1.2475,-2.3634,Educational Instruction and Library,25,12,0.1518,0.7726
25-4013.00,Museum Technicians and Conservators,2025,35.46,0.2485,-0.074,-1.8501,Educational Instruction and Library,27,6,0.0914,0.8205
25-4013.00,Museum Technicians and Conservators,2026,36.29,0.1188,0.1188,-1.778,Educational Instruction and Library,29,3,0.0694,0.8481
25-4022.00,Librarians and Media Collections Specialists,2020,25.8,1.0354,-2.3188,-0.2918,Educational Instruction and Library,19,16,0.2039,0.7189
25-4022.00,Librarians and Media Collections Specialists,2021,27.11,0.9465,-2.0144,-0.2838,Educational Instruction and Library,16,18,0.218,0.7116
25-4022.00,Librarians and Media Collections Specialists,2022,23.34,0.3563,-2.8904,-0.8696,Educational Instruction and Library,19,18,0.2524,0.6837
25-4022.00,Librarians and Media Collections Specialists,2023,28.31,0.4808,-1.7355,-0.8124,Educational Instruction and Library,19,15,0.2347,0.6925
25-4022.00,Librarians and Media Collections Specialists,2024,32.88,0.5079,-0.6736,-0.6774,Educational Instruction and Library,21,12,0.0967,0.8174
25-4022.00,Librarians and Media Collections Specialists,2025,37.57,0.7269,0.4163,-0.5784,Educational Instruction and Library,23,6,0.0532,0.853
25-4022.00,Librarians and Media Collections Specialists,2026,38.51,0.6347,0.6347,-0.519,Educational Instruction and Library,24,3,0.0469,0.8642
25-4031.00,Library Technicians,2020,24.56,0.4967,-2.6069,-1.5856,Educational Instruction and Library,22,16,0.1788,0.7443
25-4031.00,Library Technicians,2021,25.63,0.4492,-2.3583,-2.1497,Educational Instruction and Library,19,18,0.2437,0.6928
25-4031.00,Library Technicians,2022,22.29,-0.1095,-3.1344,-1.9758,Educational Instruction and Library,21,18,0.2163,0.7125
25-4031.00,Library Technicians,2023,26.98,0.1252,-2.0446,-1.6848,Educational Instruction and Library,21,15,0.236,0.6878
25-4031.00,Library Technicians,2024,31.04,0.0939,-1.1011,-1.9334,Educational Instruction and Library,24,12,0.1192,0.8003
25-4031.00,Library Technicians,2025,35.26,0.2031,-0.1205,-1.9706,Educational Instruction and Library,27,6,0.0918,0.8183
25-4031.00,Library Technicians,2026,36.42,0.149,0.149,-1.7042,Educational Instruction and Library,29,3,0.069,0.8466
25-9021.00,Farm and Home Management Educators,2020,25.19,0.7704,-2.4605,-0.9283,Educational Instruction and Library,20,16,0.2343,0.6893
25-9021.00,Farm and Home Management Educators,2021,26.3,0.6743,-2.2026,-1.305,Educational Instruction and Library,18,18,0.2354,0.6884
25-9021.00,Farm and Home Management Educators,2022,24.73,0.973,-2.5674,0.5948,Educational Instruction and Library,19,18,0.2593,0.6677
25-9021.00,Farm and Home Management Educators,2023,28.99,0.6626,-1.5775,-0.3664,Educational Instruction and Library,21,15,0.2126,0.7141
25-9021.00,Farm and Home Management Educators,2024,33.91,0.7397,-0.4342,0.0256,Educational Instruction and Library,22,12,0.1159,0.7959
25-9021.00,Farm and Home Management Educators,2025,38.3,0.8924,0.5859,-0.1384,Educational Instruction and Library,25,6,0.0401,0.8656
25-9021.00,Farm and Home Management Educators,2026,38.87,0.7184,0.7184,-0.3148,Educational Instruction and Library,26,3,0.032,0.8746
25-9031.00,Instructional Coordinators,2020,26.07,1.1527,-2.2561,-0.0101,Educational Instruction and Library,17,16,0.2008,0.7281
25-9031.00,Instructional Coordinators,2021,27.8,1.1784,-1.854,0.5861,Educational Instruction and Library,15,18,0.22,0.7174
25-9031.00,Instructional Coordinators,2022,23.62,0.4805,-2.8254,-0.5746,Educational Instruction and Library,16,18,0.2286,0.703
25-9031.00,Instructional Coordinators,2023,28.64,0.569,-1.6588,-0.5959,Educational Instruction and Library,16,15,0.205,0.7227
25-9031.00,Instructional Coordinators,2024,33.66,0.6834,-0.4923,-0.145,Educational Instruction and Library,18,12,0.1061,0.8114
25-9031.00,Instructional Coordinators,2025,39.73,1.2166,0.9182,0.7234,Educational Instruction and Library,20,6,0.0316,0.8764
25-9031.00,Instructional Coordinators,2026,40.4,1.0739,1.0739,0.5529,Educational Instruction and Library,20,3,0.0316,0.8764
25-9042.00,"Teaching Assistants, Preschool, Elementary, Middle, and Secondary School, Except Special Education",2020,24.96,0.6705,-2.514,-1.1683,Educational Instruction and Library,21,16,0.2351,0.6928
25-9042.00,"Teaching Assistants, Preschool, Elementary, Middle, and Secondary School, Except Special Education",2021,26.76,0.8289,-2.0957,-0.725,Educational Instruction and Library,18,18,0.2749,0.6575
25-9042.00,"Teaching Assistants, Preschool, Elementary, Middle, and Secondary School, Except Special Education",2022,23.51,0.4317,-2.8509,-0.6905,Educational Instruction and Library,20,18,0.2584,0.6681
25-9042.00,"Teaching Assistants, Preschool, Elementary, Middle, and Secondary School, Except Special Education",2023,28.69,0.5824,-1.6472,-0.5631,Educational Instruction and Library,20,15,0.2531,0.6753
25-9042.00,"Teaching Assistants, Preschool, Elementary, Middle, and Secondary School, Except Special Education",2024,32.75,0.4787,-0.7038,-0.7662,Educational Instruction and Library,23,12,0.1462,0.778
25-9042.00,"Teaching Assistants, Preschool, Elementary, Middle, and Secondary School, Except Special Education",2025,35.54,0.2666,-0.0554,-1.8019,Educational Instruction and Library,27,6,0.0525,0.8621
25-9042.00,"Teaching Assistants, Preschool, Elementary, Middle, and Secondary School, Except Special Education",2026,36.26,0.1119,0.1119,-1.795,Educational Instruction and Library,28,3,0.036,0.8729
25-9043.00,"Teaching Assistants, Special Education",2020,26.15,1.1875,-2.2375,0.0734,Educational Instruction and Library,19,16,0.223,0.7093
25-9043.00,"Teaching Assistants, Special Education",2021,27.93,1.2221,-1.8238,0.75,Educational Instruction and Library,17,18,0.2439,0.7015
25-9043.00,"Teaching Assistants, Special Education",2022,23.52,0.4362,-2.8486,-0.68,Educational Instruction and Library,18,18,0.2665,0.671
25-9043.00,"Teaching Assistants, Special Education",2023,27.93,0.3792,-1.8238,-1.0617,Educational Instruction and Library,17,15,0.2691,0.6611
25-9043.00,"Teaching Assistants, Special Education",2024,33.22,0.5844,-0.5946,-0.4454,Educational Instruction and Library,20,12,0.1356,0.784
25-9043.00,"Teaching Assistants, Special Education",2025,36.14,0.4026,0.084,-1.4402,Educational Instruction and Library,23,6,0.0522,0.858
25-9043.00,"Teaching Assistants, Special Education",2026,36.63,0.1978,0.1978,-1.5851,Educational Instruction and Library,24,3,0.0323,0.8728
25-9044.00,"Teaching Assistants, Postsecondary",2020,26.56,1.3656,-2.1422,0.5012,Educational Instruction and Library,17,16,0.22,0.7068
25-9044.00,"Teaching Assistants, Postsecondary",2021,27.51,1.0809,-1.9214,0.2205,Educational Instruction and Library,15,18,0.2128,0.7235
25-9044.00,"Teaching Assistants, Postsecondary",2022,24.36,0.8089,-2.6534,0.205,Educational Instruction and Library,16,18,0.2489,0.676
25-9044.00,"Teaching Assistants, Postsecondary",2023,29.58,0.8203,-1.4404,0.0206,Educational Instruction and Library,17,15,0.2256,0.711
25-9044.00,"Teaching Assistants, Postsecondary",2024,33.58,0.6654,-0.5109,-0.1996,Educational Instruction and Library,18,12,0.1022,0.8183
25-9044.00,"Teaching Assistants, Postsecondary",2025,38.95,1.0397,0.737,0.2533,Educational Instruction and Library,20,6,0.0269,0.8769
25-9044.00,"Teaching Assistants, Postsecondary",2026,39.41,0.8439,0.8439,-0.0086,Educational Instruction and Library,20,3,0.0269,0.8769
27-1011.00,Art Directors,2020,24.1,0.2969,-2.7138,0.0282,"Arts, Design, Entertainment, Sports, and Media",18,16,0.211,0.7129
27-1011.00,Art Directors,2021,26.94,0.8894,-2.0539,0.5428,"Arts, Design, Entertainment, Sports, and Media",15,18,0.3128,0.6273
27-1011.00,Art Directors,2022,23.61,0.4761,-2.8277,0.4814,"Arts, Design, Entertainment, Sports, and Media",17,18,0.2848,0.6583
27-1011.00,Art Directors,2023,27.99,0.3952,-1.8099,0.6316,"Arts, Design, Entertainment, Sports, and Media",17,15,0.2332,0.7047
27-1011.00,Art Directors,2024,32.25,0.3662,-0.82,0.568,"Arts, Design, Entertainment, Sports, and Media",19,12,0.1508,0.7781
27-1011.00,Art Directors,2025,36.51,0.4865,0.17,0.5984,"Arts, Design, Entertainment, Sports, and Media",21,6,0.0391,0.8786
27-1011.00,Art Directors,2026,37.46,0.3907,0.3907,0.6466,"Arts, Design, Entertainment, Sports, and Media",21,3,0.0391,0.8786
27-1012.00,Craft Artists,2020,21.34,-0.9021,-3.3552,-1.0893,"Arts, Design, Entertainment, Sports, and Media",22,16,0.2575,0.6693
27-1012.00,Craft Artists,2021,21.47,-0.9488,-3.325,-1.4279,"Arts, Design, Entertainment, Sports, and Media",21,18,0.4124,0.5356
27-1012.00,Craft Artists,2022,21.25,-0.5709,-3.3761,-0.5963,"Arts, Design, Entertainment, Sports, and Media",21,18,0.3069,0.624
27-1012.00,Craft Artists,2023,22.78,-0.9976,-3.0206,-1.1843,"Arts, Design, Entertainment, Sports, and Media",22,15,0.2273,0.7017
27-1012.00,Craft Artists,2024,27.24,-0.7612,-1.9842,-1.0048,"Arts, Design, Entertainment, Sports, and Media",25,12,0.1899,0.7365
27-1012.00,Craft Artists,2025,31.82,-0.5768,-0.9199,-0.7743,"Arts, Design, Entertainment, Sports, and Media",27,6,0.0901,0.8209
27-1012.00,Craft Artists,2026,33.08,-0.6271,-0.6271,-0.7039,"Arts, Design, Entertainment, Sports, and Media",29,3,0.0715,0.843
27-1013.00,"Fine Artists, Including Painters, Sculptors, and Illustrators",2020,21.13,-0.9934,-3.404,-1.1743,"Arts, Design, Entertainment, Sports, and Media",21,16,0.2634,0.668
27-1013.00,"Fine Artists, Including Painters, Sculptors, and Illustrators",2021,22.29,-0.6733,-3.1344,-1.1324,"Arts, Design, Entertainment, Sports, and Media",19,18,0.4382,0.5101
27-1013.00,"Fine Artists, Including Painters, Sculptors, and Illustrators",2022,20.6,-0.8593,-3.5272,-0.8931,"Arts, Design, Entertainment, Sports, and Media",20,18,0.3471,0.5891
27-1013.00,"Fine Artists, Including Painters, Sculptors, and Illustrators",2023,22.68,-1.0243,-3.0438,-1.2191,"Arts, Design, Entertainment, Sports, and Media",21,15,0.2644,0.6658
27-1013.00,"Fine Artists, Including Painters, Sculptors, and Illustrators",2024,26.75,-0.8714,-2.098,-1.1586,"Arts, Design, Entertainment, Sports, and Media",24,12,0.2036,0.7245
27-1013.00,"Fine Artists, Including Painters, Sculptors, and Illustrators",2025,31.28,-0.6992,-1.0454,-0.9323,"Arts, Design, Entertainment, Sports, and Media",26,6,0.0842,0.8347
27-1013.00,"Fine Artists, Including Painters, Sculptors, and Illustrators",2026,32.19,-0.8339,-0.8339,-0.9783,"Arts, Design, Entertainment, Sports, and Media",27,3,0.0655,0.85
27-1014.00,Special Effects Artists and Animators,2020,23.31,-0.0463,-2.8974,-0.2916,"Arts, Design, Entertainment, Sports, and Media",20,16,0.2078,0.7254
27-1014.00,Special Effects Artists and Animators,2021,25.86,0.5264,-2.3049,0.1537,"Arts, Design, Entertainment, Sports, and Media",17,18,0.3174,0.6284
27-1014.00,Special Effects Artists and Animators,2022,22.97,0.1922,-2.9764,0.1891,"Arts, Design, Entertainment, Sports, and Media",18,18,0.2791,0.6508
27-1014.00,Special Effects Artists and Animators,2023,27.38,0.2322,-1.9516,0.419,"Arts, Design, Entertainment, Sports, and Media",19,15,0.2352,0.6891
27-1014.00,Special Effects Artists and Animators,2024,31.44,0.1839,-1.0082,0.3137,"Arts, Design, Entertainment, Sports, and Media",21,12,0.1481,0.7771
27-1014.00,Special Effects Artists and Animators,2025,35.14,0.1759,-0.1484,0.1974,"Arts, Design, Entertainment, Sports, and Media",23,6,0.0478,0.862
27-1014.00,Special Effects Artists and Animators,2026,36.29,0.1188,0.1188,0.2859,"Arts, Design, Entertainment, Sports, and Media",23,3,0.0478,0.862
27-1021.00,Commercial and Industrial Designers,2020,23.52,0.0449,-2.8486,-0.2066,"Arts, Design, Entertainment, Sports, and Media",20,16,0.2079,0.7269
27-1021.00,Commercial and Industrial Designers,2021,25.97,0.5634,-2.2793,0.1933,"Arts, Design, Entertainment, Sports, and Media",16,18,0.3117,0.62
27-1021.00,Commercial and Industrial Designers,2022,24.0,0.6491,-2.7371,0.6595,"Arts, Design, Entertainment, Sports, and Media",19,18,0.2531,0.6847
27-1021.00,Commercial and Industrial Designers,2023,28.52,0.5369,-1.6867,0.8163,"Arts, Design, Entertainment, Sports, and Media",19,15,0.2136,0.7176
27-1021.00,Commercial and Industrial Designers,2024,33.24,0.5889,-0.5899,0.8787,"Arts, Design, Entertainment, Sports, and Media",20,12,0.1521,0.7706
27-1021.00,Commercial and Industrial Designers,2025,35.79,0.3233,0.0026,0.3876,"Arts, Design, Entertainment, Sports, and Media",23,6,0.0546,0.86
27-1021.00,Commercial and Industrial Designers,2026,36.93,0.2676,0.2676,0.4832,"Arts, Design, Entertainment, Sports, and Media",23,3,0.0546,0.86
27-1022.00,Fashion Designers,2020,23.65,0.1014,-2.8184,-0.154,"Arts, Design, Entertainment, Sports, and Media",20,16,0.2252,0.7069
27-1022.00,Fashion Designers,2021,25.94,0.5533,-2.2863,0.1825,"Arts, Design, Entertainment, Sports, and Media",17,18,0.3341,0.6056
27-1022.00,Fashion Designers,2022,22.49,-0.0208,-3.088,-0.03,"Arts, Design, Entertainment, Sports, and Media",19,18,0.2793,0.6539
27-1022.00,Fashion Designers,2023,26.85,0.0905,-2.0748,0.2342,"Arts, Design, Entertainment, Sports, and Media",20,15,0.2215,0.7081
27-1022.00,Fashion Designers,2024,31.82,0.2694,-0.9199,0.433,"Arts, Design, Entertainment, Sports, and Media",21,12,0.1558,0.7694
27-1022.00,Fashion Designers,2025,34.9,0.1215,-0.2042,0.1272,"Arts, Design, Entertainment, Sports, and Media",23,6,0.052,0.854
27-1022.00,Fashion Designers,2026,36.14,0.084,0.084,0.2396,"Arts, Design, Entertainment, Sports, and Media",24,3,0.0506,0.8646
27-1023.00,Floral Designers,2020,21.75,-0.724,-3.2599,-0.9233,"Arts, Design, Entertainment, Sports, and Media",21,16,0.2226,0.7056
27-1023.00,Floral Designers,2021,23.61,-0.2297,-2.8277,-0.6569,"Arts, Design, Entertainment, Sports, and Media",18,18,0.3509,0.5908
27-1023.00,Floral Designers,2022,21.62,-0.4068,-3.2901,-0.4273,"Arts, Design, Entertainment, Sports, and Media",20,18,0.2998,0.6397
27-1023.00,Floral Designers,2023,24.81,-0.4549,-2.5488,-0.4767,"Arts, Design, Entertainment, Sports, and Media",20,15,0.2628,0.6702
27-1023.00,Floral Designers,2024,28.32,-0.5182,-1.7332,-0.6658,"Arts, Design, Entertainment, Sports, and Media",23,12,0.1721,0.7555
27-1023.00,Floral Designers,2025,32.31,-0.4657,-0.806,-0.6309,"Arts, Design, Entertainment, Sports, and Media",25,6,0.0594,0.8533
27-1023.00,Floral Designers,2026,33.41,-0.5504,-0.5504,-0.6021,"Arts, Design, Entertainment, Sports, and Media",26,3,0.045,0.8645
27-1024.00,Graphic Designers,2020,23.94,0.2274,-2.751,-0.0365,"Arts, Design, Entertainment, Sports, and Media",19,16,0.2273,0.7107
27-1024.00,Graphic Designers,2021,26.44,0.7214,-2.1701,0.3626,"Arts, Design, Entertainment, Sports, and Media",15,18,0.3299,0.6067
27-1024.00,Graphic Designers,2022,22.37,-0.074,-3.1158,-0.0848,"Arts, Design, Entertainment, Sports, and Media",17,18,0.3019,0.6346
27-1024.00,Graphic Designers,2023,26.28,-0.0619,-2.2073,0.0356,"Arts, Design, Entertainment, Sports, and Media",18,15,0.2457,0.6887
27-1024.00,Graphic Designers,2024,31.1,0.1074,-1.0872,0.2069,"Arts, Design, Entertainment, Sports, and Media",19,12,0.1596,0.7642
27-1024.00,Graphic Designers,2025,34.66,0.0671,-0.2599,0.0569,"Arts, Design, Entertainment, Sports, and Media",21,6,0.0442,0.8638
27-1024.00,Graphic Designers,2026,35.39,-0.0903,-0.0903,0.0084,"Arts, Design, Entertainment, Sports, and Media",21,3,0.0442,0.8638
27-1025.00,Interior Designers,2020,24.33,0.3968,-2.6604,0.1214,"Arts, Design, Entertainment, Sports, and Media",17,16,0.2185,0.7045
27-1025.00,Interior Designers,2021,27.2,0.9768,-1.9935,0.6364,"Arts, Design, Entertainment, Sports, and Media",15,18,0.3169,0.6287
27-1025.00,Interior Designers,2022,24.48,0.8621,-2.6255,0.8786,"Arts, Design, Entertainment, Sports, and Media",16,18,0.2795,0.6532
27-1025.00,Interior Designers,2023,29.0,0.6652,-1.5752,0.9836,"Arts, Design, Entertainment, Sports, and Media",16,15,0.2426,0.6851
27-1025.00,Interior Designers,2024,33.88,0.7329,-0.4412,1.0796,"Arts, Design, Entertainment, Sports, and Media",18,12,0.1569,0.7654
27-1025.00,Interior Designers,2025,37.17,0.6362,0.3233,0.7915,"Arts, Design, Entertainment, Sports, and Media",21,6,0.0271,0.8928
27-1025.00,Interior Designers,2026,37.82,0.4744,0.4744,0.7576,"Arts, Design, Entertainment, Sports, and Media",21,3,0.0271,0.8928
27-1026.00,Merchandise Displayers and Window Trimmers,2020,20.95,-1.0716,-3.4458,-1.2472,"Arts, Design, Entertainment, Sports, and Media",23,16,0.2484,0.6919
27-1026.00,Merchandise Displayers and Window Trimmers,2021,21.67,-0.8816,-3.2785,-1.3558,"Arts, Design, Entertainment, Sports, and Media",19,18,0.3704,0.5689
27-1026.00,Merchandise Displayers and Window Trimmers,2022,20.02,-1.1166,-3.6619,-1.1579,"Arts, Design, Entertainment, Sports, and Media",21,18,0.3009,0.6369
27-1026.00,Merchandise Displayers and Window Trimmers,2023,22.62,-1.0404,-3.0578,-1.24,"Arts, Design, Entertainment, Sports, and Media",21,15,0.289,0.6418
27-1026.00,Merchandise Displayers and Window Trimmers,2024,26.21,-0.9929,-2.2235,-1.3281,"Arts, Design, Entertainment, Sports, and Media",24,12,0.2033,0.7195
27-1026.00,Merchandise Displayers and Window Trimmers,2025,30.32,-0.9169,-1.2685,-1.2133,"Arts, Design, Entertainment, Sports, and Media",28,6,0.0967,0.8226
27-1026.00,Merchandise Displayers and Window Trimmers,2026,31.05,-1.0988,-1.0988,-1.3298,"Arts, Design, Entertainment, Sports, and Media",29,3,0.0483,0.8596
27-1027.00,Set and Exhibit Designers,2020,23.8,0.1666,-2.7835,-0.0932,"Arts, Design, Entertainment, Sports, and Media",22,16,0.2303,0.7092
27-1027.00,Set and Exhibit Designers,2021,25.5,0.4055,-2.3885,0.024,"Arts, Design, Entertainment, Sports, and Media",18,18,0.3237,0.6117
27-1027.00,Set and Exhibit Designers,2022,23.6,0.4717,-2.83,0.4768,"Arts, Design, Entertainment, Sports, and Media",20,18,0.2684,0.6643
27-1027.00,Set and Exhibit Designers,2023,27.83,0.3525,-1.8471,0.5758,"Arts, Design, Entertainment, Sports, and Media",21,15,0.2266,0.6997
27-1027.00,Set and Exhibit Designers,2024,31.66,0.2334,-0.9571,0.3827,"Arts, Design, Entertainment, Sports, and Media",23,12,0.1522,0.772
27-1027.00,Set and Exhibit Designers,2025,35.55,0.2689,-0.0531,0.3174,"Arts, Design, Entertainment, Sports, and Media",26,6,0.0546,0.8594
27-1027.00,Set and Exhibit Designers,2026,36.91,0.2629,0.2629,0.477,"Arts, Design, Entertainment, Sports, and Media",26,3,0.0464,0.8594
27-2011.00,Actors,2020,25.55,0.9268,-2.3769,0.6153,"Arts, Design, Entertainment, Sports, and Media",20,16,0.2436,0.6858
27-2011.00,Actors,2021,27.49,1.0742,-1.9261,0.7409,"Arts, Design, Entertainment, Sports, and Media",17,18,0.2649,0.6737
27-2011.00,Actors,2022,22.29,-0.1095,-3.1344,-0.1214,"Arts, Design, Entertainment, Sports, and Media",18,18,0.2933,0.6379
27-2011.00,Actors,2023,26.73,0.0584,-2.1027,0.1924,"Arts, Design, Entertainment, Sports, and Media",18,15,0.3112,0.6231
27-2011.00,Actors,2024,30.45,-0.0389,-1.2382,0.0029,"Arts, Design, Entertainment, Sports, and Media",20,12,0.1402,0.7775
27-2011.00,Actors,2025,35.35,0.2235,-0.0996,0.2589,"Arts, Design, Entertainment, Sports, and Media",24,6,0.0541,0.8579
27-2011.00,Actors,2026,35.17,-0.1414,-0.1414,-0.0595,"Arts, Design, Entertainment, Sports, and Media",26,3,0.0267,0.8853
27-2012.00,Producers and Directors,2020,25.14,0.7487,-2.4722,0.4493,"Arts, Design, Entertainment, Sports, and Media",20,16,0.2252,0.7
27-2012.00,Producers and Directors,2021,27.19,0.9734,-1.9958,0.6328,"Arts, Design, Entertainment, Sports, and Media",17,18,0.2719,0.6581
27-2012.00,Producers and Directors,2022,24.37,0.8133,-2.6511,0.8284,"Arts, Design, Entertainment, Sports, and Media",19,18,0.2613,0.6673
27-2012.00,Producers and Directors,2023,29.15,0.7053,-1.5403,1.0359,"Arts, Design, Entertainment, Sports, and Media",20,15,0.2122,0.718
27-2012.00,Producers and Directors,2024,33.14,0.5664,-0.6131,0.8473,"Arts, Design, Entertainment, Sports, and Media",22,12,0.124,0.8029
27-2012.00,Producers and Directors,2025,36.62,0.5115,0.1955,0.6306,"Arts, Design, Entertainment, Sports, and Media",25,6,0.0501,0.8697
27-2012.00,Producers and Directors,2026,37.45,0.3884,0.3884,0.6435,"Arts, Design, Entertainment, Sports, and Media",25,3,0.0466,0.8697
27-2012.03,Media Programming Directors,2020,25.36,0.8443,-2.421,0.5384,"Arts, Design, Entertainment, Sports, and Media",19,16,0.2268,0.7055
27-2012.03,Media Programming Directors,2021,27.08,0.9364,-2.0214,0.5932,"Arts, Design, Entertainment, Sports, and Media",16,18,0.246,0.6831
27-2012.03,Media Programming Directors,2022,23.86,0.587,-2.7696,0.5955,"Arts, Design, Entertainment, Sports, and Media",18,18,0.2665,0.6708
27-2012.03,Media Programming Directors,2023,29.0,0.6652,-1.5752,0.9836,"Arts, Design, Entertainment, Sports, and Media",18,15,0.2145,0.7072
27-2012.03,Media Programming Directors,2024,34.32,0.8319,-0.3389,1.2178,"Arts, Design, Entertainment, Sports, and Media",20,12,0.1233,0.7983
27-2012.03,Media Programming Directors,2025,37.77,0.7722,0.4628,0.9671,"Arts, Design, Entertainment, Sports, and Media",22,6,0.0403,0.8655
27-2012.03,Media Programming Directors,2026,38.78,0.6975,0.6975,1.0536,"Arts, Design, Entertainment, Sports, and Media",22,3,0.0403,0.8655
27-2012.04,Talent Directors,2020,26.93,1.5263,-2.0562,1.1741,"Arts, Design, Entertainment, Sports, and Media",17,16,0.2159,0.7161
27-2012.04,Talent Directors,2021,28.09,1.2758,-1.7867,0.9571,"Arts, Design, Entertainment, Sports, and Media",15,18,0.2313,0.7133
27-2012.04,Talent Directors,2022,24.64,0.9331,-2.5884,0.9517,"Arts, Design, Entertainment, Sports, and Media",16,18,0.2448,0.6867
27-2012.04,Talent Directors,2023,28.66,0.5744,-1.6542,0.8651,"Arts, Design, Entertainment, Sports, and Media",16,15,0.2121,0.7217
27-2012.04,Talent Directors,2024,33.64,0.6789,-0.497,1.0043,"Arts, Design, Entertainment, Sports, and Media",18,12,0.1115,0.8144
27-2012.04,Talent Directors,2025,37.65,0.745,0.4349,0.932,"Arts, Design, Entertainment, Sports, and Media",20,6,0.0298,0.879
27-2012.04,Talent Directors,2026,38.56,0.6463,0.6463,0.9858,"Arts, Design, Entertainment, Sports, and Media",20,3,0.0297,0.879
27-2012.05,Media Technical Directors/Managers,2020,24.83,0.614,-2.5442,0.3238,"Arts, Design, Entertainment, Sports, and Media",21,16,0.2046,0.7243
27-2012.05,Media Technical Directors/Managers,2021,26.7,0.8087,-2.1097,0.4563,"Arts, Design, Entertainment, Sports, and Media",18,18,0.2835,0.6508
27-2012.05,Media Technical Directors/Managers,2022,23.34,0.3563,-2.8904,0.3581,"Arts, Design, Entertainment, Sports, and Media",20,18,0.274,0.6634
27-2012.05,Media Technical Directors/Managers,2023,26.94,0.1145,-2.0539,0.2656,"Arts, Design, Entertainment, Sports, and Media",21,15,0.233,0.6975
27-2012.05,Media Technical Directors/Managers,2024,31.46,0.1884,-1.0035,0.32,"Arts, Design, Entertainment, Sports, and Media",23,12,0.1365,0.7907
27-2012.05,Media Technical Directors/Managers,2025,35.34,0.2213,-0.1019,0.2559,"Arts, Design, Entertainment, Sports, and Media",25,6,0.0513,0.8569
27-2012.05,Media Technical Directors/Managers,2026,36.55,0.1793,0.1793,0.366,"Arts, Design, Entertainment, Sports, and Media",25,3,0.0498,0.8569
27-2021.00,Athletes and Sports Competitors,2020,20.08,-1.4495,-3.648,-1.5995,"Arts, Design, Entertainment, Sports, and Media",27,16,0.3165,0.6268
27-2021.00,Athletes and Sports Competitors,2021,19.72,-1.5369,-3.7316,-2.0583,"Arts, Design, Entertainment, Sports, and Media",24,18,0.3648,0.5748
27-2021.00,Athletes and Sports Competitors,2022,17.78,-2.1104,-4.1825,-2.1807,"Arts, Design, Entertainment, Sports, and Media",25,18,0.3426,0.5924
27-2021.00,Athletes and Sports Competitors,2023,20.76,-1.5376,-3.49,-1.8883,"Arts, Design, Entertainment, Sports, and Media",27,15,0.3521,0.5917
27-2021.00,Athletes and Sports Competitors,2024,24.14,-1.4587,-2.7045,-1.978,"Arts, Design, Entertainment, Sports, and Media",29,12,0.2458,0.682
27-2021.00,Athletes and Sports Competitors,2025,27.47,-1.5631,-1.9307,-2.0474,"Arts, Design, Entertainment, Sports, and Media",34,6,0.1123,0.8044
27-2021.00,Athletes and Sports Competitors,2026,30.0,-1.3428,-1.3428,-1.6535,"Arts, Design, Entertainment, Sports, and Media",36,3,0.0381,0.876
27-2022.00,Coaches and Scouts,2020,23.72,0.1318,-2.8021,-0.1256,"Arts, Design, Entertainment, Sports, and Media",22,16,0.2459,0.6808
27-2022.00,Coaches and Scouts,2021,25.83,0.5164,-2.3118,0.1429,"Arts, Design, Entertainment, Sports, and Media",19,18,0.2897,0.6486
27-2022.00,Coaches and Scouts,2022,22.69,0.0679,-3.0415,0.0613,"Arts, Design, Entertainment, Sports, and Media",21,18,0.2874,0.6485
27-2022.00,Coaches and Scouts,2023,25.91,-0.1608,-2.2932,-0.0934,"Arts, Design, Entertainment, Sports, and Media",20,15,0.2494,0.6782
27-2022.00,Coaches and Scouts,2024,31.39,0.1726,-1.0198,0.298,"Arts, Design, Entertainment, Sports, and Media",23,12,0.1454,0.7724
27-2022.00,Coaches and Scouts,2025,34.25,-0.0259,-0.3552,-0.0631,"Arts, Design, Entertainment, Sports, and Media",27,6,0.0617,0.8487
27-2022.00,Coaches and Scouts,2026,34.69,-0.253,-0.253,-0.2075,"Arts, Design, Entertainment, Sports, and Media",29,3,0.0329,0.8811
27-2023.00,"Umpires, Referees, and Other Sports Officials",2020,23.39,-0.0116,-2.8788,-0.2592,"Arts, Design, Entertainment, Sports, and Media",24,16,0.1935,0.7302
27-2023.00,"Umpires, Referees, and Other Sports Officials",2021,25.19,0.3013,-2.4605,-0.0877,"Arts, Design, Entertainment, Sports, and Media",22,18,0.261,0.6758
27-2023.00,"Umpires, Referees, and Other Sports Officials",2022,21.77,-0.3402,-3.2553,-0.3588,"Arts, Design, Entertainment, Sports, and Media",23,18,0.2617,0.6659
27-2023.00,"Umpires, Referees, and Other Sports Officials",2023,25.18,-0.356,-2.4629,-0.3478,"Arts, Design, Entertainment, Sports, and Media",23,15,0.297,0.6366
27-2023.00,"Umpires, Referees, and Other Sports Officials",2024,28.83,-0.4034,-1.6147,-0.5057,"Arts, Design, Entertainment, Sports, and Media",25,12,0.1575,0.7636
27-2023.00,"Umpires, Referees, and Other Sports Officials",2025,31.06,-0.7491,-1.0965,-0.9967,"Arts, Design, Entertainment, Sports, and Media",30,6,0.0686,0.839
27-2023.00,"Umpires, Referees, and Other Sports Officials",2026,32.83,-0.6852,-0.6852,-0.781,"Arts, Design, Entertainment, Sports, and Media",32,3,0.0411,0.8679
27-2031.00,Dancers,2020,15.41,-3.4783,-4.7332,-3.4903,"Arts, Design, Entertainment, Sports, and Media",23,16,0.3123,0.6292
27-2031.00,Dancers,2021,15.58,-2.9282,-4.6937,-3.5498,"Arts, Design, Entertainment, Sports, and Media",20,18,0.3507,0.5876
27-2031.00,Dancers,2022,13.75,-3.8984,-5.1189,-4.0209,"Arts, Design, Entertainment, Sports, and Media",21,18,0.3431,0.5948
27-2031.00,Dancers,2023,15.3,-2.9973,-4.7587,-3.7912,"Arts, Design, Entertainment, Sports, and Media",22,15,0.4158,0.5318
27-2031.00,Dancers,2024,19.38,-2.5298,-3.8107,-3.4722,"Arts, Design, Entertainment, Sports, and Media",25,12,0.2583,0.6769
27-2031.00,Dancers,2025,23.23,-2.5244,-2.916,-3.2884,"Arts, Design, Entertainment, Sports, and Media",29,6,0.1267,0.7894
27-2031.00,Dancers,2026,24.52,-2.6162,-2.6162,-3.3432,"Arts, Design, Entertainment, Sports, and Media",30,3,0.0226,0.8799
27-2032.00,Choreographers,2020,18.95,-1.9404,-3.9106,-2.057,"Arts, Design, Entertainment, Sports, and Media",24,16,0.3075,0.6327
27-2032.00,Choreographers,2021,19.9,-1.4764,-3.6898,-1.9935,"Arts, Design, Entertainment, Sports, and Media",21,18,0.3524,0.5908
27-2032.00,Choreographers,2022,17.91,-2.0528,-4.1522,-2.1214,"Arts, Design, Entertainment, Sports, and Media",23,18,0.3316,0.6116
27-2032.00,Choreographers,2023,20.59,-1.5831,-3.5295,-1.9475,"Arts, Design, Entertainment, Sports, and Media",22,15,0.3658,0.5793
27-2032.00,Choreographers,2024,24.46,-1.3867,-2.6302,-1.8775,"Arts, Design, Entertainment, Sports, and Media",25,12,0.214,0.7084
27-2032.00,Choreographers,2025,27.61,-1.5313,-1.8982,-2.0064,"Arts, Design, Entertainment, Sports, and Media",30,6,0.0912,0.8279
27-2032.00,Choreographers,2026,27.76,-1.8633,-1.8633,-2.3442,"Arts, Design, Entertainment, Sports, and Media",31,3,0.0214,0.8843
27-2041.00,Music Directors and Composers,2020,25.76,1.018,-2.3281,0.7004,"Arts, Design, Entertainment, Sports, and Media",22,16,0.2777,0.6615
27-2041.00,Music Directors and Composers,2021,27.83,1.1885,-1.8471,0.8634,"Arts, Design, Entertainment, Sports, and Media",19,18,0.3064,0.6329
27-2041.00,Music Directors and Composers,2022,24.47,0.8577,-2.6279,0.8741,"Arts, Design, Entertainment, Sports, and Media",20,18,0.2771,0.6553
27-2041.00,Music Directors and Composers,2023,27.59,0.2883,-1.9028,0.4922,"Arts, Design, Entertainment, Sports, and Media",21,15,0.2282,0.6962
27-2041.00,Music Directors and Composers,2024,32.28,0.3729,-0.813,0.5774,"Arts, Design, Entertainment, Sports, and Media",24,12,0.1698,0.7532
27-2041.00,Music Directors and Composers,2025,34.03,-0.0757,-0.4063,-0.1275,"Arts, Design, Entertainment, Sports, and Media",27,6,0.0537,0.8628
27-2041.00,Music Directors and Composers,2026,34.3,-0.3436,-0.3436,-0.3277,"Arts, Design, Entertainment, Sports, and Media",27,3,0.0453,0.8628
27-2042.00,Musicians and Singers,2020,25.1,0.7313,-2.4815,0.4331,"Arts, Design, Entertainment, Sports, and Media",23,16,0.2633,0.6683
27-2042.00,Musicians and Singers,2021,25.95,0.5567,-2.2839,0.1861,"Arts, Design, Entertainment, Sports, and Media",20,18,0.3231,0.6118
27-2042.00,Musicians and Singers,2022,23.65,0.4939,-2.8184,0.4996,"Arts, Design, Entertainment, Sports, and Media",22,18,0.2822,0.6578
27-2042.00,Musicians and Singers,2023,25.35,-0.3105,-2.4234,-0.2885,"Arts, Design, Entertainment, Sports, and Media",23,15,0.2583,0.6735
27-2042.00,Musicians and Singers,2024,28.38,-0.5047,-1.7193,-0.6469,"Arts, Design, Entertainment, Sports, and Media",26,12,0.1643,0.7652
27-2042.00,Musicians and Singers,2025,32.92,-0.3274,-0.6643,-0.4523,"Arts, Design, Entertainment, Sports, and Media",29,6,0.0747,0.8411
27-2042.00,Musicians and Singers,2026,33.62,-0.5016,-0.5016,-0.5374,"Arts, Design, Entertainment, Sports, and Media",30,3,0.0632,0.8501
27-3011.00,Broadcast Announcers and Radio Disc Jockeys,2020,27.59,1.8131,-1.9028,1.4413,"Arts, Design, Entertainment, Sports, and Media",18,16,0.242,0.6839
27-3011.00,Broadcast Announcers and Radio Disc Jockeys,2021,28.47,1.4035,-1.6983,1.094,"Arts, Design, Entertainment, Sports, and Media",16,18,0.2272,0.701
27-3011.00,Broadcast Announcers and Radio Disc Jockeys,2022,24.78,0.9952,-2.5558,1.0156,"Arts, Design, Entertainment, Sports, and Media",17,18,0.306,0.6271
27-3011.00,Broadcast Announcers and Radio Disc Jockeys,2023,28.15,0.438,-1.7727,0.6873,"Arts, Design, Entertainment, Sports, and Media",18,15,0.234,0.6898
27-3011.00,Broadcast Announcers and Radio Disc Jockeys,2024,32.08,0.3279,-0.8595,0.5146,"Arts, Design, Entertainment, Sports, and Media",20,12,0.1043,0.8185
27-3011.00,Broadcast Announcers and Radio Disc Jockeys,2025,36.92,0.5795,0.2652,0.7184,"Arts, Design, Entertainment, Sports, and Media",22,6,0.0232,0.8886
27-3011.00,Broadcast Announcers and Radio Disc Jockeys,2026,37.04,0.2931,0.2931,0.5171,"Arts, Design, Entertainment, Sports, and Media",22,3,0.0218,0.8886
27-3023.00,"News Analysts, Reporters, and Journalists",2020,26.64,1.4003,-2.1236,1.0567,"Arts, Design, Entertainment, Sports, and Media",18,16,0.2118,0.7192
27-3023.00,"News Analysts, Reporters, and Journalists",2021,27.19,0.9734,-1.9958,0.6328,"Arts, Design, Entertainment, Sports, and Media",16,18,0.2229,0.708
27-3023.00,"News Analysts, Reporters, and Journalists",2022,23.92,0.6136,-2.7557,0.6229,"Arts, Design, Entertainment, Sports, and Media",17,18,0.2534,0.6742
27-3023.00,"News Analysts, Reporters, and Journalists",2023,28.84,0.6225,-1.6124,0.9278,"Arts, Design, Entertainment, Sports, and Media",18,15,0.2225,0.7046
27-3023.00,"News Analysts, Reporters, and Journalists",2024,33.18,0.5754,-0.6039,0.8599,"Arts, Design, Entertainment, Sports, and Media",20,12,0.1074,0.8189
27-3023.00,"News Analysts, Reporters, and Journalists",2025,36.95,0.5863,0.2722,0.7271,"Arts, Design, Entertainment, Sports, and Media",22,6,0.0488,0.86
27-3023.00,"News Analysts, Reporters, and Journalists",2026,37.82,0.4744,0.4744,0.7576,"Arts, Design, Entertainment, Sports, and Media",22,3,0.0483,0.86
27-3031.00,Public Relations Specialists,2020,26.91,1.5176,-2.0609,1.166,"Arts, Design, Entertainment, Sports, and Media",15,16,0.2283,0.6964
27-3031.00,Public Relations Specialists,2021,27.96,1.2322,-1.8169,0.9102,"Arts, Design, Entertainment, Sports, and Media",13,18,0.23,0.7013
27-3031.00,Public Relations Specialists,2022,24.33,0.7956,-2.6604,0.8101,"Arts, Design, Entertainment, Sports, and Media",14,18,0.2592,0.6693
27-3031.00,Public Relations Specialists,2023,28.97,0.6572,-1.5822,0.9731,"Arts, Design, Entertainment, Sports, and Media",14,15,0.2188,0.7061
27-3031.00,Public Relations Specialists,2024,34.14,0.7914,-0.3808,1.1613,"Arts, Design, Entertainment, Sports, and Media",16,12,0.114,0.8058
27-3031.00,Public Relations Specialists,2025,38.08,0.8425,0.5348,1.0579,"Arts, Design, Entertainment, Sports, and Media",18,6,0.0206,0.8895
27-3031.00,Public Relations Specialists,2026,38.71,0.6812,0.6812,1.032,"Arts, Design, Entertainment, Sports, and Media",18,3,0.0206,0.8895
27-3041.00,Editors,2020,25.96,1.1049,-2.2816,0.7813,"Arts, Design, Entertainment, Sports, and Media",18,16,0.1874,0.742
27-3041.00,Editors,2021,27.78,1.1717,-1.8587,0.8454,"Arts, Design, Entertainment, Sports, and Media",14,18,0.2498,0.6785
27-3041.00,Editors,2022,22.66,0.0546,-3.0485,0.0476,"Arts, Design, Entertainment, Sports, and Media",16,18,0.2402,0.694
27-3041.00,Editors,2023,27.76,0.3337,-1.8633,0.5514,"Arts, Design, Entertainment, Sports, and Media",16,15,0.2219,0.7098
27-3041.00,Editors,2024,32.58,0.4404,-0.7433,0.6715,"Arts, Design, Entertainment, Sports, and Media",18,12,0.1196,0.8003
27-3041.00,Editors,2025,38.01,0.8266,0.5185,1.0374,"Arts, Design, Entertainment, Sports, and Media",20,6,0.0536,0.86
27-3041.00,Editors,2026,38.67,0.6719,0.6719,1.0197,"Arts, Design, Entertainment, Sports, and Media",20,3,0.0536,0.86
27-3042.00,Technical Writers,2020,25.3,0.8182,-2.435,0.5141,"Arts, Design, Entertainment, Sports, and Media",16,16,0.1595,0.7701
27-3042.00,Technical Writers,2021,27.17,0.9667,-2.0004,0.6256,"Arts, Design, Entertainment, Sports, and Media",12,18,0.1993,0.7296
27-3042.00,Technical Writers,2022,23.11,0.2543,-2.9439,0.2531,"Arts, Design, Entertainment, Sports, and Media",14,18,0.1956,0.734
27-3042.00,Technical Writers,2023,28.45,0.5182,-1.703,0.7919,"Arts, Design, Entertainment, Sports, and Media",14,15,0.1776,0.7467
27-3042.00,Technical Writers,2024,33.47,0.6407,-0.5365,0.9509,"Arts, Design, Entertainment, Sports, and Media",15,12,0.0866,0.823
27-3042.00,Technical Writers,2025,39.5,1.1644,0.8648,1.4735,"Arts, Design, Entertainment, Sports, and Media",17,6,0.034,0.8766
27-3042.00,Technical Writers,2026,40.16,1.0181,1.0181,1.4791,"Arts, Design, Entertainment, Sports, and Media",17,3,0.034,0.8766
27-3043.00,Writers and Authors,2020,26.26,1.2353,-2.2119,0.9028,"Arts, Design, Entertainment, Sports, and Media",16,16,0.2218,0.7198
27-3043.00,Writers and Authors,2021,27.23,0.9868,-1.9865,0.6472,"Arts, Design, Entertainment, Sports, and Media",14,18,0.221,0.722
27-3043.00,Writers and Authors,2022,23.48,0.4184,-2.8579,0.422,"Arts, Design, Entertainment, Sports, and Media",13,18,0.2791,0.6497
27-3043.00,Writers and Authors,2023,27.85,0.3578,-1.8424,0.5828,"Arts, Design, Entertainment, Sports, and Media",14,15,0.2208,0.7128
27-3043.00,Writers and Authors,2024,33.06,0.5484,-0.6317,0.8222,"Arts, Design, Entertainment, Sports, and Media",16,12,0.0978,0.8124
27-3043.00,Writers and Authors,2025,38.31,0.8946,0.5882,1.1252,"Arts, Design, Entertainment, Sports, and Media",18,6,0.0263,0.8946
27-3043.00,Writers and Authors,2026,38.29,0.5836,0.5836,0.9025,"Arts, Design, Entertainment, Sports, and Media",18,3,0.0262,0.8946
27-3043.05,"Poets, Lyricists and Creative Writers",2020,25.49,0.9007,-2.3908,0.591,"Arts, Design, Entertainment, Sports, and Media",17,16,0.2397,0.6986
27-3043.05,"Poets, Lyricists and Creative Writers",2021,26.95,0.8927,-2.0516,0.5464,"Arts, Design, Entertainment, Sports, and Media",14,18,0.2715,0.6674
27-3043.05,"Poets, Lyricists and Creative Writers",2022,22.57,0.0147,-3.0694,0.0065,"Arts, Design, Entertainment, Sports, and Media",15,18,0.2858,0.6467
27-3043.05,"Poets, Lyricists and Creative Writers",2023,26.8,0.0771,-2.0864,0.2168,"Arts, Design, Entertainment, Sports, and Media",16,15,0.2076,0.7228
27-3043.05,"Poets, Lyricists and Creative Writers",2024,32.58,0.4404,-0.7433,0.6715,"Arts, Design, Entertainment, Sports, and Media",17,12,0.1172,0.7979
27-3043.05,"Poets, Lyricists and Creative Writers",2025,37.68,0.7518,0.4418,0.9408,"Arts, Design, Entertainment, Sports, and Media",18,6,0.051,0.866
27-3043.05,"Poets, Lyricists and Creative Writers",2026,37.83,0.4767,0.4767,0.7607,"Arts, Design, Entertainment, Sports, and Media",18,3,0.051,0.866
27-3091.00,Interpreters and Translators,2020,27.19,1.6393,-1.9958,1.2794,"Arts, Design, Entertainment, Sports, and Media",18,16,0.2026,0.7345
27-3091.00,Interpreters and Translators,2021,28.08,1.2725,-1.789,0.9535,"Arts, Design, Entertainment, Sports, and Media",15,18,0.2298,0.6942
27-3091.00,Interpreters and Translators,2022,24.75,0.9819,-2.5628,1.0019,"Arts, Design, Entertainment, Sports, and Media",17,18,0.2461,0.6951
27-3091.00,Interpreters and Translators,2023,28.72,0.5904,-1.6403,0.886,"Arts, Design, Entertainment, Sports, and Media",17,15,0.238,0.7075
27-3091.00,Interpreters and Translators,2024,32.37,0.3932,-0.7921,0.6056,"Arts, Design, Entertainment, Sports, and Media",19,12,0.1177,0.8119
27-3091.00,Interpreters and Translators,2025,36.38,0.4571,0.1398,0.5603,"Arts, Design, Entertainment, Sports, and Media",21,6,0.0411,0.8679
27-3091.00,Interpreters and Translators,2026,36.83,0.2443,0.2443,0.4524,"Arts, Design, Entertainment, Sports, and Media",21,3,0.0362,0.8679
27-3092.00,Court Reporters and Simultaneous Captioners,2020,27.58,1.8087,-1.9052,1.4373,"Arts, Design, Entertainment, Sports, and Media",18,16,0.1858,0.7471
27-3092.00,Court Reporters and Simultaneous Captioners,2021,28.12,1.2859,-1.7797,0.9679,"Arts, Design, Entertainment, Sports, and Media",15,18,0.2201,0.7028
27-3092.00,Court Reporters and Simultaneous Captioners,2022,23.94,0.6225,-2.751,0.6321,"Arts, Design, Entertainment, Sports, and Media",17,18,0.2392,0.696
27-3092.00,Court Reporters and Simultaneous Captioners,2023,28.5,0.5316,-1.6914,0.8093,"Arts, Design, Entertainment, Sports, and Media",17,15,0.2347,0.6976
27-3092.00,Court Reporters and Simultaneous Captioners,2024,31.13,0.1141,-1.0802,0.2164,"Arts, Design, Entertainment, Sports, and Media",19,12,0.0806,0.8291
27-3092.00,Court Reporters and Simultaneous Captioners,2025,38.59,0.9581,0.6533,1.2071,"Arts, Design, Entertainment, Sports, and Media",20,6,0.0872,0.8301
27-3092.00,Court Reporters and Simultaneous Captioners,2026,39.29,0.816,0.816,1.2108,"Arts, Design, Entertainment, Sports, and Media",20,3,0.0872,0.8301
27-4011.00,Audio and Video Technicians,2020,23.81,0.1709,-2.7812,-0.0892,"Arts, Design, Entertainment, Sports, and Media",23,16,0.2328,0.7007
27-4011.00,Audio and Video Technicians,2021,25.03,0.2475,-2.4977,-0.1453,"Arts, Design, Entertainment, Sports, and Media",20,18,0.3149,0.6196
27-4011.00,Audio and Video Technicians,2022,23.38,0.3741,-2.8811,0.3764,"Arts, Design, Entertainment, Sports, and Media",22,18,0.2648,0.671
27-4011.00,Audio and Video Technicians,2023,26.06,-0.1207,-2.2584,-0.0411,"Arts, Design, Entertainment, Sports, and Media",23,15,0.2317,0.697
27-4011.00,Audio and Video Technicians,2024,30.6,-0.0051,-1.2034,0.05,"Arts, Design, Entertainment, Sports, and Media",26,12,0.1659,0.76
27-4011.00,Audio and Video Technicians,2025,34.52,0.0353,-0.2925,0.0159,"Arts, Design, Entertainment, Sports, and Media",29,6,0.0781,0.8382
27-4011.00,Audio and Video Technicians,2026,36.09,0.0724,0.0724,0.2242,"Arts, Design, Entertainment, Sports, and Media",30,3,0.0632,0.8486
27-4012.00,Broadcast Technicians,2020,23.57,0.0666,-2.837,-0.1864,"Arts, Design, Entertainment, Sports, and Media",24,16,0.2233,0.7119
27-4012.00,Broadcast Technicians,2021,24.84,0.1837,-2.5419,-0.2138,"Arts, Design, Entertainment, Sports, and Media",21,18,0.3114,0.6245
27-4012.00,Broadcast Technicians,2022,22.85,0.1389,-3.0043,0.1343,"Arts, Design, Entertainment, Sports, and Media",23,18,0.28,0.6617
27-4012.00,Broadcast Technicians,2023,26.02,-0.1314,-2.2677,-0.055,"Arts, Design, Entertainment, Sports, and Media",24,15,0.2495,0.6805
27-4012.00,Broadcast Technicians,2024,29.25,-0.3089,-1.5171,-0.3738,"Arts, Design, Entertainment, Sports, and Media",26,12,0.1569,0.7622
27-4012.00,Broadcast Technicians,2025,33.63,-0.1664,-0.4993,-0.2445,"Arts, Design, Entertainment, Sports, and Media",29,6,0.0798,0.8302
27-4012.00,Broadcast Technicians,2026,35.55,-0.0531,-0.0531,0.0577,"Arts, Design, Entertainment, Sports, and Media",31,3,0.061,0.8574
27-4014.00,Sound Engineering Technicians,2020,24.71,0.5619,-2.5721,0.2752,"Arts, Design, Entertainment, Sports, and Media",22,16,0.266,0.6736
27-4014.00,Sound Engineering Technicians,2021,25.42,0.3786,-2.4071,-0.0048,"Arts, Design, Entertainment, Sports, and Media",18,18,0.3333,0.6044
27-4014.00,Sound Engineering Technicians,2022,24.32,0.7911,-2.6627,0.8056,"Arts, Design, Entertainment, Sports, and Media",20,18,0.2846,0.6521
27-4014.00,Sound Engineering Technicians,2023,25.68,-0.2223,-2.3467,-0.1735,"Arts, Design, Entertainment, Sports, and Media",22,15,0.2293,0.7122
27-4014.00,Sound Engineering Technicians,2024,29.81,-0.1829,-1.387,-0.198,"Arts, Design, Entertainment, Sports, and Media",23,12,0.1748,0.7436
27-4014.00,Sound Engineering Technicians,2025,33.77,-0.1347,-0.4668,-0.2036,"Arts, Design, Entertainment, Sports, and Media",26,6,0.0733,0.8443
27-4014.00,Sound Engineering Technicians,2026,35.0,-0.1809,-0.1809,-0.1119,"Arts, Design, Entertainment, Sports, and Media",26,3,0.0651,0.8443
27-4021.00,Photographers,2020,22.97,-0.194,-2.9764,-0.4293,"Arts, Design, Entertainment, Sports, and Media",23,16,0.2457,0.6906
27-4021.00,Photographers,2021,23.83,-0.1557,-2.7766,-0.5776,"Arts, Design, Entertainment, Sports, and Media",21,18,0.3396,0.602
27-4021.00,Photographers,2022,21.33,-0.5354,-3.3575,-0.5597,"Arts, Design, Entertainment, Sports, and Media",21,18,0.3181,0.6173
27-4021.00,Photographers,2023,24.67,-0.4923,-2.5814,-0.5255,"Arts, Design, Entertainment, Sports, and Media",23,15,0.2437,0.6883
27-4021.00,Photographers,2024,27.99,-0.5924,-1.8099,-0.7694,"Arts, Design, Entertainment, Sports, and Media",25,12,0.1561,0.7614
27-4021.00,Photographers,2025,32.33,-0.4612,-0.8014,-0.625,"Arts, Design, Entertainment, Sports, and Media",28,6,0.0699,0.848
27-4021.00,Photographers,2026,33.31,-0.5736,-0.5736,-0.633,"Arts, Design, Entertainment, Sports, and Media",29,3,0.0549,0.859
27-4031.00,"Camera Operators, Television, Video, and Film",2020,23.03,-0.1679,-2.9625,-0.405,"Arts, Design, Entertainment, Sports, and Media",25,16,0.2505,0.6837
27-4031.00,"Camera Operators, Television, Video, and Film",2021,22.83,-0.4918,-3.009,-0.9379,"Arts, Design, Entertainment, Sports, and Media",23,18,0.343,0.5948
27-4031.00,"Camera Operators, Television, Video, and Film",2022,21.89,-0.287,-3.2274,-0.304,"Arts, Design, Entertainment, Sports, and Media",24,18,0.3047,0.6341
27-4031.00,"Camera Operators, Television, Video, and Film",2023,24.61,-0.5084,-2.5953,-0.5465,"Arts, Design, Entertainment, Sports, and Media",25,15,0.2597,0.6663
27-4031.00,"Camera Operators, Television, Video, and Film",2024,27.69,-0.6599,-1.8796,-0.8635,"Arts, Design, Entertainment, Sports, and Media",27,12,0.1796,0.7385
27-4031.00,"Camera Operators, Television, Video, and Film",2025,31.18,-0.7219,-1.0686,-0.9616,"Arts, Design, Entertainment, Sports, and Media",31,6,0.0907,0.821
27-4031.00,"Camera Operators, Television, Video, and Film",2026,32.11,-0.8525,-0.8525,-1.003,"Arts, Design, Entertainment, Sports, and Media",33,3,0.0618,0.8499
27-4032.00,Film and Video Editors,2020,24.1,0.2969,-2.7138,0.0282,"Arts, Design, Entertainment, Sports, and Media",19,16,0.1983,0.7283
27-4032.00,Film and Video Editors,2021,26.13,0.6172,-2.2421,0.2509,"Arts, Design, Entertainment, Sports, and Media",16,18,0.3148,0.6245
27-4032.00,Film and Video Editors,2022,22.28,-0.114,-3.1368,-0.1259,"Arts, Design, Entertainment, Sports, and Media",18,18,0.2671,0.6687
27-4032.00,Film and Video Editors,2023,25.78,-0.1956,-2.3234,-0.1387,"Arts, Design, Entertainment, Sports, and Media",19,15,0.2337,0.7008
27-4032.00,Film and Video Editors,2024,31.04,0.0939,-1.1011,0.1881,"Arts, Design, Entertainment, Sports, and Media",20,12,0.1404,0.7824
27-4032.00,Film and Video Editors,2025,35.09,0.1646,-0.16,0.1828,"Arts, Design, Entertainment, Sports, and Media",23,6,0.0597,0.8598
27-4032.00,Film and Video Editors,2026,36.19,0.0956,0.0956,0.255,"Arts, Design, Entertainment, Sports, and Media",23,3,0.0597,0.8598
29-1011.00,Chiropractors,2020,22.73,-0.2983,-3.0322,-1.3005,Healthcare Practitioners and Technical,22,16,0.2173,0.7056
29-1011.00,Chiropractors,2021,23.52,-0.2599,-2.8486,-1.2951,Healthcare Practitioners and Technical,20,18,0.2599,0.6804
29-1011.00,Chiropractors,2022,21.76,-0.3447,-3.2576,-1.057,Healthcare Practitioners and Technical,22,18,0.2462,0.6904
29-1011.00,Chiropractors,2023,25.36,-0.3079,-2.421,-1.07,Healthcare Practitioners and Technical,22,15,0.236,0.6956
29-1011.00,Chiropractors,2024,29.84,-0.1761,-1.38,-0.9738,Healthcare Practitioners and Technical,25,12,0.1284,0.7941
29-1011.00,Chiropractors,2025,35.13,0.1737,-0.1507,-0.4019,Healthcare Practitioners and Technical,27,6,0.0862,0.8242
29-1011.00,Chiropractors,2026,36.41,0.1467,0.1467,-0.5705,Healthcare Practitioners and Technical,29,3,0.0553,0.858
29-1021.00,"Dentists, General",2020,23.14,-0.1202,-2.9369,-0.8836,Healthcare Practitioners and Technical,24,16,0.2331,0.6954
29-1021.00,"Dentists, General",2021,23.4,-0.3002,-2.8765,-1.3874,Healthcare Practitioners and Technical,21,18,0.3101,0.6248
29-1021.00,"Dentists, General",2022,23.16,0.2765,-2.9323,0.2192,Healthcare Practitioners and Technical,23,18,0.2706,0.6579
29-1021.00,"Dentists, General",2023,25.42,-0.2918,-2.4071,-1.0351,Healthcare Practitioners and Technical,24,15,0.2133,0.7085
29-1021.00,"Dentists, General",2024,29.95,-0.1514,-1.3544,-0.9264,Healthcare Practitioners and Technical,27,12,0.1423,0.7787
29-1021.00,"Dentists, General",2025,34.37,0.0013,-0.3273,-0.7874,Healthcare Practitioners and Technical,30,6,0.0887,0.8285
29-1021.00,"Dentists, General",2026,36.92,0.2652,0.2652,-0.3217,Healthcare Practitioners and Technical,30,3,0.081,0.8285
29-1022.00,Oral and Maxillofacial Surgeons,2020,22.99,-0.1853,-2.9718,-1.0361,Healthcare Practitioners and Technical,23,16,0.2233,0.7033
29-1022.00,Oral and Maxillofacial Surgeons,2021,22.78,-0.5086,-3.0206,-1.8642,Healthcare Practitioners and Technical,20,18,0.3092,0.6228
29-1022.00,Oral and Maxillofacial Surgeons,2022,21.9,-0.2825,-3.2251,-0.9294,Healthcare Practitioners and Technical,22,18,0.2632,0.6685
29-1022.00,Oral and Maxillofacial Surgeons,2023,24.79,-0.4602,-2.5535,-1.4009,Healthcare Practitioners and Technical,23,15,0.2098,0.7175
29-1022.00,Oral and Maxillofacial Surgeons,2024,29.59,-0.2324,-1.4381,-1.0813,Healthcare Practitioners and Technical,26,12,0.1388,0.7818
29-1022.00,Oral and Maxillofacial Surgeons,2025,34.64,0.0626,-0.2646,-0.6504,Healthcare Practitioners and Technical,29,6,0.0916,0.8291
29-1022.00,Oral and Maxillofacial Surgeons,2026,36.94,0.2699,0.2699,-0.312,Healthcare Practitioners and Technical,29,3,0.0844,0.8291
29-1023.00,Orthodontists,2020,23.85,0.1883,-2.7719,-0.1617,Healthcare Practitioners and Technical,21,16,0.2038,0.7296
29-1023.00,Orthodontists,2021,24.36,0.0224,-2.6534,-0.6491,Healthcare Practitioners and Technical,18,18,0.2932,0.6508
29-1023.00,Orthodontists,2022,21.81,-0.3225,-3.246,-1.0115,Healthcare Practitioners and Technical,20,18,0.2349,0.7039
29-1023.00,Orthodontists,2023,25.26,-0.3346,-2.4443,-1.128,Healthcare Practitioners and Technical,20,15,0.1993,0.7224
29-1023.00,Orthodontists,2024,30.28,-0.0771,-1.2777,-0.7845,Healthcare Practitioners and Technical,23,12,0.1338,0.7885
29-1023.00,Orthodontists,2025,36.02,0.3754,0.0561,0.0495,Healthcare Practitioners and Technical,26,6,0.0747,0.8482
29-1023.00,Orthodontists,2026,38.15,0.5511,0.5511,0.2783,Healthcare Practitioners and Technical,26,3,0.0698,0.8482
29-1024.00,Prosthodontists,2020,23.5,0.0362,-2.8533,-0.5176,Healthcare Practitioners and Technical,22,16,0.2126,0.7167
29-1024.00,Prosthodontists,2021,24.24,-0.018,-2.6813,-0.7413,Healthcare Practitioners and Technical,19,18,0.3079,0.6233
29-1024.00,Prosthodontists,2022,22.31,-0.1006,-3.1298,-0.5557,Healthcare Practitioners and Technical,21,18,0.2554,0.6758
29-1024.00,Prosthodontists,2023,25.66,-0.2277,-2.3513,-0.8957,Healthcare Practitioners and Technical,22,15,0.2122,0.7134
29-1024.00,Prosthodontists,2024,30.62,-0.0006,-1.1987,-0.6382,Healthcare Practitioners and Technical,24,12,0.1479,0.767
29-1024.00,Prosthodontists,2025,35.32,0.2167,-0.1066,-0.3056,Healthcare Practitioners and Technical,27,6,0.0843,0.8251
29-1024.00,Prosthodontists,2026,37.34,0.3628,0.3628,-0.1168,Healthcare Practitioners and Technical,28,3,0.0731,0.8349
29-1031.00,Dietitians and Nutritionists,2020,25.47,0.8921,-2.3955,1.4855,Healthcare Practitioners and Technical,17,16,0.1929,0.7368
29-1031.00,Dietitians and Nutritionists,2021,26.93,0.886,-2.0562,1.3276,Healthcare Practitioners and Technical,14,18,0.2156,0.7071
29-1031.00,Dietitians and Nutritionists,2022,24.56,0.8976,-2.6069,1.4955,Healthcare Practitioners and Technical,16,18,0.2162,0.7153
29-1031.00,Dietitians and Nutritionists,2023,30.07,0.9513,-1.3265,1.6651,Healthcare Practitioners and Technical,16,15,0.2049,0.7345
29-1031.00,Dietitians and Nutritionists,2024,36.27,1.2707,0.1142,1.7921,Healthcare Practitioners and Technical,18,12,0.1041,0.8235
29-1031.00,Dietitians and Nutritionists,2025,40.08,1.296,0.9995,2.1087,Healthcare Practitioners and Technical,20,6,0.0314,0.8832
29-1031.00,Dietitians and Nutritionists,2026,40.92,1.1947,1.1947,1.6296,Healthcare Practitioners and Technical,20,3,0.0314,0.8832
29-1041.00,Optometrists,2020,24.08,0.2882,-2.7185,0.0722,Healthcare Practitioners and Technical,21,16,0.1831,0.7526
29-1041.00,Optometrists,2021,25.1,0.271,-2.4815,-0.0799,Healthcare Practitioners and Technical,17,18,0.2572,0.675
29-1041.00,Optometrists,2022,23.39,0.3785,-2.8788,0.4289,Healthcare Practitioners and Technical,19,18,0.2193,0.7069
29-1041.00,Optometrists,2023,27.99,0.3952,-1.8099,0.4573,Healthcare Practitioners and Technical,20,15,0.196,0.7238
29-1041.00,Optometrists,2024,33.01,0.5372,-0.6434,0.3898,Healthcare Practitioners and Technical,22,12,0.1317,0.7856
29-1041.00,Optometrists,2025,37.07,0.6135,0.3001,0.582,Healthcare Practitioners and Technical,25,6,0.0836,0.8337
29-1041.00,Optometrists,2026,39.34,0.8276,0.8276,0.8588,Healthcare Practitioners and Technical,25,3,0.081,0.8337
29-1051.00,Pharmacists,2020,25.07,0.7183,-2.4884,1.0788,Healthcare Practitioners and Technical,21,16,0.1864,0.749
29-1051.00,Pharmacists,2021,26.88,0.8692,-2.0678,1.2891,Healthcare Practitioners and Technical,17,18,0.2446,0.694
29-1051.00,Pharmacists,2022,24.07,0.6802,-2.7208,1.0488,Healthcare Practitioners and Technical,19,18,0.2198,0.7131
29-1051.00,Pharmacists,2023,29.28,0.7401,-1.5101,1.2063,Healthcare Practitioners and Technical,19,15,0.2219,0.7073
29-1051.00,Pharmacists,2024,34.44,0.8589,-0.3111,1.0049,Healthcare Practitioners and Technical,21,12,0.1375,0.7832
29-1051.00,Pharmacists,2025,37.16,0.6339,0.321,0.6277,Healthcare Practitioners and Technical,24,6,0.0562,0.8604
29-1051.00,Pharmacists,2026,39.59,0.8857,0.8857,0.9808,Healthcare Practitioners and Technical,24,3,0.0482,0.8604
29-1071.00,Physician Assistants,2020,23.96,0.2361,-2.7464,-0.0498,Healthcare Practitioners and Technical,22,16,0.1862,0.7401
29-1071.00,Physician Assistants,2021,25.83,0.5164,-2.3118,0.4815,Healthcare Practitioners and Technical,18,18,0.2476,0.6858
29-1071.00,Physician Assistants,2022,22.93,0.1744,-2.9857,0.0096,Healthcare Practitioners and Technical,21,18,0.2189,0.717
29-1071.00,Physician Assistants,2023,28.12,0.43,-1.7797,0.5327,Healthcare Practitioners and Technical,21,15,0.2238,0.7103
29-1071.00,Physician Assistants,2024,33.39,0.6227,-0.5551,0.5533,Healthcare Practitioners and Technical,23,12,0.1435,0.7855
29-1071.00,Physician Assistants,2025,35.87,0.3414,0.0212,-0.0266,Healthcare Practitioners and Technical,27,6,0.0674,0.8546
29-1071.00,Physician Assistants,2026,37.97,0.5092,0.5092,0.1905,Healthcare Practitioners and Technical,27,3,0.0518,0.8546
29-1071.01,Anesthesiologist Assistants,2020,23.24,-0.0767,-2.9137,-0.7819,Healthcare Practitioners and Technical,25,16,0.2216,0.7091
29-1071.01,Anesthesiologist Assistants,2021,23.74,-0.186,-2.7975,-1.1259,Healthcare Practitioners and Technical,22,18,0.3045,0.6311
29-1071.01,Anesthesiologist Assistants,2022,22.89,0.1567,-2.995,-0.0269,Healthcare Practitioners and Technical,24,18,0.2567,0.674
29-1071.01,Anesthesiologist Assistants,2023,26.44,-0.0191,-2.1701,-0.4428,Healthcare Practitioners and Technical,25,15,0.2522,0.6782
29-1071.01,Anesthesiologist Assistants,2024,30.04,-0.1311,-1.3335,-0.8877,Healthcare Practitioners and Technical,27,12,0.16,0.7579
29-1071.01,Anesthesiologist Assistants,2025,33.69,-0.1528,-0.4853,-1.1323,Healthcare Practitioners and Technical,31,6,0.0833,0.8287
29-1071.01,Anesthesiologist Assistants,2026,35.21,-0.1321,-0.1321,-1.1559,Healthcare Practitioners and Technical,33,3,0.0612,0.8583
29-1081.00,Podiatrists,2020,24.74,0.5749,-2.5651,0.7432,Healthcare Practitioners and Technical,21,16,0.196,0.7358
29-1081.00,Podiatrists,2021,25.81,0.5096,-2.3165,0.4662,Healthcare Practitioners and Technical,17,18,0.2524,0.6776
29-1081.00,Podiatrists,2022,22.97,0.1922,-2.9764,0.046,Healthcare Practitioners and Technical,19,18,0.2322,0.6929
29-1081.00,Podiatrists,2023,26.9,0.1038,-2.0632,-0.1757,Healthcare Practitioners and Technical,20,15,0.2053,0.7184
29-1081.00,Podiatrists,2024,32.08,0.3279,-0.8595,-0.0102,Healthcare Practitioners and Technical,23,12,0.12,0.8094
29-1081.00,Podiatrists,2025,37.02,0.6022,0.2885,0.5567,Healthcare Practitioners and Technical,25,6,0.0702,0.839
29-1081.00,Podiatrists,2026,39.65,0.8996,0.8996,1.01,Healthcare Practitioners and Technical,26,3,0.0631,0.8574
29-1122.00,Occupational Therapists,2020,24.63,0.5271,-2.5907,0.6314,Healthcare Practitioners and Technical,22,16,0.2402,0.691
29-1122.00,Occupational Therapists,2021,25.73,0.4828,-2.3351,0.4046,Healthcare Practitioners and Technical,18,18,0.3001,0.6352
29-1122.00,Occupational Therapists,2022,23.36,0.3652,-2.8858,0.4016,Healthcare Practitioners and Technical,21,18,0.2694,0.6618
29-1122.00,Occupational Therapists,2023,26.41,-0.0272,-2.177,-0.4602,Healthcare Practitioners and Technical,21,15,0.2405,0.6895
29-1122.00,Occupational Therapists,2024,31.92,0.2919,-0.8966,-0.0791,Healthcare Practitioners and Technical,23,12,0.1596,0.7606
29-1122.00,Occupational Therapists,2025,34.63,0.0603,-0.2669,-0.6555,Healthcare Practitioners and Technical,27,6,0.0702,0.8418
29-1122.00,Occupational Therapists,2026,35.38,-0.0926,-0.0926,-1.073,Healthcare Practitioners and Technical,29,3,0.0454,0.8703
29-1122.01,"Low Vision Therapists, Orientation and Mobility Specialists, and Vision Rehabilitation Therapists",2020,24.5,0.4707,-2.6209,0.4992,Healthcare Practitioners and Technical,22,16,0.2201,0.7125
29-1122.01,"Low Vision Therapists, Orientation and Mobility Specialists, and Vision Rehabilitation Therapists",2021,26.57,0.765,-2.1399,1.0507,Healthcare Practitioners and Technical,19,18,0.2449,0.6804
29-1122.01,"Low Vision Therapists, Orientation and Mobility Specialists, and Vision Rehabilitation Therapists",2022,23.41,0.3874,-2.8742,0.4471,Healthcare Practitioners and Technical,21,18,0.2628,0.6738
29-1122.01,"Low Vision Therapists, Orientation and Mobility Specialists, and Vision Rehabilitation Therapists",2023,27.95,0.3845,-1.8192,0.434,Healthcare Practitioners and Technical,21,15,0.2495,0.6826
29-1122.01,"Low Vision Therapists, Orientation and Mobility Specialists, and Vision Rehabilitation Therapists",2024,33.11,0.5597,-0.6201,0.4328,Healthcare Practitioners and Technical,23,12,0.1321,0.788
29-1122.01,"Low Vision Therapists, Orientation and Mobility Specialists, and Vision Rehabilitation Therapists",2025,36.79,0.55,0.235,0.44,Healthcare Practitioners and Technical,27,6,0.0536,0.8592
29-1122.01,"Low Vision Therapists, Orientation and Mobility Specialists, and Vision Rehabilitation Therapists",2026,37.17,0.3233,0.3233,-0.1998,Healthcare Practitioners and Technical,29,3,0.031,0.8815
29-1123.00,Physical Therapists,2020,22.28,-0.4938,-3.1368,-1.758,Healthcare Practitioners and Technical,24,16,0.2423,0.6974
29-1123.00,Physical Therapists,2021,23.53,-0.2566,-2.8463,-1.2874,Healthcare Practitioners and Technical,20,18,0.2891,0.6406
29-1123.00,Physical Therapists,2022,20.59,-0.8637,-3.5295,-2.1237,Healthcare Practitioners and Technical,23,18,0.2678,0.6753
29-1123.00,Physical Therapists,2023,24.78,-0.4629,-2.5558,-1.4067,Healthcare Practitioners and Technical,23,15,0.2532,0.6815
29-1123.00,Physical Therapists,2024,29.12,-0.3381,-1.5473,-1.2835,Healthcare Practitioners and Technical,26,12,0.1584,0.7677
29-1123.00,Physical Therapists,2025,32.92,-0.3274,-0.6643,-1.5228,Healthcare Practitioners and Technical,29,6,0.0882,0.8257
29-1123.00,Physical Therapists,2026,34.79,-0.2297,-0.2297,-1.3608,Healthcare Practitioners and Technical,31,3,0.052,0.8658
29-1124.00,Radiation Therapists,2020,22.13,-0.5589,-3.1716,-1.9105,Healthcare Practitioners and Technical,25,16,0.2348,0.6888
29-1124.00,Radiation Therapists,2021,23.34,-0.3204,-2.8904,-1.4335,Healthcare Practitioners and Technical,23,18,0.2856,0.6506
29-1124.00,Radiation Therapists,2022,21.97,-0.2515,-3.2088,-0.8656,Healthcare Practitioners and Technical,24,18,0.2756,0.6589
29-1124.00,Radiation Therapists,2023,25.96,-0.1475,-2.2816,-0.7215,Healthcare Practitioners and Technical,26,15,0.2457,0.689
29-1124.00,Radiation Therapists,2024,29.5,-0.2526,-1.459,-1.12,Healthcare Practitioners and Technical,28,12,0.158,0.7639
29-1124.00,Radiation Therapists,2025,33.65,-0.1619,-0.4946,-1.1526,Healthcare Practitioners and Technical,32,6,0.0839,0.8337
29-1124.00,Radiation Therapists,2026,35.07,-0.1647,-0.1647,-1.2242,Healthcare Practitioners and Technical,33,3,0.0547,0.8512
29-1125.00,Recreational Therapists,2020,23.65,0.1014,-2.8184,-0.365,Healthcare Practitioners and Technical,23,16,0.2356,0.6906
29-1125.00,Recreational Therapists,2021,25.05,0.2542,-2.4931,-0.1184,Healthcare Practitioners and Technical,20,18,0.2742,0.6579
29-1125.00,Recreational Therapists,2022,21.59,-0.4201,-3.2971,-1.212,Healthcare Practitioners and Technical,22,18,0.2612,0.6656
29-1125.00,Recreational Therapists,2023,25.88,-0.1688,-2.3002,-0.768,Healthcare Practitioners and Technical,22,15,0.2583,0.6679
29-1125.00,Recreational Therapists,2024,30.89,0.0601,-1.136,-0.5221,Healthcare Practitioners and Technical,25,12,0.155,0.7709
29-1125.00,Recreational Therapists,2025,34.52,0.0353,-0.2925,-0.7113,Healthcare Practitioners and Technical,29,6,0.0785,0.8324
29-1125.00,Recreational Therapists,2026,35.01,-0.1786,-0.1786,-1.2535,Healthcare Practitioners and Technical,31,3,0.0427,0.8669
29-1126.00,Respiratory Therapists,2020,23.19,-0.0984,-2.9253,-0.8328,Healthcare Practitioners and Technical,25,16,0.242,0.6901
29-1126.00,Respiratory Therapists,2021,24.0,-0.0986,-2.7371,-0.9259,Healthcare Practitioners and Technical,22,18,0.294,0.6407
29-1126.00,Respiratory Therapists,2022,22.77,0.1034,-3.0229,-0.1363,Healthcare Practitioners and Technical,24,18,0.2618,0.6724
29-1126.00,Respiratory Therapists,2023,26.44,-0.0191,-2.1701,-0.4428,Healthcare Practitioners and Technical,25,15,0.2407,0.689
29-1126.00,Respiratory Therapists,2024,31.21,0.1321,-1.0616,-0.3845,Healthcare Practitioners and Technical,27,12,0.1618,0.7548
29-1126.00,Respiratory Therapists,2025,34.57,0.0467,-0.2809,-0.6859,Healthcare Practitioners and Technical,31,6,0.0762,0.8315
29-1126.00,Respiratory Therapists,2026,36.33,0.1281,0.1281,-0.6096,Healthcare Practitioners and Technical,33,3,0.0559,0.8572
29-1127.00,Speech-Language Pathologists,2020,26.6,1.383,-2.1329,2.6344,Healthcare Practitioners and Technical,17,16,0.2112,0.7118
29-1127.00,Speech-Language Pathologists,2021,27.6,1.1112,-1.9005,1.8429,Healthcare Practitioners and Technical,15,18,0.2272,0.7074
29-1127.00,Speech-Language Pathologists,2022,25.78,1.4389,-2.3234,2.6077,Healthcare Practitioners and Technical,17,18,0.2144,0.7214
29-1127.00,Speech-Language Pathologists,2023,29.77,0.8711,-1.3963,1.4909,Healthcare Practitioners and Technical,17,15,0.2018,0.7332
29-1127.00,Speech-Language Pathologists,2024,34.42,0.8544,-0.3157,0.9963,Healthcare Practitioners and Technical,18,12,0.1271,0.787
29-1127.00,Speech-Language Pathologists,2025,38.67,0.9763,0.6719,1.3935,Healthcare Practitioners and Technical,21,6,0.0459,0.8723
29-1127.00,Speech-Language Pathologists,2026,39.58,0.8834,0.8834,0.9759,Healthcare Practitioners and Technical,21,3,0.0456,0.8723
29-1128.00,Exercise Physiologists,2020,23.64,0.0971,-2.8207,-0.3752,Healthcare Practitioners and Technical,22,16,0.237,0.6968
29-1128.00,Exercise Physiologists,2021,25.49,0.4021,-2.3908,0.22,Healthcare Practitioners and Technical,19,18,0.2543,0.682
29-1128.00,Exercise Physiologists,2022,22.56,0.0103,-3.0717,-0.3277,Healthcare Practitioners and Technical,21,18,0.2538,0.6795
29-1128.00,Exercise Physiologists,2023,27.58,0.2856,-1.9052,0.2192,Healthcare Practitioners and Technical,21,15,0.2353,0.6927
29-1128.00,Exercise Physiologists,2024,32.61,0.4472,-0.7363,0.2177,Healthcare Practitioners and Technical,24,12,0.1335,0.7909
29-1128.00,Exercise Physiologists,2025,35.55,0.2689,-0.0531,-0.1889,Healthcare Practitioners and Technical,28,6,0.0565,0.8597
29-1128.00,Exercise Physiologists,2026,36.72,0.2188,0.2188,-0.4193,Healthcare Practitioners and Technical,29,3,0.0377,0.8705
29-1129.01,Art Therapists,2020,24.9,0.6444,-2.5279,0.9059,Healthcare Practitioners and Technical,19,16,0.2083,0.72
29-1129.01,Art Therapists,2021,26.73,0.8188,-2.1027,1.1737,Healthcare Practitioners and Technical,15,18,0.2771,0.6538
29-1129.01,Art Therapists,2022,23.11,0.2543,-2.9439,0.1737,Healthcare Practitioners and Technical,18,18,0.2608,0.6761
29-1129.01,Art Therapists,2023,27.39,0.2348,-1.9493,0.1088,Healthcare Practitioners and Technical,18,15,0.2238,0.7015
29-1129.01,Art Therapists,2024,32.56,0.4359,-0.7479,0.1962,Healthcare Practitioners and Technical,20,12,0.151,0.7779
29-1129.01,Art Therapists,2025,35.56,0.2711,-0.0508,-0.1838,Healthcare Practitioners and Technical,23,6,0.0611,0.8519
29-1129.01,Art Therapists,2026,37.66,0.4372,0.4372,0.0393,Healthcare Practitioners and Technical,24,3,0.051,0.8622
29-1129.02,Music Therapists,2020,25.39,0.8573,-2.4141,1.4041,Healthcare Practitioners and Technical,22,16,0.2455,0.6917
29-1129.02,Music Therapists,2021,26.57,0.765,-2.1399,1.0507,Healthcare Practitioners and Technical,18,18,0.3071,0.6263
29-1129.02,Music Therapists,2022,24.28,0.7734,-2.672,1.2403,Healthcare Practitioners and Technical,20,18,0.2809,0.6474
29-1129.02,Music Therapists,2023,26.91,0.1065,-2.0609,-0.1699,Healthcare Practitioners and Technical,21,15,0.2459,0.6847
29-1129.02,Music Therapists,2024,32.51,0.4247,-0.7595,0.1747,Healthcare Practitioners and Technical,23,12,0.1601,0.7602
29-1129.02,Music Therapists,2025,35.57,0.2734,-0.0485,-0.1788,Healthcare Practitioners and Technical,26,6,0.0617,0.8455
29-1129.02,Music Therapists,2026,36.54,0.1769,0.1769,-0.5071,Healthcare Practitioners and Technical,27,3,0.0491,0.8578
29-1131.00,Veterinarians,2020,23.98,0.2448,-2.7417,-0.0295,Healthcare Practitioners and Technical,22,16,0.2265,0.7001
29-1131.00,Veterinarians,2021,24.92,0.2106,-2.5233,-0.2184,Healthcare Practitioners and Technical,19,18,0.2799,0.6565
29-1131.00,Veterinarians,2022,23.26,0.3208,-2.909,0.3104,Healthcare Practitioners and Technical,21,18,0.2489,0.6791
29-1131.00,Veterinarians,2023,27.43,0.2455,-1.94,0.1321,Healthcare Practitioners and Technical,22,15,0.2184,0.7138
29-1131.00,Veterinarians,2024,32.45,0.4112,-0.7735,0.1489,Healthcare Practitioners and Technical,24,12,0.1511,0.7684
29-1131.00,Veterinarians,2025,36.56,0.4979,0.1816,0.3234,Healthcare Practitioners and Technical,28,6,0.081,0.8387
29-1131.00,Veterinarians,2026,38.63,0.6626,0.6626,0.5125,Healthcare Practitioners and Technical,29,3,0.0633,0.8508
29-1141.00,Registered Nurses,2020,22.8,-0.2679,-3.0159,-1.2293,Healthcare Practitioners and Technical,24,16,0.2256,0.7032
29-1141.00,Registered Nurses,2021,24.09,-0.0684,-2.7162,-0.8567,Healthcare Practitioners and Technical,20,18,0.2876,0.643
29-1141.00,Registered Nurses,2022,21.84,-0.3092,-3.239,-0.9841,Healthcare Practitioners and Technical,23,18,0.2576,0.6778
29-1141.00,Registered Nurses,2023,26.41,-0.0272,-2.177,-0.4602,Healthcare Practitioners and Technical,23,15,0.2513,0.6761
29-1141.00,Registered Nurses,2024,31.21,0.1321,-1.0616,-0.3845,Healthcare Practitioners and Technical,26,12,0.1593,0.7662
29-1141.00,Registered Nurses,2025,34.16,-0.0463,-0.3761,-0.8939,Healthcare Practitioners and Technical,30,6,0.0808,0.8355
29-1141.00,Registered Nurses,2026,35.64,-0.0322,-0.0322,-0.9462,Healthcare Practitioners and Technical,31,3,0.0546,0.8552
29-1141.01,Acute Care Nurses,2020,24.79,0.5966,-2.5535,0.7941,Healthcare Practitioners and Technical,21,16,0.1998,0.7254
29-1141.01,Acute Care Nurses,2021,27.15,0.96,-2.0051,1.4968,Healthcare Practitioners and Technical,18,18,0.2471,0.6868
29-1141.01,Acute Care Nurses,2022,24.44,0.8444,-2.6348,1.3861,Healthcare Practitioners and Technical,20,18,0.2439,0.6828
29-1141.01,Acute Care Nurses,2023,29.87,0.8978,-1.373,1.5489,Healthcare Practitioners and Technical,20,15,0.2427,0.683
29-1141.01,Acute Care Nurses,2024,34.98,0.9804,-0.1856,1.2372,Healthcare Practitioners and Technical,22,12,0.146,0.7759
29-1141.01,Acute Care Nurses,2025,37.51,0.7133,0.4023,0.8052,Healthcare Practitioners and Technical,26,6,0.064,0.8466
29-1141.01,Acute Care Nurses,2026,38.47,0.6254,0.6254,0.4344,Healthcare Practitioners and Technical,28,3,0.0456,0.8674
29-1141.02,Advanced Practice Psychiatric Nurses,2020,25.61,0.9529,-2.3629,1.6278,Healthcare Practitioners and Technical,18,16,0.2024,0.735
29-1141.02,Advanced Practice Psychiatric Nurses,2021,27.01,0.9129,-2.0376,1.3891,Healthcare Practitioners and Technical,15,18,0.2219,0.7103
29-1141.02,Advanced Practice Psychiatric Nurses,2022,23.36,0.3652,-2.8858,0.4016,Healthcare Practitioners and Technical,16,18,0.2409,0.686
29-1141.02,Advanced Practice Psychiatric Nurses,2023,28.48,0.5262,-1.696,0.7418,Healthcare Practitioners and Technical,16,15,0.2269,0.7042
29-1141.02,Advanced Practice Psychiatric Nurses,2024,34.83,0.9467,-0.2204,1.1727,Healthcare Practitioners and Technical,18,12,0.1233,0.7941
29-1141.02,Advanced Practice Psychiatric Nurses,2025,38.04,0.8334,0.5255,1.074,Healthcare Practitioners and Technical,21,6,0.0435,0.8617
29-1141.02,Advanced Practice Psychiatric Nurses,2026,39.9,0.9577,0.9577,1.132,Healthcare Practitioners and Technical,22,3,0.0314,0.8795
29-1141.03,Critical Care Nurses,2020,23.81,0.1709,-2.7812,-0.2024,Healthcare Practitioners and Technical,24,16,0.2287,0.6962
29-1141.03,Critical Care Nurses,2021,24.74,0.1501,-2.5651,-0.3568,Healthcare Practitioners and Technical,21,18,0.307,0.6288
29-1141.03,Critical Care Nurses,2022,23.28,0.3297,-2.9044,0.3286,Healthcare Practitioners and Technical,24,18,0.27,0.6714
29-1141.03,Critical Care Nurses,2023,27.14,0.168,-2.0074,-0.0363,Healthcare Practitioners and Technical,24,15,0.2653,0.6634
29-1141.03,Critical Care Nurses,2024,31.33,0.1591,-1.0338,-0.3328,Healthcare Practitioners and Technical,27,12,0.1647,0.7655
29-1141.03,Critical Care Nurses,2025,34.48,0.0263,-0.3018,-0.7316,Healthcare Practitioners and Technical,31,6,0.0911,0.8258
29-1141.03,Critical Care Nurses,2026,35.9,0.0282,0.0282,-0.8193,Healthcare Practitioners and Technical,32,3,0.065,0.8423
29-1141.04,Clinical Nurse Specialists,2020,24.8,0.601,-2.5512,0.8042,Healthcare Practitioners and Technical,22,16,0.1981,0.7252
29-1141.04,Clinical Nurse Specialists,2021,26.09,0.6037,-2.2514,0.6815,Healthcare Practitioners and Technical,18,18,0.2536,0.6743
29-1141.04,Clinical Nurse Specialists,2022,24.0,0.6491,-2.7371,0.985,Healthcare Practitioners and Technical,21,18,0.2358,0.6957
29-1141.04,Clinical Nurse Specialists,2023,28.97,0.6572,-1.5822,1.0263,Healthcare Practitioners and Technical,21,15,0.2328,0.6941
29-1141.04,Clinical Nurse Specialists,2024,34.39,0.8477,-0.3227,0.9834,Healthcare Practitioners and Technical,23,12,0.1355,0.7809
29-1141.04,Clinical Nurse Specialists,2025,36.7,0.5296,0.2141,0.3944,Healthcare Practitioners and Technical,27,6,0.0535,0.8647
29-1141.04,Clinical Nurse Specialists,2026,38.38,0.6045,0.6045,0.3905,Healthcare Practitioners and Technical,27,3,0.0414,0.8647
29-1151.00,Nurse Anesthetists,2020,23.62,0.0884,-2.8254,-0.3956,Healthcare Practitioners and Technical,23,16,0.2248,0.7071
29-1151.00,Nurse Anesthetists,2021,25.6,0.4391,-2.3653,0.3046,Healthcare Practitioners and Technical,20,18,0.2925,0.6459
29-1151.00,Nurse Anesthetists,2022,23.35,0.3608,-2.8881,0.3924,Healthcare Practitioners and Technical,22,18,0.2615,0.6712
29-1151.00,Nurse Anesthetists,2023,27.85,0.3578,-1.8424,0.376,Healthcare Practitioners and Technical,23,15,0.2443,0.6817
29-1151.00,Nurse Anesthetists,2024,32.38,0.3954,-0.7898,0.1188,Healthcare Practitioners and Technical,25,12,0.1494,0.7665
29-1151.00,Nurse Anesthetists,2025,36.3,0.4389,0.1212,0.1915,Healthcare Practitioners and Technical,29,6,0.0649,0.8501
29-1151.00,Nurse Anesthetists,2026,37.75,0.4581,0.4581,0.0832,Healthcare Practitioners and Technical,30,3,0.0519,0.8665
29-1161.00,Nurse Midwives,2020,23.61,0.084,-2.8277,-0.4057,Healthcare Practitioners and Technical,23,16,0.2021,0.7352
29-1161.00,Nurse Midwives,2021,25.29,0.3349,-2.4373,0.0662,Healthcare Practitioners and Technical,19,18,0.2666,0.6725
29-1161.00,Nurse Midwives,2022,22.31,-0.1006,-3.1298,-0.5557,Healthcare Practitioners and Technical,21,18,0.2436,0.6864
29-1161.00,Nurse Midwives,2023,27.28,0.2054,-1.9749,0.045,Healthcare Practitioners and Technical,22,15,0.2386,0.6988
29-1161.00,Nurse Midwives,2024,32.53,0.4292,-0.7549,0.1833,Healthcare Practitioners and Technical,24,12,0.1396,0.7842
29-1161.00,Nurse Midwives,2025,35.29,0.2099,-0.1135,-0.3208,Healthcare Practitioners and Technical,27,6,0.067,0.8421
29-1161.00,Nurse Midwives,2026,37.1,0.3071,0.3071,-0.2339,Healthcare Practitioners and Technical,28,3,0.0462,0.8585
29-1171.00,Nurse Practitioners,2020,24.73,0.5706,-2.5674,0.7331,Healthcare Practitioners and Technical,22,16,0.2046,0.7161
29-1171.00,Nurse Practitioners,2021,26.8,0.8423,-2.0864,1.2276,Healthcare Practitioners and Technical,19,18,0.2592,0.6802
29-1171.00,Nurse Practitioners,2022,23.92,0.6136,-2.7557,0.9121,Healthcare Practitioners and Technical,22,18,0.2332,0.7061
29-1171.00,Nurse Practitioners,2023,28.98,0.6599,-1.5798,1.0321,Healthcare Practitioners and Technical,22,15,0.231,0.701
29-1171.00,Nurse Practitioners,2024,34.42,0.8544,-0.3157,0.9963,Healthcare Practitioners and Technical,24,12,0.1517,0.7747
29-1171.00,Nurse Practitioners,2025,36.59,0.5047,0.1886,0.3386,Healthcare Practitioners and Technical,28,6,0.0593,0.8493
29-1171.00,Nurse Practitioners,2026,38.94,0.7346,0.7346,0.6637,Healthcare Practitioners and Technical,29,3,0.0448,0.863
29-1181.00,Audiologists,2020,25.54,0.9225,-2.3792,1.5567,Healthcare Practitioners and Technical,21,16,0.2015,0.7356
29-1181.00,Audiologists,2021,26.1,0.6071,-2.2491,0.6892,Healthcare Practitioners and Technical,18,18,0.2406,0.6972
29-1181.00,Audiologists,2022,24.76,0.9863,-2.5605,1.6778,Healthcare Practitioners and Technical,20,18,0.2047,0.7282
29-1181.00,Audiologists,2023,28.34,0.4888,-1.7286,0.6605,Healthcare Practitioners and Technical,21,15,0.1829,0.7463
29-1181.00,Audiologists,2024,33.82,0.7194,-0.4551,0.7382,Healthcare Practitioners and Technical,22,12,0.1293,0.7844
29-1181.00,Audiologists,2025,38.01,0.8266,0.5185,1.0588,Healthcare Practitioners and Technical,25,6,0.0598,0.8544
29-1181.00,Audiologists,2026,39.49,0.8624,0.8624,0.932,Healthcare Practitioners and Technical,25,3,0.0577,0.8544
29-1211.00,Anesthesiologists,2020,23.85,0.1883,-2.7719,-0.1617,Healthcare Practitioners and Technical,23,16,0.1992,0.7353
29-1211.00,Anesthesiologists,2021,24.67,0.1265,-2.5814,-0.4106,Healthcare Practitioners and Technical,20,18,0.2663,0.6758
29-1211.00,Anesthesiologists,2022,23.16,0.2765,-2.9323,0.2192,Healthcare Practitioners and Technical,22,18,0.2327,0.7018
29-1211.00,Anesthesiologists,2023,27.22,0.1894,-1.9888,0.0101,Healthcare Practitioners and Technical,23,15,0.2261,0.7038
29-1211.00,Anesthesiologists,2024,32.21,0.3572,-0.8293,0.0457,Healthcare Practitioners and Technical,25,12,0.1315,0.792
29-1211.00,Anesthesiologists,2025,35.58,0.2757,-0.0462,-0.1737,Healthcare Practitioners and Technical,28,6,0.077,0.8353
29-1211.00,Anesthesiologists,2026,37.2,0.3303,0.3303,-0.1851,Healthcare Practitioners and Technical,29,3,0.064,0.8492
29-1213.00,Dermatologists,2020,24.03,0.2665,-2.7301,0.0213,Healthcare Practitioners and Technical,21,16,0.1826,0.7552
29-1213.00,Dermatologists,2021,25.62,0.4458,-2.3606,0.32,Healthcare Practitioners and Technical,17,18,0.2509,0.6946
29-1213.00,Dermatologists,2022,22.88,0.1522,-2.9973,-0.036,Healthcare Practitioners and Technical,19,18,0.2273,0.7036
29-1213.00,Dermatologists,2023,27.66,0.307,-1.8866,0.2656,Healthcare Practitioners and Technical,19,15,0.212,0.7106
29-1213.00,Dermatologists,2024,33.23,0.5867,-0.5922,0.4844,Healthcare Practitioners and Technical,21,12,0.1291,0.7862
29-1213.00,Dermatologists,2025,36.91,0.5772,0.2629,0.5009,Healthcare Practitioners and Technical,24,6,0.0659,0.844
29-1213.00,Dermatologists,2026,38.76,0.6928,0.6928,0.5759,Healthcare Practitioners and Technical,25,3,0.0598,0.8625
29-1214.00,Emergency Medicine Physicians,2020,24.14,0.3143,-2.7045,0.1332,Healthcare Practitioners and Technical,23,16,0.2263,0.7022
29-1214.00,Emergency Medicine Physicians,2021,25.78,0.4996,-2.3234,0.4431,Healthcare Practitioners and Technical,20,18,0.2762,0.6589
29-1214.00,Emergency Medicine Physicians,2022,23.39,0.3785,-2.8788,0.4289,Healthcare Practitioners and Technical,22,18,0.2723,0.6598
29-1214.00,Emergency Medicine Physicians,2023,27.48,0.2589,-1.9284,0.1611,Healthcare Practitioners and Technical,23,15,0.2541,0.6801
29-1214.00,Emergency Medicine Physicians,2024,31.9,0.2874,-0.9013,-0.0877,Healthcare Practitioners and Technical,26,12,0.1346,0.7887
29-1214.00,Emergency Medicine Physicians,2025,36.13,0.4004,0.0817,0.1053,Healthcare Practitioners and Technical,29,6,0.0821,0.8273
29-1214.00,Emergency Medicine Physicians,2026,36.99,0.2815,0.2815,-0.2876,Healthcare Practitioners and Technical,31,3,0.0678,0.8474
29-1215.00,Family Medicine Physicians,2020,24.9,0.6444,-2.5279,0.9059,Healthcare Practitioners and Technical,19,16,0.1876,0.7352
29-1215.00,Family Medicine Physicians,2021,26.54,0.755,-2.1468,1.0276,Healthcare Practitioners and Technical,16,18,0.2156,0.721
29-1215.00,Family Medicine Physicians,2022,23.59,0.4672,-2.8323,0.6112,Healthcare Practitioners and Technical,18,18,0.2192,0.7061
29-1215.00,Family Medicine Physicians,2023,29.04,0.6759,-1.5659,1.067,Healthcare Practitioners and Technical,19,15,0.2024,0.7248
29-1215.00,Family Medicine Physicians,2024,34.4,0.8499,-0.3204,0.9877,Healthcare Practitioners and Technical,20,12,0.1164,0.81
29-1215.00,Family Medicine Physicians,2025,37.62,0.7382,0.4279,0.861,Healthcare Practitioners and Technical,23,6,0.0473,0.8657
29-1215.00,Family Medicine Physicians,2026,39.3,0.8183,0.8183,0.8393,Healthcare Practitioners and Technical,23,3,0.0473,0.8657
29-1216.00,General Internal Medicine Physicians,2020,25.18,0.7661,-2.4629,1.1906,Healthcare Practitioners and Technical,19,16,0.1853,0.7369
29-1216.00,General Internal Medicine Physicians,2021,26.94,0.8894,-2.0539,1.3352,Healthcare Practitioners and Technical,16,18,0.2305,0.7039
29-1216.00,General Internal Medicine Physicians,2022,23.89,0.6003,-2.7626,0.8847,Healthcare Practitioners and Technical,18,18,0.2093,0.7135
29-1216.00,General Internal Medicine Physicians,2023,29.4,0.7722,-1.4822,1.276,Healthcare Practitioners and Technical,19,15,0.2048,0.7324
29-1216.00,General Internal Medicine Physicians,2024,36.12,1.237,0.0793,1.7276,Healthcare Practitioners and Technical,20,12,0.1277,0.7998
29-1216.00,General Internal Medicine Physicians,2025,38.63,0.9672,0.6626,1.3732,Healthcare Practitioners and Technical,23,6,0.058,0.8581
29-1216.00,General Internal Medicine Physicians,2026,40.59,1.1181,1.1181,1.4686,Healthcare Practitioners and Technical,23,3,0.0527,0.8581
29-1217.00,Neurologists,2020,24.66,0.5402,-2.5837,0.6619,Healthcare Practitioners and Technical,18,16,0.18,0.7444
29-1217.00,Neurologists,2021,26.47,0.7314,-2.1631,0.9738,Healthcare Practitioners and Technical,15,18,0.2374,0.6993
29-1217.00,Neurologists,2022,24.22,0.7467,-2.6859,1.1856,Healthcare Practitioners and Technical,17,18,0.2125,0.7184
29-1217.00,Neurologists,2023,29.67,0.8444,-1.4195,1.4328,Healthcare Practitioners and Technical,17,15,0.2041,0.7235
29-1217.00,Neurologists,2024,35.47,1.0907,-0.0717,1.448,Healthcare Practitioners and Technical,18,12,0.1231,0.7905
29-1217.00,Neurologists,2025,38.48,0.9332,0.6277,1.2972,Healthcare Practitioners and Technical,21,6,0.0557,0.856
29-1217.00,Neurologists,2026,40.38,1.0693,1.0693,1.3662,Healthcare Practitioners and Technical,21,3,0.0557,0.856
29-1218.00,Obstetricians and Gynecologists,2020,24.27,0.3707,-2.6743,0.2654,Healthcare Practitioners and Technical,21,16,0.1997,0.7206
29-1218.00,Obstetricians and Gynecologists,2021,25.33,0.3483,-2.428,0.097,Healthcare Practitioners and Technical,18,18,0.2518,0.6843
29-1218.00,Obstetricians and Gynecologists,2022,22.68,0.0635,-3.0438,-0.2183,Healthcare Practitioners and Technical,21,18,0.2267,0.7103
29-1218.00,Obstetricians and Gynecologists,2023,27.19,0.1814,-1.9958,-0.0073,Healthcare Practitioners and Technical,21,15,0.2059,0.7184
29-1218.00,Obstetricians and Gynecologists,2024,33.94,0.7464,-0.4272,0.7898,Healthcare Practitioners and Technical,23,12,0.1324,0.7862
29-1218.00,Obstetricians and Gynecologists,2025,37.04,0.6067,0.2931,0.5668,Healthcare Practitioners and Technical,27,6,0.0595,0.855
29-1218.00,Obstetricians and Gynecologists,2026,39.11,0.7741,0.7741,0.7466,Healthcare Practitioners and Technical,28,3,0.0485,0.8709
29-1221.00,"Pediatricians, General",2020,25.01,0.6922,-2.5024,1.0178,Healthcare Practitioners and Technical,19,16,0.1825,0.7443
29-1221.00,"Pediatricians, General",2021,26.9,0.8759,-2.0632,1.3045,Healthcare Practitioners and Technical,16,18,0.2012,0.7303
29-1221.00,"Pediatricians, General",2022,23.22,0.3031,-2.9183,0.2739,Healthcare Practitioners and Technical,18,18,0.2187,0.7149
29-1221.00,"Pediatricians, General",2023,29.1,0.692,-1.552,1.1018,Healthcare Practitioners and Technical,18,15,0.2109,0.7145
29-1221.00,"Pediatricians, General",2024,34.2,0.8049,-0.3668,0.9017,Healthcare Practitioners and Technical,19,12,0.1077,0.8041
29-1221.00,"Pediatricians, General",2025,38.45,0.9264,0.6208,1.282,Healthcare Practitioners and Technical,22,6,0.0414,0.8635
29-1221.00,"Pediatricians, General",2026,40.48,1.0925,1.0925,1.4149,Healthcare Practitioners and Technical,22,3,0.0407,0.8635
29-1222.00,"Physicians, Pathologists",2020,24.13,0.3099,-2.7069,0.123,Healthcare Practitioners and Technical,19,16,0.1708,0.7471
29-1222.00,"Physicians, Pathologists",2021,25.67,0.4626,-2.349,0.3585,Healthcare Practitioners and Technical,16,18,0.2191,0.7161
29-1222.00,"Physicians, Pathologists",2022,23.53,0.4406,-2.8463,0.5565,Healthcare Practitioners and Technical,18,18,0.2135,0.7151
29-1222.00,"Physicians, Pathologists",2023,28.64,0.569,-1.6588,0.8347,Healthcare Practitioners and Technical,19,15,0.1919,0.7404
29-1222.00,"Physicians, Pathologists",2024,35.42,1.0794,-0.0833,1.4265,Healthcare Practitioners and Technical,20,12,0.1159,0.8019
29-1222.00,"Physicians, Pathologists",2025,37.79,0.7767,0.4674,0.9472,Healthcare Practitioners and Technical,23,6,0.0623,0.8495
29-1222.00,"Physicians, Pathologists",2026,40.12,1.0088,1.0088,1.2393,Healthcare Practitioners and Technical,23,3,0.059,0.8495
29-1223.00,Psychiatrists,2020,25.55,0.9268,-2.3769,1.5668,Healthcare Practitioners and Technical,17,16,0.1907,0.7339
29-1223.00,Psychiatrists,2021,26.97,0.8995,-2.0469,1.3583,Healthcare Practitioners and Technical,15,18,0.2002,0.7311
29-1223.00,Psychiatrists,2022,23.89,0.6003,-2.7626,0.8847,Healthcare Practitioners and Technical,16,18,0.2212,0.705
29-1223.00,Psychiatrists,2023,29.26,0.7348,-1.5148,1.1947,Healthcare Practitioners and Technical,16,15,0.2184,0.7108
29-1223.00,Psychiatrists,2024,36.16,1.246,0.0886,1.7448,Healthcare Practitioners and Technical,18,12,0.1117,0.8091
29-1223.00,Psychiatrists,2025,39.62,1.1917,0.8927,1.8754,Healthcare Practitioners and Technical,20,6,0.048,0.858
29-1223.00,Psychiatrists,2026,40.52,1.1018,1.1018,1.4345,Healthcare Practitioners and Technical,21,3,0.04,0.8771
29-1224.00,Radiologists,2020,23.69,0.1188,-2.8091,-0.3244,Healthcare Practitioners and Technical,21,16,0.1834,0.7488
29-1224.00,Radiologists,2021,25.89,0.5365,-2.2979,0.5277,Healthcare Practitioners and Technical,18,18,0.2329,0.7069
29-1224.00,Radiologists,2022,23.05,0.2277,-2.9578,0.119,Healthcare Practitioners and Technical,20,18,0.2199,0.7204
29-1224.00,Radiologists,2023,28.5,0.5316,-1.6914,0.7534,Healthcare Practitioners and Technical,20,15,0.2026,0.7187
29-1224.00,Radiologists,2024,33.6,0.6699,-0.5063,0.6436,Healthcare Practitioners and Technical,22,12,0.1181,0.7999
29-1224.00,Radiologists,2025,37.82,0.7835,0.4744,0.9624,Healthcare Practitioners and Technical,25,6,0.0726,0.8394
29-1224.00,Radiologists,2026,39.33,0.8253,0.8253,0.8539,Healthcare Practitioners and Technical,26,3,0.0668,0.8565
29-1229.01,Allergists and Immunologists,2020,25.47,0.8921,-2.3955,1.4855,Healthcare Practitioners and Technical,18,16,0.1905,0.7318
29-1229.01,Allergists and Immunologists,2021,27.03,0.9196,-2.033,1.4045,Healthcare Practitioners and Technical,15,18,0.2399,0.6863
29-1229.01,Allergists and Immunologists,2022,24.1,0.6935,-2.7138,1.0762,Healthcare Practitioners and Technical,17,18,0.2285,0.7
29-1229.01,Allergists and Immunologists,2023,30.11,0.962,-1.3173,1.6883,Healthcare Practitioners and Technical,17,15,0.2219,0.7048
29-1229.01,Allergists and Immunologists,2024,36.03,1.2167,0.0584,1.6889,Healthcare Practitioners and Technical,19,12,0.1293,0.7978
29-1229.01,Allergists and Immunologists,2025,38.47,0.9309,0.6254,1.2921,Healthcare Practitioners and Technical,22,6,0.0475,0.8736
29-1229.01,Allergists and Immunologists,2026,40.19,1.0251,1.0251,1.2735,Healthcare Practitioners and Technical,22,3,0.0467,0.8736
29-1229.02,Hospitalists,2020,24.99,0.6835,-2.507,0.9974,Healthcare Practitioners and Technical,20,16,0.1869,0.734
29-1229.02,Hospitalists,2021,26.65,0.7919,-2.1213,1.1122,Healthcare Practitioners and Technical,17,18,0.2304,0.7092
29-1229.02,Hospitalists,2022,24.26,0.7645,-2.6767,1.222,Healthcare Practitioners and Technical,19,18,0.227,0.7042
29-1229.02,Hospitalists,2023,29.51,0.8016,-1.4567,1.3399,Healthcare Practitioners and Technical,19,15,0.2161,0.7165
29-1229.02,Hospitalists,2024,35.1,1.0074,-0.1577,1.2888,Healthcare Practitioners and Technical,21,12,0.1324,0.799
29-1229.02,Hospitalists,2025,37.87,0.7949,0.486,0.9878,Healthcare Practitioners and Technical,24,6,0.065,0.8518
29-1229.02,Hospitalists,2026,39.51,0.8671,0.8671,0.9418,Healthcare Practitioners and Technical,25,3,0.0514,0.8635
29-1229.03,Urologists,2020,23.74,0.1405,-2.7975,-0.2735,Healthcare Practitioners and Technical,23,16,0.2079,0.7275
29-1229.03,Urologists,2021,24.99,0.2341,-2.507,-0.1645,Healthcare Practitioners and Technical,19,18,0.2557,0.6734
29-1229.03,Urologists,2022,22.65,0.0502,-3.0508,-0.2457,Healthcare Practitioners and Technical,21,18,0.2458,0.6791
29-1229.03,Urologists,2023,27.03,0.1386,-2.033,-0.1002,Healthcare Practitioners and Technical,22,15,0.2177,0.705
29-1229.03,Urologists,2024,32.4,0.3999,-0.7851,0.1274,Healthcare Practitioners and Technical,25,12,0.1346,0.7912
29-1229.03,Urologists,2025,36.67,0.5228,0.2071,0.3792,Healthcare Practitioners and Technical,28,6,0.073,0.8388
29-1229.03,Urologists,2026,38.1,0.5394,0.5394,0.2539,Healthcare Practitioners and Technical,29,3,0.0587,0.854
29-1229.04,Physical Medicine and Rehabilitation Physicians,2020,24.25,0.3621,-2.679,0.245,Healthcare Practitioners and Technical,22,16,0.211,0.7234
29-1229.04,Physical Medicine and Rehabilitation Physicians,2021,25.98,0.5668,-2.277,0.5969,Healthcare Practitioners and Technical,18,18,0.2578,0.6767
29-1229.04,Physical Medicine and Rehabilitation Physicians,2022,23.51,0.4317,-2.8509,0.5383,Healthcare Practitioners and Technical,20,18,0.2377,0.6867
29-1229.04,Physical Medicine and Rehabilitation Physicians,2023,28.13,0.4327,-1.7774,0.5386,Healthcare Practitioners and Technical,21,15,0.2162,0.7142
29-1229.04,Physical Medicine and Rehabilitation Physicians,2024,34.05,0.7712,-0.4017,0.8372,Healthcare Practitioners and Technical,23,12,0.1285,0.7916
29-1229.04,Physical Medicine and Rehabilitation Physicians,2025,37.09,0.618,0.3047,0.5922,Healthcare Practitioners and Technical,26,6,0.0666,0.8431
29-1229.04,Physical Medicine and Rehabilitation Physicians,2026,38.65,0.6672,0.6672,0.5222,Healthcare Practitioners and Technical,27,3,0.0503,0.8558
29-1229.05,Preventive Medicine Physicians,2020,25.21,0.7791,-2.4559,1.2211,Healthcare Practitioners and Technical,17,16,0.1958,0.7429
29-1229.05,Preventive Medicine Physicians,2021,27.02,0.9163,-2.0353,1.3968,Healthcare Practitioners and Technical,14,18,0.2109,0.7103
29-1229.05,Preventive Medicine Physicians,2022,24.93,1.0617,-2.521,1.8328,Healthcare Practitioners and Technical,16,18,0.2271,0.7162
29-1229.05,Preventive Medicine Physicians,2023,29.55,0.8123,-1.4474,1.3631,Healthcare Practitioners and Technical,16,15,0.2058,0.7351
29-1229.05,Preventive Medicine Physicians,2024,36.27,1.2707,0.1142,1.7921,Healthcare Practitioners and Technical,18,12,0.1021,0.8213
29-1229.05,Preventive Medicine Physicians,2025,39.79,1.2302,0.9322,1.9616,Healthcare Practitioners and Technical,20,6,0.0383,0.8773
29-1229.05,Preventive Medicine Physicians,2026,41.41,1.3086,1.3086,1.8686,Healthcare Practitioners and Technical,20,3,0.0383,0.8773
29-1229.06,Sports Medicine Physicians,2020,23.36,-0.0246,-2.8858,-0.6599,Healthcare Practitioners and Technical,24,16,0.2127,0.7227
29-1229.06,Sports Medicine Physicians,2021,24.79,0.1669,-2.5535,-0.3183,Healthcare Practitioners and Technical,20,18,0.266,0.6644
29-1229.06,Sports Medicine Physicians,2022,22.65,0.0502,-3.0508,-0.2457,Healthcare Practitioners and Technical,22,18,0.249,0.6763
29-1229.06,Sports Medicine Physicians,2023,26.8,0.0771,-2.0864,-0.2338,Healthcare Practitioners and Technical,23,15,0.2285,0.6972
29-1229.06,Sports Medicine Physicians,2024,31.46,0.1884,-1.0035,-0.2769,Healthcare Practitioners and Technical,26,12,0.1362,0.7905
29-1229.06,Sports Medicine Physicians,2025,35.85,0.3369,0.0166,-0.0367,Healthcare Practitioners and Technical,29,6,0.0728,0.8408
29-1229.06,Sports Medicine Physicians,2026,37.47,0.393,0.393,-0.0534,Healthcare Practitioners and Technical,30,3,0.0572,0.8533
29-1241.00,"Ophthalmologists, Except Pediatric",2020,23.82,0.1753,-2.7789,-0.1922,Healthcare Practitioners and Technical,22,16,0.2011,0.7235
29-1241.00,"Ophthalmologists, Except Pediatric",2021,24.69,0.1333,-2.5767,-0.3952,Healthcare Practitioners and Technical,19,18,0.2543,0.6747
29-1241.00,"Ophthalmologists, Except Pediatric",2022,22.76,0.099,-3.0252,-0.1454,Healthcare Practitioners and Technical,21,18,0.2383,0.6984
29-1241.00,"Ophthalmologists, Except Pediatric",2023,26.86,0.0931,-2.0725,-0.1989,Healthcare Practitioners and Technical,22,15,0.1956,0.728
29-1241.00,"Ophthalmologists, Except Pediatric",2024,31.76,0.2559,-0.9338,-0.1479,Healthcare Practitioners and Technical,25,12,0.1255,0.7974
29-1241.00,"Ophthalmologists, Except Pediatric",2025,36.76,0.5432,0.2281,0.4248,Healthcare Practitioners and Technical,27,6,0.0844,0.8253
29-1241.00,"Ophthalmologists, Except Pediatric",2026,38.51,0.6347,0.6347,0.4539,Healthcare Practitioners and Technical,28,3,0.076,0.8403
29-1291.00,Acupuncturists,2020,24.39,0.4229,-2.6464,0.3874,Healthcare Practitioners and Technical,20,16,0.1932,0.7369
29-1291.00,Acupuncturists,2021,25.65,0.4559,-2.3537,0.3431,Healthcare Practitioners and Technical,16,18,0.2773,0.6522
29-1291.00,Acupuncturists,2022,22.16,-0.1672,-3.1646,-0.6924,Healthcare Practitioners and Technical,18,18,0.2303,0.6947
29-1291.00,Acupuncturists,2023,26.14,-0.0993,-2.2398,-0.617,Healthcare Practitioners and Technical,19,15,0.2142,0.713
29-1291.00,Acupuncturists,2024,31.45,0.1861,-1.0059,-0.2812,Healthcare Practitioners and Technical,22,12,0.1266,0.798
29-1291.00,Acupuncturists,2025,35.76,0.3165,-0.0043,-0.0824,Healthcare Practitioners and Technical,25,6,0.0838,0.8341
29-1291.00,Acupuncturists,2026,37.97,0.5092,0.5092,0.1905,Healthcare Practitioners and Technical,25,3,0.0739,0.8341
29-1292.00,Dental Hygienists,2020,22.6,-0.3547,-3.0624,-1.4327,Healthcare Practitioners and Technical,23,16,0.2179,0.7145
29-1292.00,Dental Hygienists,2021,23.21,-0.3641,-2.9207,-1.5335,Healthcare Practitioners and Technical,20,18,0.325,0.6127
29-1292.00,Dental Hygienists,2022,20.43,-0.9347,-3.5667,-2.2695,Healthcare Practitioners and Technical,22,18,0.2631,0.6711
29-1292.00,Dental Hygienists,2023,23.43,-0.8238,-2.8695,-2.1907,Healthcare Practitioners and Technical,22,15,0.2496,0.6762
29-1292.00,Dental Hygienists,2024,27.56,-0.6892,-1.9098,-1.9545,Healthcare Practitioners and Technical,26,12,0.1652,0.7619
29-1292.00,Dental Hygienists,2025,32.32,-0.4635,-0.8037,-1.8271,Healthcare Practitioners and Technical,29,6,0.1005,0.8188
29-1292.00,Dental Hygienists,2026,34.21,-0.3645,-0.3645,-1.6438,Healthcare Practitioners and Technical,30,3,0.0846,0.8292
29-1299.01,Naturopathic Physicians,2020,25.3,0.8182,-2.435,1.3126,Healthcare Practitioners and Technical,18,16,0.1848,0.7343
29-1299.01,Naturopathic Physicians,2021,27.11,0.9465,-2.0144,1.466,Healthcare Practitioners and Technical,15,18,0.2326,0.7042
29-1299.01,Naturopathic Physicians,2022,24.42,0.8355,-2.6395,1.3679,Healthcare Practitioners and Technical,17,18,0.2189,0.7089
29-1299.01,Naturopathic Physicians,2023,29.62,0.831,-1.4311,1.4038,Healthcare Practitioners and Technical,17,15,0.2021,0.7217
29-1299.01,Naturopathic Physicians,2024,35.95,1.1987,0.0398,1.6544,Healthcare Practitioners and Technical,19,12,0.1186,0.8066
29-1299.01,Naturopathic Physicians,2025,38.25,0.881,0.5743,1.1805,Healthcare Practitioners and Technical,22,6,0.0519,0.8695
29-1299.01,Naturopathic Physicians,2026,40.07,0.9972,0.9972,1.2149,Healthcare Practitioners and Technical,22,3,0.0519,0.8695
29-1299.02,Orthoptists,2020,24.21,0.3447,-2.6883,0.2043,Healthcare Practitioners and Technical,20,16,0.1795,0.7494
29-1299.02,Orthoptists,2021,25.96,0.56,-2.2816,0.5815,Healthcare Practitioners and Technical,16,18,0.2459,0.6829
29-1299.02,Orthoptists,2022,22.59,0.0236,-3.0647,-0.3004,Healthcare Practitioners and Technical,18,18,0.2354,0.6998
29-1299.02,Orthoptists,2023,26.88,0.0985,-2.0678,-0.1873,Healthcare Practitioners and Technical,19,15,0.2054,0.7211
29-1299.02,Orthoptists,2024,32.25,0.3662,-0.82,0.0629,Healthcare Practitioners and Technical,21,12,0.1139,0.8043
29-1299.02,Orthoptists,2025,36.52,0.4888,0.1723,0.3031,Healthcare Practitioners and Technical,23,6,0.0665,0.8451
29-1299.02,Orthoptists,2026,38.42,0.6138,0.6138,0.41,Healthcare Practitioners and Technical,23,3,0.0638,0.8451
29-2011.00,Medical and Clinical Laboratory Technologists,2020,23.02,-0.1723,-2.9648,-1.0056,Healthcare Practitioners and Technical,22,16,0.1775,0.7509
29-2011.00,Medical and Clinical Laboratory Technologists,2021,24.3,0.0022,-2.6674,-0.6952,Healthcare Practitioners and Technical,19,18,0.2643,0.6752
29-2011.00,Medical and Clinical Laboratory Technologists,2022,22.41,-0.0563,-3.1066,-0.4645,Healthcare Practitioners and Technical,21,18,0.2326,0.7061
29-2011.00,Medical and Clinical Laboratory Technologists,2023,26.53,0.0049,-2.1492,-0.3905,Healthcare Practitioners and Technical,22,15,0.2191,0.7169
29-2011.00,Medical and Clinical Laboratory Technologists,2024,32.41,0.4022,-0.7828,0.1317,Healthcare Practitioners and Technical,24,12,0.1359,0.7888
29-2011.00,Medical and Clinical Laboratory Technologists,2025,36.39,0.4593,0.1421,0.2371,Healthcare Practitioners and Technical,27,6,0.0782,0.8368
29-2011.00,Medical and Clinical Laboratory Technologists,2026,38.99,0.7463,0.7463,0.6881,Healthcare Practitioners and Technical,28,3,0.069,0.8466
29-2011.01,Cytogenetic Technologists,2020,23.19,-0.0984,-2.9253,-0.8328,Healthcare Practitioners and Technical,20,16,0.1837,0.7378
29-2011.01,Cytogenetic Technologists,2021,24.67,0.1265,-2.5814,-0.4106,Healthcare Practitioners and Technical,17,18,0.2597,0.6783
29-2011.01,Cytogenetic Technologists,2022,22.99,0.201,-2.9718,0.0643,Healthcare Practitioners and Technical,19,18,0.2278,0.7034
29-2011.01,Cytogenetic Technologists,2023,27.79,0.3418,-1.8564,0.3411,Healthcare Practitioners and Technical,20,15,0.2009,0.7197
29-2011.01,Cytogenetic Technologists,2024,32.83,0.4967,-0.6852,0.3124,Healthcare Practitioners and Technical,22,12,0.1246,0.8017
29-2011.01,Cytogenetic Technologists,2025,37.5,0.711,0.4,0.8001,Healthcare Practitioners and Technical,24,6,0.0732,0.8384
29-2011.01,Cytogenetic Technologists,2026,39.46,0.8555,0.8555,0.9174,Healthcare Practitioners and Technical,24,3,0.0691,0.8384
29-2011.02,Cytotechnologists,2020,23.18,-0.1028,-2.9276,-0.8429,Healthcare Practitioners and Technical,21,16,0.1575,0.7761
29-2011.02,Cytotechnologists,2021,24.42,0.0425,-2.6395,-0.6029,Healthcare Practitioners and Technical,17,18,0.2753,0.653
29-2011.02,Cytotechnologists,2022,22.26,-0.1228,-3.1414,-0.6012,Healthcare Practitioners and Technical,19,18,0.2255,0.7076
29-2011.02,Cytotechnologists,2023,26.13,-0.102,-2.2421,-0.6228,Healthcare Practitioners and Technical,20,15,0.2185,0.7099
29-2011.02,Cytotechnologists,2024,31.32,0.1569,-1.0361,-0.3371,Healthcare Practitioners and Technical,23,12,0.1342,0.791
29-2011.02,Cytotechnologists,2025,35.34,0.2213,-0.1019,-0.2954,Healthcare Practitioners and Technical,25,6,0.0982,0.8174
29-2011.02,Cytotechnologists,2026,38.43,0.6161,0.6161,0.4149,Healthcare Practitioners and Technical,25,3,0.0947,0.8174
29-2011.04,Histotechnologists,2020,22.83,-0.2548,-3.009,-1.1988,Healthcare Practitioners and Technical,24,16,0.2155,0.7156
29-2011.04,Histotechnologists,2021,24.02,-0.0919,-2.7324,-0.9105,Healthcare Practitioners and Technical,21,18,0.2856,0.6454
29-2011.04,Histotechnologists,2022,20.89,-0.7306,-3.4598,-1.8502,Healthcare Practitioners and Technical,23,18,0.2676,0.6677
29-2011.04,Histotechnologists,2023,25.52,-0.2651,-2.3839,-0.977,Healthcare Practitioners and Technical,24,15,0.2362,0.69
29-2011.04,Histotechnologists,2024,29.42,-0.2706,-1.4776,-1.1544,Healthcare Practitioners and Technical,27,12,0.1399,0.778
29-2011.04,Histotechnologists,2025,34.35,-0.0032,-0.332,-0.7975,Healthcare Practitioners and Technical,30,6,0.0823,0.8265
29-2011.04,Histotechnologists,2026,35.68,-0.0229,-0.0229,-0.9266,Healthcare Practitioners and Technical,31,3,0.0683,0.8399
29-2012.00,Medical and Clinical Laboratory Technicians,2020,23.58,0.071,-2.8347,-0.4362,Healthcare Practitioners and Technical,24,16,0.2397,0.6926
29-2012.00,Medical and Clinical Laboratory Technicians,2021,24.16,-0.0448,-2.6999,-0.8029,Healthcare Practitioners and Technical,21,18,0.3184,0.6197
29-2012.00,Medical and Clinical Laboratory Technicians,2022,22.73,0.0857,-3.0322,-0.1728,Healthcare Practitioners and Technical,23,18,0.2769,0.6566
29-2012.00,Medical and Clinical Laboratory Technicians,2023,26.39,-0.0325,-2.1817,-0.4718,Healthcare Practitioners and Technical,24,15,0.2482,0.6852
29-2012.00,Medical and Clinical Laboratory Technicians,2024,30.95,0.0736,-1.1221,-0.4963,Healthcare Practitioners and Technical,26,12,0.1716,0.7482
29-2012.00,Medical and Clinical Laboratory Technicians,2025,34.97,0.1374,-0.1879,-0.4831,Healthcare Practitioners and Technical,30,6,0.0845,0.8292
29-2012.00,Medical and Clinical Laboratory Technicians,2026,36.35,0.1328,0.1328,-0.5998,Healthcare Practitioners and Technical,31,3,0.0683,0.8421
29-2012.01,Histology Technicians,2020,21.89,-0.6632,-3.2274,-2.1546,Healthcare Practitioners and Technical,22,16,0.1849,0.7399
29-2012.01,Histology Technicians,2021,22.63,-0.559,-3.0554,-1.9796,Healthcare Practitioners and Technical,19,18,0.2839,0.6462
29-2012.01,Histology Technicians,2022,20.31,-0.988,-3.5945,-2.3789,Healthcare Practitioners and Technical,21,18,0.2273,0.7029
29-2012.01,Histology Technicians,2023,23.4,-0.8318,-2.8765,-2.2081,Healthcare Practitioners and Technical,22,15,0.2152,0.7073
29-2012.01,Histology Technicians,2024,27.19,-0.7724,-1.9958,-2.1136,Healthcare Practitioners and Technical,25,12,0.1367,0.7822
29-2012.01,Histology Technicians,2025,33.01,-0.307,-0.6434,-1.4772,Healthcare Practitioners and Technical,28,6,0.0961,0.817
29-2012.01,Histology Technicians,2026,34.54,-0.2878,-0.2878,-1.4828,Healthcare Practitioners and Technical,29,3,0.0857,0.8271
29-2031.00,Cardiovascular Technologists and Technicians,2020,22.75,-0.2896,-3.0275,-1.2801,Healthcare Practitioners and Technical,24,16,0.2258,0.7098
29-2031.00,Cardiovascular Technologists and Technicians,2021,23.18,-0.3742,-2.9276,-1.5566,Healthcare Practitioners and Technical,21,18,0.2862,0.6525
29-2031.00,Cardiovascular Technologists and Technicians,2022,22.2,-0.1495,-3.1554,-0.6559,Healthcare Practitioners and Technical,23,18,0.2634,0.6723
29-2031.00,Cardiovascular Technologists and Technicians,2023,26.14,-0.0993,-2.2398,-0.617,Healthcare Practitioners and Technical,24,15,0.2441,0.6902
29-2031.00,Cardiovascular Technologists and Technicians,2024,30.31,-0.0704,-1.2708,-0.7716,Healthcare Practitioners and Technical,26,12,0.1488,0.7726
29-2031.00,Cardiovascular Technologists and Technicians,2025,34.26,-0.0236,-0.3529,-0.8432,Healthcare Practitioners and Technical,30,6,0.0809,0.8365
29-2031.00,Cardiovascular Technologists and Technicians,2026,35.96,0.0422,0.0422,-0.79,Healthcare Practitioners and Technical,31,3,0.0633,0.8488
29-2032.00,Diagnostic Medical Sonographers,2020,22.96,-0.1984,-2.9787,-1.0666,Healthcare Practitioners and Technical,25,16,0.2391,0.6945
29-2032.00,Diagnostic Medical Sonographers,2021,22.9,-0.4683,-2.9927,-1.7719,Healthcare Practitioners and Technical,22,18,0.295,0.645
29-2032.00,Diagnostic Medical Sonographers,2022,20.91,-0.7218,-3.4551,-1.8319,Healthcare Practitioners and Technical,24,18,0.2779,0.661
29-2032.00,Diagnostic Medical Sonographers,2023,24.0,-0.6714,-2.7371,-1.8597,Healthcare Practitioners and Technical,24,15,0.2422,0.6827
29-2032.00,Diagnostic Medical Sonographers,2024,27.86,-0.6217,-1.8401,-1.8255,Healthcare Practitioners and Technical,27,12,0.1532,0.7695
29-2032.00,Diagnostic Medical Sonographers,2025,32.18,-0.4952,-0.8362,-1.8981,Healthcare Practitioners and Technical,31,6,0.0827,0.8385
29-2032.00,Diagnostic Medical Sonographers,2026,34.06,-0.3994,-0.3994,-1.7169,Healthcare Practitioners and Technical,32,3,0.0624,0.8514
29-2033.00,Nuclear Medicine Technologists,2020,23.58,0.071,-2.8347,-0.4362,Healthcare Practitioners and Technical,23,16,0.2198,0.7139
29-2033.00,Nuclear Medicine Technologists,2021,24.3,0.0022,-2.6674,-0.6952,Healthcare Practitioners and Technical,20,18,0.275,0.6623
29-2033.00,Nuclear Medicine Technologists,2022,22.99,0.201,-2.9718,0.0643,Healthcare Practitioners and Technical,21,18,0.2458,0.6795
29-2033.00,Nuclear Medicine Technologists,2023,27.65,0.3043,-1.8889,0.2598,Healthcare Practitioners and Technical,22,15,0.2331,0.6912
29-2033.00,Nuclear Medicine Technologists,2024,31.45,0.1861,-1.0059,-0.2812,Healthcare Practitioners and Technical,25,12,0.1493,0.7756
29-2033.00,Nuclear Medicine Technologists,2025,36.09,0.3913,0.0724,0.085,Healthcare Practitioners and Technical,28,6,0.0672,0.842
29-2033.00,Nuclear Medicine Technologists,2026,37.75,0.4581,0.4581,0.0832,Healthcare Practitioners and Technical,29,3,0.0511,0.8545
29-2034.00,Radiologic Technologists and Technicians,2020,22.56,-0.3721,-3.0717,-1.4733,Healthcare Practitioners and Technical,26,16,0.2212,0.7124
29-2034.00,Radiologic Technologists and Technicians,2021,22.99,-0.438,-2.9718,-1.7027,Healthcare Practitioners and Technical,23,18,0.2723,0.6646
29-2034.00,Radiologic Technologists and Technicians,2022,20.93,-0.7129,-3.4505,-1.8137,Healthcare Practitioners and Technical,24,18,0.2601,0.6673
29-2034.00,Radiologic Technologists and Technicians,2023,23.56,-0.7891,-2.8393,-2.1152,Healthcare Practitioners and Technical,26,15,0.2467,0.6866
29-2034.00,Radiologic Technologists and Technicians,2024,27.9,-0.6127,-1.8308,-1.8082,Healthcare Practitioners and Technical,28,12,0.1361,0.7819
29-2034.00,Radiologic Technologists and Technicians,2025,32.38,-0.4498,-0.7898,-1.7967,Healthcare Practitioners and Technical,32,6,0.0922,0.8229
29-2034.00,Radiologic Technologists and Technicians,2026,33.74,-0.4737,-0.4737,-1.873,Healthcare Practitioners and Technical,34,3,0.0624,0.8538
29-2035.00,Magnetic Resonance Imaging Technologists,2020,23.74,0.1405,-2.7975,-0.2735,Healthcare Practitioners and Technical,24,16,0.2345,0.6972
29-2035.00,Magnetic Resonance Imaging Technologists,2021,24.74,0.1501,-2.5651,-0.3568,Healthcare Practitioners and Technical,21,18,0.2835,0.6482
29-2035.00,Magnetic Resonance Imaging Technologists,2022,21.94,-0.2648,-3.2158,-0.893,Healthcare Practitioners and Technical,23,18,0.2677,0.664
29-2035.00,Magnetic Resonance Imaging Technologists,2023,24.95,-0.4175,-2.5163,-1.308,Healthcare Practitioners and Technical,24,15,0.2336,0.6901
29-2035.00,Magnetic Resonance Imaging Technologists,2024,28.57,-0.4619,-1.6751,-1.52,Healthcare Practitioners and Technical,27,12,0.1443,0.782
29-2035.00,Magnetic Resonance Imaging Technologists,2025,33.77,-0.1347,-0.4668,-1.0917,Healthcare Practitioners and Technical,30,6,0.0794,0.8308
29-2035.00,Magnetic Resonance Imaging Technologists,2026,35.43,-0.081,-0.081,-1.0486,Healthcare Practitioners and Technical,31,3,0.0619,0.8458
29-2036.00,Medical Dosimetrists,2020,24.19,0.336,-2.6929,0.184,Healthcare Practitioners and Technical,20,16,0.188,0.7366
29-2036.00,Medical Dosimetrists,2021,26.02,0.5802,-2.2677,0.6277,Healthcare Practitioners and Technical,17,18,0.2414,0.6918
29-2036.00,Medical Dosimetrists,2022,23.92,0.6136,-2.7557,0.9121,Healthcare Practitioners and Technical,19,18,0.2099,0.7202
29-2036.00,Medical Dosimetrists,2023,29.48,0.7936,-1.4636,1.3225,Healthcare Practitioners and Technical,20,15,0.1917,0.7384
29-2036.00,Medical Dosimetrists,2024,34.66,0.9084,-0.2599,1.0996,Healthcare Practitioners and Technical,22,12,0.1095,0.8176
29-2036.00,Medical Dosimetrists,2025,38.62,0.9649,0.6603,1.3682,Healthcare Practitioners and Technical,24,6,0.0512,0.8611
29-2036.00,Medical Dosimetrists,2026,40.34,1.06,1.06,1.3466,Healthcare Practitioners and Technical,24,3,0.0511,0.8611
29-2051.00,Dietetic Technicians,2020,23.42,0.0015,-2.8719,-0.5989,Healthcare Practitioners and Technical,24,16,0.2462,0.6842
29-2051.00,Dietetic Technicians,2021,24.17,-0.0415,-2.6976,-0.7952,Healthcare Practitioners and Technical,21,18,0.3139,0.6241
29-2051.00,Dietetic Technicians,2022,23.95,0.627,-2.7487,0.9394,Healthcare Practitioners and Technical,23,18,0.2691,0.6613
29-2051.00,Dietetic Technicians,2023,28.13,0.4327,-1.7774,0.5386,Healthcare Practitioners and Technical,24,15,0.2517,0.6802
29-2051.00,Dietetic Technicians,2024,31.2,0.1299,-1.064,-0.3888,Healthcare Practitioners and Technical,27,12,0.1722,0.7578
29-2051.00,Dietetic Technicians,2025,34.33,-0.0077,-0.3366,-0.8077,Healthcare Practitioners and Technical,30,6,0.0788,0.835
29-2051.00,Dietetic Technicians,2026,35.96,0.0422,0.0422,-0.79,Healthcare Practitioners and Technical,31,3,0.0607,0.8481
29-2052.00,Pharmacy Technicians,2020,24.54,0.488,-2.6116,0.5399,Healthcare Practitioners and Technical,22,16,0.1947,0.7322
29-2052.00,Pharmacy Technicians,2021,25.88,0.5332,-2.3002,0.52,Healthcare Practitioners and Technical,19,18,0.2776,0.6649
29-2052.00,Pharmacy Technicians,2022,23.09,0.2454,-2.9485,0.1554,Healthcare Practitioners and Technical,21,18,0.2263,0.7108
29-2052.00,Pharmacy Technicians,2023,28.05,0.4113,-1.7959,0.4921,Healthcare Practitioners and Technical,20,15,0.2447,0.6806
29-2052.00,Pharmacy Technicians,2024,31.92,0.2919,-0.8966,-0.0791,Healthcare Practitioners and Technical,23,12,0.1588,0.765
29-2052.00,Pharmacy Technicians,2025,34.91,0.1238,-0.2018,-0.5135,Healthcare Practitioners and Technical,26,6,0.0773,0.8332
29-2052.00,Pharmacy Technicians,2026,36.4,0.1444,0.1444,-0.5754,Healthcare Practitioners and Technical,28,3,0.0601,0.8556
29-2053.00,Psychiatric Technicians,2020,24.16,0.323,-2.6999,0.1535,Healthcare Practitioners and Technical,23,16,0.2347,0.6904
29-2053.00,Psychiatric Technicians,2021,25.04,0.2509,-2.4954,-0.1261,Healthcare Practitioners and Technical,20,18,0.2708,0.6647
29-2053.00,Psychiatric Technicians,2022,22.02,-0.2293,-3.1972,-0.82,Healthcare Practitioners and Technical,22,18,0.2733,0.6595
29-2053.00,Psychiatric Technicians,2023,26.28,-0.0619,-2.2073,-0.5357,Healthcare Practitioners and Technical,22,15,0.2675,0.6631
29-2053.00,Psychiatric Technicians,2024,31.37,0.1681,-1.0245,-0.3156,Healthcare Practitioners and Technical,25,12,0.1618,0.763
29-2053.00,Psychiatric Technicians,2025,34.47,0.024,-0.3041,-0.7367,Healthcare Practitioners and Technical,30,6,0.0796,0.8342
29-2053.00,Psychiatric Technicians,2026,35.85,0.0166,0.0166,-0.8437,Healthcare Practitioners and Technical,32,3,0.0433,0.8704
29-2055.00,Surgical Technologists,2020,22.17,-0.5416,-3.1623,-1.8699,Healthcare Practitioners and Technical,25,16,0.2313,0.7012
29-2055.00,Surgical Technologists,2021,23.2,-0.3675,-2.923,-1.5412,Healthcare Practitioners and Technical,22,18,0.3426,0.6019
29-2055.00,Surgical Technologists,2022,21.4,-0.5044,-3.3413,-1.3852,Healthcare Practitioners and Technical,24,18,0.2701,0.6634
29-2055.00,Surgical Technologists,2023,24.63,-0.503,-2.5907,-1.4939,Healthcare Practitioners and Technical,25,15,0.2779,0.6609
29-2055.00,Surgical Technologists,2024,27.64,-0.6712,-1.8912,-1.9201,Healthcare Practitioners and Technical,27,12,0.1804,0.7455
29-2055.00,Surgical Technologists,2025,31.09,-0.7423,-1.0895,-2.451,Healthcare Practitioners and Technical,31,6,0.0928,0.8222
29-2055.00,Surgical Technologists,2026,32.76,-0.7015,-0.7015,-2.3511,Healthcare Practitioners and Technical,32,3,0.0643,0.8421
29-2056.00,Veterinary Technologists and Technicians,2020,23.14,-0.1202,-2.9369,-0.8836,Healthcare Practitioners and Technical,24,16,0.2408,0.6848
29-2056.00,Veterinary Technologists and Technicians,2021,23.95,-0.1154,-2.7487,-0.9644,Healthcare Practitioners and Technical,21,18,0.3091,0.6313
29-2056.00,Veterinary Technologists and Technicians,2022,22.27,-0.1184,-3.1391,-0.5921,Healthcare Practitioners and Technical,24,18,0.263,0.6816
29-2056.00,Veterinary Technologists and Technicians,2023,26.08,-0.1154,-2.2537,-0.6519,Healthcare Practitioners and Technical,24,15,0.249,0.6831
29-2056.00,Veterinary Technologists and Technicians,2024,31.23,0.1366,-1.057,-0.3759,Healthcare Practitioners and Technical,26,12,0.1778,0.742
29-2056.00,Veterinary Technologists and Technicians,2025,33.98,-0.0871,-0.418,-0.9852,Healthcare Practitioners and Technical,31,6,0.0844,0.8373
29-2056.00,Veterinary Technologists and Technicians,2026,35.59,-0.0438,-0.0438,-0.9705,Healthcare Practitioners and Technical,32,3,0.0546,0.8573
29-2057.00,Ophthalmic Medical Technicians,2020,24.13,0.3099,-2.7069,0.123,Healthcare Practitioners and Technical,21,16,0.1871,0.743
29-2057.00,Ophthalmic Medical Technicians,2021,24.64,0.1165,-2.5884,-0.4337,Healthcare Practitioners and Technical,17,18,0.2527,0.6748
29-2057.00,Ophthalmic Medical Technicians,2022,22.83,0.1301,-3.009,-0.0816,Healthcare Practitioners and Technical,20,18,0.2403,0.6983
29-2057.00,Ophthalmic Medical Technicians,2023,27.32,0.2161,-1.9656,0.0682,Healthcare Practitioners and Technical,20,15,0.2251,0.7101
29-2057.00,Ophthalmic Medical Technicians,2024,30.76,0.0309,-1.1662,-0.578,Healthcare Practitioners and Technical,22,12,0.1377,0.7832
29-2057.00,Ophthalmic Medical Technicians,2025,36.26,0.4299,0.1119,0.1712,Healthcare Practitioners and Technical,25,6,0.0737,0.8435
29-2057.00,Ophthalmic Medical Technicians,2026,38.42,0.6138,0.6138,0.41,Healthcare Practitioners and Technical,25,3,0.0637,0.8435
29-2061.00,Licensed Practical and Licensed Vocational Nurses,2020,23.4,-0.0072,-2.8765,-0.6192,Healthcare Practitioners and Technical,25,16,0.25,0.6844
29-2061.00,Licensed Practical and Licensed Vocational Nurses,2021,24.38,0.0291,-2.6488,-0.6337,Healthcare Practitioners and Technical,21,18,0.3013,0.6296
29-2061.00,Licensed Practical and Licensed Vocational Nurses,2022,21.59,-0.4201,-3.2971,-1.212,Healthcare Practitioners and Technical,24,18,0.276,0.6601
29-2061.00,Licensed Practical and Licensed Vocational Nurses,2023,25.27,-0.3319,-2.442,-1.1222,Healthcare Practitioners and Technical,24,15,0.2713,0.6613
29-2061.00,Licensed Practical and Licensed Vocational Nurses,2024,29.03,-0.3584,-1.5682,-1.3222,Healthcare Practitioners and Technical,27,12,0.1825,0.7462
29-2061.00,Licensed Practical and Licensed Vocational Nurses,2025,33.32,-0.2367,-0.5713,-1.3199,Healthcare Practitioners and Technical,31,6,0.0883,0.8222
29-2061.00,Licensed Practical and Licensed Vocational Nurses,2026,34.25,-0.3552,-0.3552,-1.6242,Healthcare Practitioners and Technical,33,3,0.0504,0.8601
29-2081.00,"Opticians, Dispensing",2020,23.94,0.2274,-2.751,-0.0702,Healthcare Practitioners and Technical,22,16,0.2224,0.7154
29-2081.00,"Opticians, Dispensing",2021,24.78,0.1635,-2.5558,-0.326,Healthcare Practitioners and Technical,18,18,0.3023,0.6315
29-2081.00,"Opticians, Dispensing",2022,23.41,0.3874,-2.8742,0.4471,Healthcare Practitioners and Technical,20,18,0.2659,0.667
29-2081.00,"Opticians, Dispensing",2023,27.47,0.2562,-1.9307,0.1553,Healthcare Practitioners and Technical,22,15,0.2278,0.7137
29-2081.00,"Opticians, Dispensing",2024,30.2,-0.0951,-1.2963,-0.8189,Healthcare Practitioners and Technical,24,12,0.1442,0.7784
29-2081.00,"Opticians, Dispensing",2025,35.44,0.2439,-0.0787,-0.2447,Healthcare Practitioners and Technical,26,6,0.0699,0.8391
29-2081.00,"Opticians, Dispensing",2026,36.89,0.2583,0.2583,-0.3364,Healthcare Practitioners and Technical,27,3,0.0664,0.8583
29-2091.00,Orthotists and Prosthetists,2020,23.8,0.1666,-2.7835,-0.2125,Healthcare Practitioners and Technical,21,16,0.2127,0.7091
29-2091.00,Orthotists and Prosthetists,2021,24.88,0.1971,-2.5326,-0.2491,Healthcare Practitioners and Technical,18,18,0.2817,0.6496
29-2091.00,Orthotists and Prosthetists,2022,23.31,0.343,-2.8974,0.356,Healthcare Practitioners and Technical,20,18,0.2492,0.6813
29-2091.00,Orthotists and Prosthetists,2023,27.52,0.2696,-1.9191,0.1843,Healthcare Practitioners and Technical,21,15,0.2115,0.7137
29-2091.00,Orthotists and Prosthetists,2024,31.93,0.2941,-0.8943,-0.0748,Healthcare Practitioners and Technical,23,12,0.1238,0.7905
29-2091.00,Orthotists and Prosthetists,2025,36.75,0.5409,0.2257,0.4197,Healthcare Practitioners and Technical,26,6,0.062,0.8454
29-2091.00,Orthotists and Prosthetists,2026,38.44,0.6184,0.6184,0.4198,Healthcare Practitioners and Technical,27,3,0.0499,0.858
29-2092.00,Hearing Aid Specialists,2020,25.56,0.9312,-2.3746,1.577,Healthcare Practitioners and Technical,21,16,0.2001,0.7346
29-2092.00,Hearing Aid Specialists,2021,25.92,0.5466,-2.2909,0.5508,Healthcare Practitioners and Technical,17,18,0.2852,0.6451
29-2092.00,Hearing Aid Specialists,2022,24.2,0.7379,-2.6906,1.1673,Healthcare Practitioners and Technical,20,18,0.2265,0.7135
29-2092.00,Hearing Aid Specialists,2023,26.56,0.0129,-2.1422,-0.3731,Healthcare Practitioners and Technical,21,15,0.2021,0.7369
29-2092.00,Hearing Aid Specialists,2024,29.87,-0.1694,-1.373,-0.9609,Healthcare Practitioners and Technical,22,12,0.1392,0.7838
29-2092.00,Hearing Aid Specialists,2025,35.43,0.2417,-0.081,-0.2498,Healthcare Practitioners and Technical,25,6,0.0692,0.8421
29-2092.00,Hearing Aid Specialists,2026,36.72,0.2188,0.2188,-0.4193,Healthcare Practitioners and Technical,25,3,0.0666,0.8421
29-2099.01,Neurodiagnostic Technologists,2020,23.62,0.0884,-2.8254,-0.3956,Healthcare Practitioners and Technical,22,16,0.186,0.736
29-2099.01,Neurodiagnostic Technologists,2021,24.75,0.1534,-2.5628,-0.3491,Healthcare Practitioners and Technical,19,18,0.2542,0.6811
29-2099.01,Neurodiagnostic Technologists,2022,22.38,-0.0696,-3.1135,-0.4918,Healthcare Practitioners and Technical,21,18,0.2374,0.6919
29-2099.01,Neurodiagnostic Technologists,2023,26.3,-0.0566,-2.2026,-0.5241,Healthcare Practitioners and Technical,22,15,0.2196,0.7121
29-2099.01,Neurodiagnostic Technologists,2024,31.85,0.2761,-0.9129,-0.1092,Healthcare Practitioners and Technical,24,12,0.1213,0.7968
29-2099.01,Neurodiagnostic Technologists,2025,36.24,0.4253,0.1072,0.1611,Healthcare Practitioners and Technical,27,6,0.0757,0.837
29-2099.01,Neurodiagnostic Technologists,2026,38.0,0.5162,0.5162,0.2051,Healthcare Practitioners and Technical,28,3,0.0624,0.8484
29-2099.05,Ophthalmic Medical Technologists,2020,24.4,0.4272,-2.6441,0.3975,Healthcare Practitioners and Technical,22,16,0.1977,0.7333
29-2099.05,Ophthalmic Medical Technologists,2021,24.93,0.2139,-2.521,-0.2107,Healthcare Practitioners and Technical,19,18,0.2644,0.6757
29-2099.05,Ophthalmic Medical Technologists,2022,23.03,0.2188,-2.9625,0.1007,Healthcare Practitioners and Technical,21,18,0.2413,0.6947
29-2099.05,Ophthalmic Medical Technologists,2023,27.18,0.1787,-1.9981,-0.0131,Healthcare Practitioners and Technical,22,15,0.226,0.7095
29-2099.05,Ophthalmic Medical Technologists,2024,31.07,0.1006,-1.0942,-0.4447,Healthcare Practitioners and Technical,24,12,0.1332,0.7892
29-2099.05,Ophthalmic Medical Technologists,2025,35.96,0.3618,0.0422,0.0191,Healthcare Practitioners and Technical,27,6,0.076,0.84
29-2099.05,Ophthalmic Medical Technologists,2026,37.65,0.4349,0.4349,0.0344,Healthcare Practitioners and Technical,28,3,0.0663,0.8509
29-2099.08,Patient Representatives,2020,25.94,1.0962,-2.2863,1.9634,Healthcare Practitioners and Technical,19,16,0.2003,0.7292
29-2099.08,Patient Representatives,2021,27.14,0.9566,-2.0074,1.4891,Healthcare Practitioners and Technical,16,18,0.2241,0.7129
29-2099.08,Patient Representatives,2022,23.86,0.587,-2.7696,0.8574,Healthcare Practitioners and Technical,18,18,0.2441,0.6862
29-2099.08,Patient Representatives,2023,29.39,0.7695,-1.4846,1.2702,Healthcare Practitioners and Technical,17,15,0.2471,0.6792
29-2099.08,Patient Representatives,2024,33.08,0.5529,-0.6271,0.4199,Healthcare Practitioners and Technical,19,12,0.1327,0.7973
29-2099.08,Patient Representatives,2025,37.49,0.7087,0.3977,0.7951,Healthcare Practitioners and Technical,22,6,0.0553,0.8562
29-2099.08,Patient Representatives,2026,38.65,0.6672,0.6672,0.5222,Healthcare Practitioners and Technical,23,3,0.0405,0.8678
29-9091.00,Athletic Trainers,2020,23.73,0.1362,-2.7998,-0.2837,Healthcare Practitioners and Technical,23,16,0.2312,0.6922
29-9091.00,Athletic Trainers,2021,25.36,0.3584,-2.421,0.1201,Healthcare Practitioners and Technical,20,18,0.3017,0.6406
29-9091.00,Athletic Trainers,2022,22.12,-0.1849,-3.1739,-0.7289,Healthcare Practitioners and Technical,22,18,0.2667,0.6646
29-9091.00,Athletic Trainers,2023,26.11,-0.1074,-2.2468,-0.6344,Healthcare Practitioners and Technical,22,15,0.2623,0.6725
29-9091.00,Athletic Trainers,2024,31.03,0.0916,-1.1035,-0.4619,Healthcare Practitioners and Technical,24,12,0.1721,0.7462
29-9091.00,Athletic Trainers,2025,33.88,-0.1098,-0.4412,-1.0359,Healthcare Practitioners and Technical,29,6,0.0937,0.8246
29-9091.00,Athletic Trainers,2026,34.73,-0.2437,-0.2437,-1.3901,Healthcare Practitioners and Technical,31,3,0.0549,0.8634
29-9092.00,Genetic Counselors,2020,25.41,0.866,-2.4094,1.4245,Healthcare Practitioners and Technical,17,16,0.1789,0.7482
29-9092.00,Genetic Counselors,2021,27.02,0.9163,-2.0353,1.3968,Healthcare Practitioners and Technical,14,18,0.2067,0.7161
29-9092.00,Genetic Counselors,2022,24.55,0.8932,-2.6093,1.4864,Healthcare Practitioners and Technical,16,18,0.2101,0.7226
29-9092.00,Genetic Counselors,2023,30.49,1.0636,-1.2289,1.909,Healthcare Practitioners and Technical,16,15,0.2041,0.7285
29-9092.00,Genetic Counselors,2024,36.21,1.2572,0.1002,1.7663,Healthcare Practitioners and Technical,18,12,0.1078,0.8201
29-9092.00,Genetic Counselors,2025,39.94,1.2642,0.967,2.0377,Healthcare Practitioners and Technical,20,6,0.0419,0.8694
29-9092.00,Genetic Counselors,2026,41.29,1.2807,1.2807,1.8101,Healthcare Practitioners and Technical,20,3,0.0419,0.8694
29-9093.00,Surgical Assistants,2020,22.31,-0.4807,-3.1298,-1.7275,Healthcare Practitioners and Technical,25,16,0.2588,0.6722
29-9093.00,Surgical Assistants,2021,22.32,-0.6632,-3.1275,-2.218,Healthcare Practitioners and Technical,22,18,0.3533,0.5826
29-9093.00,Surgical Assistants,2022,20.77,-0.7839,-3.4876,-1.9596,Healthcare Practitioners and Technical,24,18,0.299,0.6349
29-9093.00,Surgical Assistants,2023,22.78,-0.9976,-3.0206,-2.5681,Healthcare Practitioners and Technical,25,15,0.2814,0.6508
29-9093.00,Surgical Assistants,2024,26.81,-0.8579,-2.0841,-2.2771,Healthcare Practitioners and Technical,28,12,0.2002,0.7226
29-9093.00,Surgical Assistants,2025,30.83,-0.8013,-1.1499,-2.5828,Healthcare Practitioners and Technical,33,6,0.107,0.8135
29-9093.00,Surgical Assistants,2026,32.16,-0.8409,-0.8409,-2.6438,Healthcare Practitioners and Technical,34,3,0.0771,0.8332
29-9099.01,Midwives,2020,23.88,0.2013,-2.765,-0.1312,Healthcare Practitioners and Technical,22,16,0.1989,0.7223
29-9099.01,Midwives,2021,25.18,0.2979,-2.4629,-0.0184,Healthcare Practitioners and Technical,19,18,0.2725,0.6648
29-9099.01,Midwives,2022,22.49,-0.0208,-3.088,-0.3916,Healthcare Practitioners and Technical,22,18,0.248,0.6866
29-9099.01,Midwives,2023,27.18,0.1787,-1.9981,-0.0131,Healthcare Practitioners and Technical,22,15,0.2473,0.6837
29-9099.01,Midwives,2024,31.81,0.2671,-0.9222,-0.1264,Healthcare Practitioners and Technical,24,12,0.1346,0.7864
29-9099.01,Midwives,2025,34.6,0.0535,-0.2739,-0.6707,Healthcare Practitioners and Technical,27,6,0.074,0.8348
29-9099.01,Midwives,2026,36.85,0.249,0.249,-0.3559,Healthcare Practitioners and Technical,29,3,0.0584,0.8579
31-1121.00,Home Health Aides,2020,22.23,-0.5155,-3.1484,-0.331,Healthcare Support,25,16,0.2472,0.6885
31-1121.00,Home Health Aides,2021,22.68,-0.5422,-3.0438,-0.3316,Healthcare Support,21,18,0.3141,0.6228
31-1121.00,Home Health Aides,2022,20.63,-0.846,-3.5202,-0.1586,Healthcare Support,24,18,0.282,0.655
31-1121.00,Home Health Aides,2023,23.71,-0.749,-2.8045,-0.3406,Healthcare Support,24,15,0.2712,0.6651
31-1121.00,Home Health Aides,2024,28.61,-0.4529,-1.6658,0.0387,Healthcare Support,26,12,0.1941,0.7319
31-1121.00,Home Health Aides,2025,30.7,-0.8307,-1.1801,-0.7803,Healthcare Support,31,6,0.0947,0.8172
31-1121.00,Home Health Aides,2026,31.68,-0.9524,-0.9524,-0.8351,Healthcare Support,33,3,0.0516,0.86
31-1122.00,Personal Care Aides,2020,23.33,-0.0376,-2.8928,0.3042,Healthcare Support,25,16,0.2396,0.6923
31-1122.00,Personal Care Aides,2021,24.32,0.0089,-2.6627,0.4871,Healthcare Support,21,18,0.2746,0.6566
31-1122.00,Personal Care Aides,2022,21.65,-0.3935,-3.2832,0.4524,Healthcare Support,24,18,0.2667,0.6681
31-1122.00,Personal Care Aides,2023,24.86,-0.4415,-2.5372,0.178,Healthcare Support,24,15,0.276,0.656
31-1122.00,Personal Care Aides,2024,29.46,-0.2616,-1.4683,0.4395,Healthcare Support,26,12,0.1728,0.7477
31-1122.00,Personal Care Aides,2025,32.09,-0.5156,-0.8571,-0.1864,Healthcare Support,31,6,0.0765,0.8356
31-1122.00,Personal Care Aides,2026,32.39,-0.7874,-0.7874,-0.5423,Healthcare Support,33,3,0.0336,0.8768
31-1131.00,Nursing Assistants,2020,21.01,-1.0455,-3.4319,-1.0355,Healthcare Support,25,16,0.2401,0.6921
31-1131.00,Nursing Assistants,2021,21.76,-0.8514,-3.2576,-0.7909,Healthcare Support,21,18,0.2883,0.6419
31-1131.00,Nursing Assistants,2022,18.84,-1.6402,-3.9361,-1.2307,Healthcare Support,24,18,0.2676,0.6646
31-1131.00,Nursing Assistants,2023,23.29,-0.8613,-2.9021,-0.53,Healthcare Support,24,15,0.2781,0.6553
31-1131.00,Nursing Assistants,2024,27.04,-0.8062,-2.0306,-0.7015,Healthcare Support,26,12,0.1826,0.7373
31-1131.00,Nursing Assistants,2025,31.7,-0.604,-0.9478,-0.353,Healthcare Support,32,6,0.0919,0.8255
31-1131.00,Nursing Assistants,2026,32.53,-0.7549,-0.7549,-0.4845,Healthcare Support,33,3,0.0414,0.8646
31-1132.00,Orderlies,2020,20.57,-1.2366,-3.5341,-1.2895,Healthcare Support,25,16,0.2885,0.6467
31-1132.00,Orderlies,2021,20.08,-1.4159,-3.648,-1.6295,Healthcare Support,22,18,0.3251,0.6153
31-1132.00,Orderlies,2022,18.67,-1.7156,-3.9756,-1.3325,Healthcare Support,24,18,0.3024,0.6349
31-1132.00,Orderlies,2023,21.1,-1.4467,-3.411,-1.5176,Healthcare Support,24,15,0.3113,0.6234
31-1132.00,Orderlies,2024,24.74,-1.3237,-2.5651,-1.786,Healthcare Support,27,12,0.2228,0.7012
31-1132.00,Orderlies,2025,29.24,-1.1618,-1.5194,-1.4041,Healthcare Support,32,6,0.1183,0.7989
31-1132.00,Orderlies,2026,31.13,-1.0802,-1.0802,-1.062,Healthcare Support,33,3,0.0418,0.864
31-1133.00,Psychiatric Aides,2020,22.57,-0.3678,-3.0694,-0.1346,Healthcare Support,25,16,0.2495,0.6761
31-1133.00,Psychiatric Aides,2021,22.99,-0.438,-2.9718,-0.1768,Healthcare Support,22,18,0.3073,0.6311
31-1133.00,Psychiatric Aides,2022,20.71,-0.8105,-3.5016,-0.1107,Healthcare Support,24,18,0.2923,0.6401
31-1133.00,Psychiatric Aides,2023,23.76,-0.7356,-2.7928,-0.318,Healthcare Support,25,15,0.2881,0.6509
31-1133.00,Psychiatric Aides,2024,28.39,-0.5024,-1.7169,-0.065,Healthcare Support,27,12,0.189,0.7339
31-1133.00,Psychiatric Aides,2025,30.91,-0.7831,-1.1313,-0.6906,Healthcare Support,32,6,0.0904,0.8188
31-1133.00,Psychiatric Aides,2026,32.17,-0.8386,-0.8386,-0.633,Healthcare Support,34,3,0.0483,0.8592
31-2011.00,Occupational Therapy Assistants,2020,22.81,-0.2635,-3.0136,0.004,Healthcare Support,23,16,0.2487,0.6764
31-2011.00,Occupational Therapy Assistants,2021,23.42,-0.2935,-2.8719,0.0378,Healthcare Support,21,18,0.3029,0.6383
31-2011.00,Occupational Therapy Assistants,2022,20.26,-1.0102,-3.6062,-0.3802,Healthcare Support,22,18,0.2786,0.65
31-2011.00,Occupational Therapy Assistants,2023,23.53,-0.7971,-2.8463,-0.4218,Healthcare Support,23,15,0.2734,0.6634
31-2011.00,Occupational Therapy Assistants,2024,28.49,-0.4799,-1.6937,-0.0179,Healthcare Support,26,12,0.1616,0.7639
31-2011.00,Occupational Therapy Assistants,2025,32.98,-0.3138,-0.6503,0.1938,Healthcare Support,29,6,0.0909,0.8227
31-2011.00,Occupational Therapy Assistants,2026,33.41,-0.5504,-0.5504,-0.1216,Healthcare Support,31,3,0.0506,0.8629
31-2012.00,Occupational Therapy Aides,2020,22.04,-0.598,-3.1925,-0.4407,Healthcare Support,23,16,0.2566,0.671
31-2012.00,Occupational Therapy Aides,2021,22.27,-0.68,-3.1391,-0.5363,Healthcare Support,20,18,0.3099,0.6232
31-2012.00,Occupational Therapy Aides,2022,20.06,-1.0989,-3.6526,-0.5,Healthcare Support,22,18,0.2812,0.6488
31-2012.00,Occupational Therapy Aides,2023,22.99,-0.9415,-2.9718,-0.6653,Healthcare Support,23,15,0.2846,0.6541
31-2012.00,Occupational Therapy Aides,2024,28.15,-0.5564,-1.7727,-0.1782,Healthcare Support,25,12,0.1835,0.7372
31-2012.00,Occupational Therapy Aides,2025,32.1,-0.5133,-0.8548,-0.1821,Healthcare Support,29,6,0.0999,0.8104
31-2012.00,Occupational Therapy Aides,2026,32.45,-0.7735,-0.7735,-0.5175,Healthcare Support,31,3,0.0503,0.8595
31-2021.00,Physical Therapist Assistants,2020,23.32,-0.042,-2.8951,0.2984,Healthcare Support,23,16,0.2445,0.6883
31-2021.00,Physical Therapist Assistants,2021,23.78,-0.1725,-2.7882,0.2176,Healthcare Support,20,18,0.3093,0.6292
31-2021.00,Physical Therapist Assistants,2022,21.31,-0.5443,-3.3622,0.2487,Healthcare Support,22,18,0.2799,0.6563
31-2021.00,Physical Therapist Assistants,2023,24.28,-0.5966,-2.672,-0.0835,Healthcare Support,22,15,0.2711,0.6593
31-2021.00,Physical Therapist Assistants,2024,27.8,-0.6352,-1.854,-0.3432,Healthcare Support,25,12,0.162,0.7615
31-2021.00,Physical Therapist Assistants,2025,32.06,-0.5224,-0.8641,-0.1992,Healthcare Support,29,6,0.0903,0.8271
31-2021.00,Physical Therapist Assistants,2026,33.3,-0.576,-0.576,-0.1669,Healthcare Support,30,3,0.0504,0.856
31-2022.00,Physical Therapist Aides,2020,21.77,-0.7153,-3.2553,-0.5966,Healthcare Support,24,16,0.2271,0.7081
31-2022.00,Physical Therapist Aides,2021,22.46,-0.6161,-3.0949,-0.4414,Healthcare Support,20,18,0.3117,0.6215
31-2022.00,Physical Therapist Aides,2022,19.5,-1.3473,-3.7828,-0.8354,Healthcare Support,23,18,0.2603,0.6756
31-2022.00,Physical Therapist Aides,2023,23.37,-0.8399,-2.8835,-0.4939,Healthcare Support,23,15,0.2915,0.6445
31-2022.00,Physical Therapist Aides,2024,27.53,-0.6959,-1.9168,-0.4705,Healthcare Support,26,12,0.1699,0.7552
31-2022.00,Physical Therapist Aides,2025,30.93,-0.7786,-1.1267,-0.682,Healthcare Support,30,6,0.1067,0.8119
31-2022.00,Physical Therapist Aides,2026,31.81,-0.9222,-0.9222,-0.7815,Healthcare Support,31,3,0.0556,0.8504
31-9011.00,Massage Therapists,2020,19.84,-1.5538,-3.7038,-1.7111,Healthcare Support,20,16,0.2595,0.6691
31-9011.00,Massage Therapists,2021,19.65,-1.5605,-3.7479,-1.8442,Healthcare Support,18,18,0.3326,0.6103
31-9011.00,Massage Therapists,2022,17.72,-2.1371,-4.1964,-1.9015,Healthcare Support,19,18,0.3009,0.6361
31-9011.00,Massage Therapists,2023,20.2,-1.6873,-3.6201,-1.9235,Healthcare Support,19,15,0.2838,0.6469
31-9011.00,Massage Therapists,2024,25.1,-1.2427,-2.4815,-1.6162,Healthcare Support,23,12,0.1616,0.7583
31-9011.00,Massage Therapists,2025,28.71,-1.2819,-1.6426,-1.6305,Healthcare Support,25,6,0.0982,0.8151
31-9011.00,Massage Therapists,2026,29.55,-1.4474,-1.4474,-1.7137,Healthcare Support,26,3,0.062,0.8456
31-9091.00,Dental Assistants,2020,23.32,-0.042,-2.8951,0.2984,Healthcare Support,24,16,0.2423,0.693
31-9091.00,Dental Assistants,2021,23.57,-0.2431,-2.837,0.1127,Healthcare Support,21,18,0.3037,0.6368
31-9091.00,Dental Assistants,2022,21.8,-0.3269,-3.2483,0.5422,Healthcare Support,23,18,0.285,0.6526
31-9091.00,Dental Assistants,2023,24.69,-0.487,-2.5767,0.1013,Healthcare Support,23,15,0.2601,0.6699
31-9091.00,Dental Assistants,2024,27.7,-0.6577,-1.8773,-0.3904,Healthcare Support,26,12,0.1631,0.763
31-9091.00,Dental Assistants,2025,32.89,-0.3342,-0.6712,0.1554,Healthcare Support,29,6,0.0741,0.8381
31-9091.00,Dental Assistants,2026,35.1,-0.1577,-0.1577,0.5755,Healthcare Support,31,3,0.0549,0.8591
31-9092.00,Medical Assistants,2020,23.74,0.1405,-2.7975,0.541,Healthcare Support,22,16,0.2112,0.715
31-9092.00,Medical Assistants,2021,25.33,0.3483,-2.428,0.9913,Healthcare Support,19,18,0.2671,0.6696
31-9092.00,Medical Assistants,2022,22.55,0.0058,-3.074,0.9914,Healthcare Support,21,18,0.2404,0.6891
31-9092.00,Medical Assistants,2023,27.83,0.3525,-1.8471,1.5174,Healthcare Support,22,15,0.2428,0.6903
31-9092.00,Medical Assistants,2024,31.77,0.2581,-0.9315,1.5286,Healthcare Support,24,12,0.1604,0.7644
31-9092.00,Medical Assistants,2025,35.2,0.1895,-0.1345,1.1423,Healthcare Support,27,6,0.0787,0.8316
31-9092.00,Medical Assistants,2026,37.04,0.2931,0.2931,1.3757,Healthcare Support,29,3,0.0616,0.8559
31-9093.00,Medical Equipment Preparers,2020,22.04,-0.598,-3.1925,-0.4407,Healthcare Support,25,16,0.2286,0.695
31-9093.00,Medical Equipment Preparers,2021,22.04,-0.7573,-3.1925,-0.6511,Healthcare Support,24,18,0.3288,0.6145
31-9093.00,Medical Equipment Preparers,2022,20.79,-0.775,-3.483,-0.0627,Healthcare Support,24,18,0.2658,0.6638
31-9093.00,Medical Equipment Preparers,2023,23.59,-0.7811,-2.8323,-0.3947,Healthcare Support,26,15,0.2643,0.6691
31-9093.00,Medical Equipment Preparers,2024,26.96,-0.8242,-2.0492,-0.7393,Healthcare Support,28,12,0.1831,0.7408
31-9093.00,Medical Equipment Preparers,2025,30.84,-0.799,-1.1476,-0.7205,Healthcare Support,32,6,0.1089,0.8066
31-9093.00,Medical Equipment Preparers,2026,32.4,-0.7851,-0.7851,-0.5382,Healthcare Support,34,3,0.0686,0.8444
31-9094.00,Medical Transcriptionists,2020,26.89,1.509,-2.0655,2.3599,Healthcare Support,17,16,0.1378,0.7806
31-9094.00,Medical Transcriptionists,2021,27.09,0.9398,-2.019,1.8699,Healthcare Support,15,18,0.2005,0.7295
31-9094.00,Medical Transcriptionists,2022,23.03,0.2188,-2.9625,1.2789,Healthcare Support,16,18,0.1803,0.7414
31-9094.00,Medical Transcriptionists,2023,27.92,0.3765,-1.8262,1.558,Healthcare Support,17,15,0.219,0.7098
31-9094.00,Medical Transcriptionists,2024,31.52,0.2019,-0.9896,1.4108,Healthcare Support,19,12,0.0822,0.8402
31-9094.00,Medical Transcriptionists,2025,38.57,0.9536,0.6487,2.5821,Healthcare Support,20,6,0.0795,0.8379
31-9094.00,Medical Transcriptionists,2026,39.76,0.9252,0.9252,2.4976,Healthcare Support,20,3,0.0794,0.8379
31-9095.00,Pharmacy Aides,2020,23.47,0.0232,-2.8602,0.3851,Healthcare Support,22,16,0.175,0.7508
31-9095.00,Pharmacy Aides,2021,24.54,0.0829,-2.6116,0.597,Healthcare Support,18,18,0.2596,0.6717
31-9095.00,Pharmacy Aides,2022,22.44,-0.043,-3.0996,0.9256,Healthcare Support,21,18,0.2067,0.7239
31-9095.00,Pharmacy Aides,2023,27.72,0.3231,-1.8726,1.4678,Healthcare Support,21,15,0.2479,0.6883
31-9095.00,Pharmacy Aides,2024,30.33,-0.0659,-1.2661,0.8497,Healthcare Support,23,12,0.1493,0.7731
31-9095.00,Pharmacy Aides,2025,34.35,-0.0032,-0.332,0.7792,Healthcare Support,26,6,0.0771,0.8369
31-9095.00,Pharmacy Aides,2026,35.78,0.0003,0.0003,0.856,Healthcare Support,27,3,0.0573,0.8507
31-9096.00,Veterinary Assistants and Laboratory Animal Caretakers,2020,21.82,-0.6936,-3.2437,-0.5677,Healthcare Support,24,16,0.235,0.6948
31-9096.00,Veterinary Assistants and Laboratory Animal Caretakers,2021,22.27,-0.68,-3.1391,-0.5363,Healthcare Support,21,18,0.3174,0.6181
31-9096.00,Veterinary Assistants and Laboratory Animal Caretakers,2022,21.05,-0.6597,-3.4226,0.093,Healthcare Support,23,18,0.252,0.6751
31-9096.00,Veterinary Assistants and Laboratory Animal Caretakers,2023,25.23,-0.3426,-2.4512,0.3449,Healthcare Support,24,15,0.2623,0.6719
31-9096.00,Veterinary Assistants and Laboratory Animal Caretakers,2024,28.97,-0.3719,-1.5822,0.2085,Healthcare Support,27,12,0.1743,0.7522
31-9096.00,Veterinary Assistants and Laboratory Animal Caretakers,2025,32.38,-0.4498,-0.7898,-0.0625,Healthcare Support,31,6,0.1068,0.8081
31-9096.00,Veterinary Assistants and Laboratory Animal Caretakers,2026,33.45,-0.5411,-0.5411,-0.1051,Healthcare Support,33,3,0.0692,0.8457
31-9097.00,Phlebotomists,2020,22.6,-0.3547,-3.0624,-0.1173,Healthcare Support,23,16,0.1815,0.7483
31-9097.00,Phlebotomists,2021,24.0,-0.0986,-2.7371,0.3274,Healthcare Support,20,18,0.2828,0.6557
31-9097.00,Phlebotomists,2022,20.66,-0.8327,-3.5132,-0.1406,Healthcare Support,22,18,0.224,0.7089
31-9097.00,Phlebotomists,2023,24.11,-0.642,-2.7115,-0.1602,Healthcare Support,22,15,0.2336,0.6939
31-9097.00,Phlebotomists,2024,28.53,-0.4709,-1.6844,0.001,Healthcare Support,24,12,0.1496,0.7662
31-9097.00,Phlebotomists,2025,33.38,-0.2231,-0.5574,0.3647,Healthcare Support,29,6,0.0919,0.8259
31-9097.00,Phlebotomists,2026,35.14,-0.1484,-0.1484,0.592,Healthcare Support,30,3,0.0718,0.8375
31-9099.01,Speech-Language Pathology Assistants,2020,26.99,1.5524,-2.0423,2.4177,Healthcare Support,19,16,0.2055,0.732
31-9099.01,Speech-Language Pathology Assistants,2021,28.14,1.2926,-1.775,2.3941,Healthcare Support,16,18,0.2386,0.7055
31-9099.01,Speech-Language Pathology Assistants,2022,25.21,1.186,-2.4559,2.5847,Healthcare Support,17,18,0.2231,0.7022
31-9099.01,Speech-Language Pathology Assistants,2023,29.04,0.6759,-1.5659,2.063,Healthcare Support,18,15,0.202,0.7259
31-9099.01,Speech-Language Pathology Assistants,2024,33.71,0.6947,-0.4807,2.4433,Healthcare Support,19,12,0.1345,0.7849
31-9099.01,Speech-Language Pathology Assistants,2025,36.76,0.5432,0.2281,1.8088,Healthcare Support,22,6,0.04,0.8698
31-9099.01,Speech-Language Pathology Assistants,2026,37.57,0.4163,0.4163,1.5943,Healthcare Support,22,3,0.04,0.8698
31-9099.02,Endoscopy Technicians,2020,22.9,-0.2244,-2.9927,0.0559,Healthcare Support,24,16,0.2285,0.6999
31-9099.02,Endoscopy Technicians,2021,23.15,-0.3843,-2.9346,-0.097,Healthcare Support,22,18,0.3002,0.6381
31-9099.02,Endoscopy Technicians,2022,20.12,-1.0723,-3.6387,-0.464,Healthcare Support,23,18,0.2712,0.6595
31-9099.02,Endoscopy Technicians,2023,23.62,-0.773,-2.8254,-0.3812,Healthcare Support,24,15,0.2578,0.6712
31-9099.02,Endoscopy Technicians,2024,27.23,-0.7634,-1.9865,-0.612,Healthcare Support,27,12,0.1512,0.7748
31-9099.02,Endoscopy Technicians,2025,32.21,-0.4884,-0.8293,-0.1351,Healthcare Support,30,6,0.0957,0.8193
31-9099.02,Endoscopy Technicians,2026,33.73,-0.476,-0.476,0.0104,Healthcare Support,32,3,0.0667,0.8494
33-1011.00,First-Line Supervisors of Correctional Officers,2020,22.25,-0.5068,-3.1437,-0.5525,Protective Service,26,16,0.2549,0.6745
33-1011.00,First-Line Supervisors of Correctional Officers,2021,23.35,-0.3171,-2.8881,-0.361,Protective Service,23,18,0.2876,0.6441
33-1011.00,First-Line Supervisors of Correctional Officers,2022,20.29,-0.9968,-3.5992,-0.9547,Protective Service,25,18,0.2941,0.641
33-1011.00,First-Line Supervisors of Correctional Officers,2023,25.05,-0.3907,-2.4931,-0.0982,Protective Service,26,15,0.2938,0.6397
33-1011.00,First-Line Supervisors of Correctional Officers,2024,28.75,-0.4214,-1.6333,-0.3811,Protective Service,28,12,0.1828,0.7408
33-1011.00,First-Line Supervisors of Correctional Officers,2025,31.62,-0.6222,-0.9664,-0.342,Protective Service,33,6,0.086,0.8252
33-1011.00,First-Line Supervisors of Correctional Officers,2026,33.19,-0.6015,-0.6015,-0.37,Protective Service,35,3,0.0361,0.8725
33-1012.00,First-Line Supervisors of Police and Detectives,2020,22.49,-0.4025,-3.088,-0.3696,Protective Service,27,16,0.2367,0.7003
33-1012.00,First-Line Supervisors of Police and Detectives,2021,23.66,-0.2129,-2.8161,-0.1633,Protective Service,24,18,0.2757,0.6567
33-1012.00,First-Line Supervisors of Police and Detectives,2022,21.57,-0.429,-3.3017,-0.0755,Protective Service,25,18,0.2761,0.6534
33-1012.00,First-Line Supervisors of Police and Detectives,2023,25.47,-0.2785,-2.3955,0.1105,Protective Service,27,15,0.2432,0.6852
33-1012.00,First-Line Supervisors of Police and Detectives,2024,29.95,-0.1514,-1.3544,0.1111,Protective Service,29,12,0.1555,0.7672
33-1012.00,First-Line Supervisors of Police and Detectives,2025,33.56,-0.1823,-0.5156,0.4062,Protective Service,34,6,0.0762,0.8374
33-1012.00,First-Line Supervisors of Police and Detectives,2026,35.39,-0.0903,-0.0903,0.4768,Protective Service,36,3,0.0461,0.8656
33-1021.00,First-Line Supervisors of Firefighting and Prevention Workers,2020,21.49,-0.837,-3.3203,-1.1319,Protective Service,28,16,0.2701,0.6633
33-1021.00,First-Line Supervisors of Firefighting and Prevention Workers,2021,21.77,-0.848,-3.2553,-1.3687,Protective Service,26,18,0.3173,0.6194
33-1021.00,First-Line Supervisors of Firefighting and Prevention Workers,2022,19.73,-1.2453,-3.7293,-1.3393,Protective Service,27,18,0.3124,0.6283
33-1021.00,First-Line Supervisors of Firefighting and Prevention Workers,2023,23.62,-0.773,-2.8254,-0.8087,Protective Service,29,15,0.2783,0.6584
33-1021.00,First-Line Supervisors of Firefighting and Prevention Workers,2024,26.58,-0.9097,-2.1375,-1.271,Protective Service,31,12,0.1875,0.7404
33-1021.00,First-Line Supervisors of Firefighting and Prevention Workers,2025,30.46,-0.8852,-1.2359,-0.7894,Protective Service,36,6,0.0867,0.8279
33-1021.00,First-Line Supervisors of Firefighting and Prevention Workers,2026,32.2,-0.8316,-0.8316,-0.751,Protective Service,38,3,0.047,0.8609
33-1091.00,First-Line Supervisors of Security Workers,2020,23.41,-0.0029,-2.8742,0.3318,Protective Service,26,16,0.2031,0.7189
33-1091.00,First-Line Supervisors of Security Workers,2021,24.48,0.0627,-2.6255,0.3597,Protective Service,24,18,0.245,0.6842
33-1091.00,First-Line Supervisors of Security Workers,2022,22.48,-0.0252,-3.0903,0.5495,Protective Service,25,18,0.2698,0.6611
33-1091.00,First-Line Supervisors of Security Workers,2023,26.06,-0.1207,-2.2584,0.4037,Protective Service,27,15,0.2334,0.6939
33-1091.00,First-Line Supervisors of Security Workers,2024,30.22,-0.0906,-1.2917,0.2218,Protective Service,29,12,0.1302,0.7885
33-1091.00,First-Line Supervisors of Security Workers,2025,33.15,-0.2753,-0.6108,0.2481,Protective Service,33,6,0.0826,0.8348
33-1091.00,First-Line Supervisors of Security Workers,2026,34.38,-0.325,-0.325,0.0881,Protective Service,35,3,0.0537,0.8587
33-2011.00,Firefighters,2020,20.02,-1.4756,-3.6619,-2.2525,Protective Service,30,16,0.2808,0.6579
33-2011.00,Firefighters,2021,20.82,-1.1673,-3.476,-1.9746,Protective Service,28,18,0.3135,0.6288
33-2011.00,Firefighters,2022,19.27,-1.4494,-3.8362,-1.6552,Protective Service,28,18,0.3174,0.6211
33-2011.00,Firefighters,2023,21.27,-1.4013,-3.3715,-1.9765,Protective Service,30,15,0.284,0.6476
33-2011.00,Firefighters,2024,24.66,-1.3417,-2.5837,-2.0583,Protective Service,33,12,0.2016,0.7307
33-2011.00,Firefighters,2025,28.31,-1.3726,-1.7355,-1.6186,Protective Service,38,6,0.1068,0.8107
33-2011.00,Firefighters,2026,30.29,-1.2754,-1.2754,-1.4862,Protective Service,40,3,0.0497,0.8587
33-2021.00,Fire Inspectors and Investigators,2020,23.97,0.2404,-2.744,0.7587,Protective Service,26,16,0.2138,0.7174
33-2021.00,Fire Inspectors and Investigators,2021,25.89,0.5365,-2.2979,1.259,Protective Service,23,18,0.2599,0.6667
33-2021.00,Fire Inspectors and Investigators,2022,23.56,0.4539,-2.8393,1.2912,Protective Service,25,18,0.2621,0.6747
33-2021.00,Fire Inspectors and Investigators,2023,27.36,0.2268,-1.9563,1.0496,Protective Service,27,15,0.2404,0.6912
33-2021.00,Fire Inspectors and Investigators,2024,32.36,0.3909,-0.7944,1.0994,Protective Service,29,12,0.1376,0.7851
33-2021.00,Fire Inspectors and Investigators,2025,35.52,0.2621,-0.0601,1.1621,Protective Service,33,6,0.0772,0.8358
33-2021.00,Fire Inspectors and Investigators,2026,36.32,0.1258,0.1258,0.8348,Protective Service,35,3,0.0556,0.8562
33-2022.00,Forest Fire Inspectors and Prevention Specialists,2020,23.16,-0.1115,-2.9323,0.1412,Protective Service,26,16,0.2329,0.6951
33-2022.00,Forest Fire Inspectors and Prevention Specialists,2021,24.58,0.0963,-2.6023,0.4235,Protective Service,24,18,0.2726,0.6649
33-2022.00,Forest Fire Inspectors and Prevention Specialists,2022,22.67,0.0591,-3.0461,0.6799,Protective Service,25,18,0.2791,0.6545
33-2022.00,Forest Fire Inspectors and Prevention Specialists,2023,26.19,-0.086,-2.2282,0.4683,Protective Service,26,15,0.2379,0.6871
33-2022.00,Forest Fire Inspectors and Prevention Specialists,2024,29.82,-0.1806,-1.3846,0.0577,Protective Service,28,12,0.1423,0.7771
33-2022.00,Forest Fire Inspectors and Prevention Specialists,2025,33.64,-0.1642,-0.497,0.437,Protective Service,33,6,0.0803,0.8346
33-2022.00,Forest Fire Inspectors and Prevention Specialists,2026,35.09,-0.16,-0.16,0.3613,Protective Service,35,3,0.0575,0.8567
33-3011.00,Bailiffs,2020,22.74,-0.2939,-3.0299,-0.179,Protective Service,23,16,0.2297,0.6942
33-3011.00,Bailiffs,2021,22.93,-0.4582,-2.9857,-0.6289,Protective Service,21,18,0.2703,0.6657
33-3011.00,Bailiffs,2022,20.14,-1.0634,-3.634,-1.0577,Protective Service,22,18,0.298,0.6394
33-3011.00,Bailiffs,2023,24.5,-0.5378,-2.6209,-0.3715,Protective Service,22,15,0.3022,0.6351
33-3011.00,Bailiffs,2024,28.97,-0.3719,-1.5822,-0.2908,Protective Service,25,12,0.1664,0.7613
33-3011.00,Bailiffs,2025,31.27,-0.7015,-1.0477,-0.477,Protective Service,29,6,0.0785,0.8318
33-3011.00,Bailiffs,2026,33.44,-0.5434,-0.5434,-0.2737,Protective Service,31,3,0.0262,0.8819
33-3012.00,Correctional Officers and Jailers,2020,21.5,-0.8326,-3.318,-1.1243,Protective Service,28,16,0.2646,0.6722
33-3012.00,Correctional Officers and Jailers,2021,21.33,-0.9959,-3.3575,-1.6493,Protective Service,25,18,0.3155,0.6214
33-3012.00,Correctional Officers and Jailers,2022,19.87,-1.1832,-3.6968,-1.2431,Protective Service,26,18,0.3085,0.6266
33-3012.00,Correctional Officers and Jailers,2023,22.97,-0.9468,-2.9764,-1.1317,Protective Service,27,15,0.29,0.6415
33-3012.00,Correctional Officers and Jailers,2024,26.49,-0.9299,-2.1585,-1.3079,Protective Service,30,12,0.2023,0.727
33-3012.00,Correctional Officers and Jailers,2025,29.22,-1.1663,-1.5241,-1.2676,Protective Service,35,6,0.0951,0.8178
33-3012.00,Correctional Officers and Jailers,2026,32.19,-0.8339,-0.8339,-0.7549,Protective Service,37,3,0.048,0.859
33-3021.00,Detectives and Criminal Investigators,2020,23.24,-0.0767,-2.9137,0.2022,Protective Service,27,16,0.2272,0.7015
33-3021.00,Detectives and Criminal Investigators,2021,24.64,0.1165,-2.5884,0.4618,Protective Service,25,18,0.2524,0.6775
33-3021.00,Detectives and Criminal Investigators,2022,22.17,-0.1628,-3.1623,0.3365,Protective Service,25,18,0.2763,0.6521
33-3021.00,Detectives and Criminal Investigators,2023,26.18,-0.0886,-2.2305,0.4633,Protective Service,28,15,0.2461,0.6855
33-3021.00,Detectives and Criminal Investigators,2024,31.05,0.0961,-1.0988,0.5622,Protective Service,30,12,0.1479,0.7729
33-3021.00,Detectives and Criminal Investigators,2025,33.04,-0.3002,-0.6364,0.2056,Protective Service,35,6,0.0754,0.84
33-3021.00,Detectives and Criminal Investigators,2026,35.34,-0.1019,-0.1019,0.4576,Protective Service,37,3,0.0465,0.862
33-3021.02,Police Identification and Records Officers,2020,23.98,0.2448,-2.7417,0.7663,Protective Service,24,16,0.2061,0.7185
33-3021.02,Police Identification and Records Officers,2021,25.31,0.3416,-2.4327,0.8891,Protective Service,22,18,0.2579,0.6733
33-3021.02,Police Identification and Records Officers,2022,23.43,0.3963,-2.8695,1.2019,Protective Service,23,18,0.249,0.6801
33-3021.02,Police Identification and Records Officers,2023,27.18,0.1787,-1.9981,0.9602,Protective Service,25,15,0.2241,0.706
33-3021.02,Police Identification and Records Officers,2024,32.12,0.3369,-0.8502,1.0009,Protective Service,27,12,0.1358,0.7859
33-3021.02,Police Identification and Records Officers,2025,35.54,0.2666,-0.0554,1.1698,Protective Service,30,6,0.0842,0.8278
33-3021.02,Police Identification and Records Officers,2026,37.57,0.4163,0.4163,1.3159,Protective Service,32,3,0.0646,0.8459
33-3021.06,Intelligence Analysts,2020,25.53,0.9181,-2.3815,1.9479,Protective Service,17,16,0.1668,0.7645
33-3021.06,Intelligence Analysts,2021,26.79,0.839,-2.0887,1.833,Protective Service,15,18,0.1936,0.7474
33-3021.06,Intelligence Analysts,2022,24.35,0.8044,-2.6557,1.8338,Protective Service,16,18,0.2047,0.7297
33-3021.06,Intelligence Analysts,2023,29.31,0.7481,-1.5032,2.0186,Protective Service,16,15,0.1925,0.7392
33-3021.06,Intelligence Analysts,2024,34.38,0.8454,-0.325,1.9278,Protective Service,18,12,0.0892,0.8286
33-3021.06,Intelligence Analysts,2025,38.67,0.9763,0.6719,2.377,Protective Service,20,6,0.0511,0.8605
33-3021.06,Intelligence Analysts,2026,40.45,1.0855,1.0855,2.4244,Protective Service,20,3,0.0511,0.8605
33-3031.00,Fish and Game Wardens,2020,23.13,-0.1245,-2.9392,0.1183,Protective Service,27,16,0.2579,0.6701
33-3031.00,Fish and Game Wardens,2021,23.91,-0.1289,-2.758,-0.0038,Protective Service,25,18,0.2603,0.6678
33-3031.00,Fish and Game Wardens,2022,22.5,-0.0164,-3.0856,0.5632,Protective Service,26,18,0.2999,0.6366
33-3031.00,Fish and Game Wardens,2023,24.49,-0.5404,-2.6232,-0.3764,Protective Service,28,15,0.2433,0.6847
33-3031.00,Fish and Game Wardens,2024,29.35,-0.2864,-1.4939,-0.135,Protective Service,30,12,0.1733,0.7536
33-3031.00,Fish and Game Wardens,2025,31.8,-0.5813,-0.9245,-0.2726,Protective Service,35,6,0.0811,0.8319
33-3031.00,Fish and Game Wardens,2026,33.71,-0.4807,-0.4807,-0.1698,Protective Service,38,3,0.0421,0.8723
33-3041.00,Parking Enforcement Workers,2020,22.49,-0.4025,-3.088,-0.3696,Protective Service,28,16,0.2506,0.679
33-3041.00,Parking Enforcement Workers,2021,22.99,-0.438,-2.9718,-0.5906,Protective Service,26,18,0.2688,0.6648
33-3041.00,Parking Enforcement Workers,2022,21.06,-0.6552,-3.4203,-0.4258,Protective Service,26,18,0.2977,0.633
33-3041.00,Parking Enforcement Workers,2023,23.5,-0.8051,-2.8533,-0.8684,Protective Service,28,15,0.255,0.6709
33-3041.00,Parking Enforcement Workers,2024,26.76,-0.8692,-2.0957,-1.1971,Protective Service,30,12,0.172,0.7513
33-3041.00,Parking Enforcement Workers,2025,31.12,-0.7355,-1.0826,-0.5349,Protective Service,35,6,0.0798,0.832
33-3041.00,Parking Enforcement Workers,2026,32.06,-0.8641,-0.8641,-0.8049,Protective Service,38,3,0.0378,0.8753
33-3051.00,Police and Sheriff's Patrol Officers,2020,21.52,-0.8239,-3.3134,-1.109,Protective Service,29,16,0.2617,0.6728
33-3051.00,Police and Sheriff's Patrol Officers,2021,22.97,-0.4448,-2.9764,-0.6033,Protective Service,27,18,0.2753,0.6575
33-3051.00,Police and Sheriff's Patrol Officers,2022,20.35,-0.9702,-3.5852,-0.9135,Protective Service,27,18,0.3051,0.6335
33-3051.00,Police and Sheriff's Patrol Officers,2023,24.12,-0.6394,-2.7092,-0.5603,Protective Service,30,15,0.2707,0.668
33-3051.00,Police and Sheriff's Patrol Officers,2024,28.41,-0.4979,-1.7123,-0.5205,Protective Service,32,12,0.1792,0.7455
33-3051.00,Police and Sheriff's Patrol Officers,2025,30.02,-0.9849,-1.3382,-0.9591,Protective Service,37,6,0.0926,0.8183
33-3051.00,Police and Sheriff's Patrol Officers,2026,32.26,-0.8176,-0.8176,-0.7279,Protective Service,40,3,0.0467,0.8665
33-3051.04,Customs and Border Protection Officers,2020,25.19,0.7704,-2.4605,1.6887,Protective Service,25,16,0.2127,0.7128
33-3051.04,Customs and Border Protection Officers,2021,25.24,0.3181,-2.4489,0.8444,Protective Service,23,18,0.2618,0.6724
33-3051.04,Customs and Border Protection Officers,2022,22.99,0.201,-2.9718,0.8997,Protective Service,24,18,0.2616,0.6719
33-3051.04,Customs and Border Protection Officers,2023,26.65,0.037,-2.1213,0.6968,Protective Service,26,15,0.2448,0.6896
33-3051.04,Customs and Border Protection Officers,2024,31.49,0.1951,-0.9966,0.7426,Protective Service,27,12,0.1502,0.7663
33-3051.04,Customs and Border Protection Officers,2025,33.9,-0.1052,-0.4365,0.5373,Protective Service,32,6,0.0799,0.8297
33-3051.04,Customs and Border Protection Officers,2026,36.05,0.0631,0.0631,0.7309,Protective Service,34,3,0.053,0.856
33-3052.00,Transit and Railroad Police,2020,21.24,-0.9456,-3.3784,-1.3225,Protective Service,29,16,0.2604,0.6715
33-3052.00,Transit and Railroad Police,2021,22.0,-0.7707,-3.2018,-1.222,Protective Service,27,18,0.2854,0.6486
33-3052.00,Transit and Railroad Police,2022,20.4,-0.948,-3.5736,-0.8791,Protective Service,27,18,0.3064,0.6297
33-3052.00,Transit and Railroad Police,2023,22.62,-1.0404,-3.0578,-1.3056,Protective Service,30,15,0.2613,0.678
33-3052.00,Transit and Railroad Police,2024,27.03,-0.8084,-2.033,-1.0864,Protective Service,32,12,0.1801,0.7454
33-3052.00,Transit and Railroad Police,2025,29.44,-1.1164,-1.4729,-1.1828,Protective Service,37,6,0.095,0.8263
33-3052.00,Transit and Railroad Police,2026,30.89,-1.136,-1.136,-1.2553,Protective Service,39,3,0.0447,0.8625
33-9011.00,Animal Control Workers,2020,22.43,-0.4286,-3.1019,-0.4153,Protective Service,27,16,0.2711,0.6591
33-9011.00,Animal Control Workers,2021,22.95,-0.4515,-2.9811,-0.6161,Protective Service,25,18,0.2791,0.6511
33-9011.00,Animal Control Workers,2022,20.62,-0.8504,-3.5225,-0.728,Protective Service,25,18,0.3108,0.6218
33-9011.00,Animal Control Workers,2023,22.98,-0.9441,-2.9741,-1.1268,Protective Service,28,15,0.2572,0.6754
33-9011.00,Animal Control Workers,2024,28.53,-0.4709,-1.6844,-0.4713,Protective Service,29,12,0.1621,0.7559
33-9011.00,Animal Control Workers,2025,32.1,-0.5133,-0.8548,-0.1569,Protective Service,34,6,0.0892,0.8201
33-9011.00,Animal Control Workers,2026,33.08,-0.6271,-0.6271,-0.4123,Protective Service,37,3,0.046,0.8668
33-9021.00,Private Detectives and Investigators,2020,25.56,0.9312,-2.3746,1.9708,Protective Service,21,16,0.1935,0.7294
33-9021.00,Private Detectives and Investigators,2021,26.34,0.6877,-2.1933,1.546,Protective Service,18,18,0.2224,0.7016
33-9021.00,Private Detectives and Investigators,2022,24.44,0.8444,-2.6348,1.8956,Protective Service,20,18,0.2358,0.689
33-9021.00,Private Detectives and Investigators,2023,29.03,0.6733,-1.5682,1.8795,Protective Service,22,15,0.201,0.7266
33-9021.00,Private Detectives and Investigators,2024,34.2,0.8049,-0.3668,1.8539,Protective Service,23,12,0.1045,0.813
33-9021.00,Private Detectives and Investigators,2025,37.54,0.7201,0.4093,1.9412,Protective Service,26,6,0.0542,0.8539
33-9021.00,Private Detectives and Investigators,2026,39.33,0.8253,0.8253,1.9934,Protective Service,27,3,0.0506,0.8644
33-9031.00,Gambling Surveillance Officers and Gambling Investigators,2020,24.48,0.462,-2.6255,1.1475,Protective Service,19,16,0.1572,0.7629
33-9031.00,Gambling Surveillance Officers and Gambling Investigators,2021,26.21,0.6441,-2.2235,1.4631,Protective Service,16,18,0.2442,0.6841
33-9031.00,Gambling Surveillance Officers and Gambling Investigators,2022,22.52,-0.0075,-3.081,0.5769,Protective Service,18,18,0.2523,0.6735
33-9031.00,Gambling Surveillance Officers and Gambling Investigators,2023,27.86,0.3605,-1.8401,1.2981,Protective Service,19,15,0.2532,0.6749
33-9031.00,Gambling Surveillance Officers and Gambling Investigators,2024,33.26,0.5934,-0.5853,1.4685,Protective Service,20,12,0.1055,0.8095
33-9031.00,Gambling Surveillance Officers and Gambling Investigators,2025,35.51,0.2598,-0.0624,1.1583,Protective Service,24,6,0.069,0.8445
33-9031.00,Gambling Surveillance Officers and Gambling Investigators,2026,37.41,0.3791,0.3791,1.2543,Protective Service,25,3,0.0593,0.8533
33-9032.00,Security Guards,2020,23.16,-0.1115,-2.9323,0.1412,Protective Service,27,16,0.2337,0.6977
33-9032.00,Security Guards,2021,24.53,0.0795,-2.6139,0.3916,Protective Service,25,18,0.2846,0.6441
33-9032.00,Security Guards,2022,22.22,-0.1406,-3.1507,0.3709,Protective Service,25,18,0.2976,0.6369
33-9032.00,Security Guards,2023,24.38,-0.5699,-2.6488,-0.4311,Protective Service,28,15,0.2813,0.6561
33-9032.00,Security Guards,2024,29.05,-0.3539,-1.5636,-0.258,Protective Service,29,12,0.1721,0.7454
33-9032.00,Security Guards,2025,31.94,-0.5496,-0.892,-0.2186,Protective Service,34,6,0.0889,0.8217
33-9032.00,Security Guards,2026,32.66,-0.7247,-0.7247,-0.574,Protective Service,37,3,0.0459,0.8673
33-9091.00,Crossing Guards and Flaggers,2020,22.69,-0.3157,-3.0415,-0.2171,Protective Service,24,16,0.2122,0.7132
33-9091.00,Crossing Guards and Flaggers,2021,22.84,-0.4884,-3.0066,-0.6863,Protective Service,21,18,0.2436,0.6828
33-9091.00,Crossing Guards and Flaggers,2022,21.0,-0.6818,-3.4342,-0.467,Protective Service,23,18,0.2654,0.6715
33-9091.00,Crossing Guards and Flaggers,2023,24.49,-0.5404,-2.6232,-0.3764,Protective Service,23,15,0.2598,0.6693
33-9091.00,Crossing Guards and Flaggers,2024,28.54,-0.4687,-1.6821,-0.4672,Protective Service,24,12,0.1524,0.7639
33-9091.00,Crossing Guards and Flaggers,2025,30.15,-0.9554,-1.308,-0.909,Protective Service,29,6,0.0536,0.8568
33-9091.00,Crossing Guards and Flaggers,2026,31.95,-0.8897,-0.8897,-0.8473,Protective Service,31,3,0.0252,0.8837
33-9092.00,"Lifeguards, Ski Patrol, and Other Recreational Protective Service Workers",2020,22.85,-0.2461,-3.0043,-0.0951,Protective Service,25,16,0.2412,0.6875
33-9092.00,"Lifeguards, Ski Patrol, and Other Recreational Protective Service Workers",2021,23.46,-0.2801,-2.8626,-0.2908,Protective Service,23,18,0.2776,0.6598
33-9092.00,"Lifeguards, Ski Patrol, and Other Recreational Protective Service Workers",2022,20.28,-1.0013,-3.6015,-0.9615,Protective Service,24,18,0.3064,0.6343
33-9092.00,"Lifeguards, Ski Patrol, and Other Recreational Protective Service Workers",2023,23.88,-0.7035,-2.765,-0.6796,Protective Service,25,15,0.3065,0.6334
33-9092.00,"Lifeguards, Ski Patrol, and Other Recreational Protective Service Workers",2024,29.12,-0.3381,-1.5473,-0.2293,Protective Service,27,12,0.1819,0.7428
33-9092.00,"Lifeguards, Ski Patrol, and Other Recreational Protective Service Workers",2025,29.92,-1.0076,-1.3614,-0.9977,Protective Service,32,6,0.1036,0.811
33-9092.00,"Lifeguards, Ski Patrol, and Other Recreational Protective Service Workers",2026,30.71,-1.1778,-1.1778,-1.3245,Protective Service,34,3,0.0447,0.8694
33-9093.00,Transportation Security Screeners,2020,22.38,-0.4503,-3.1135,-0.4534,Protective Service,25,16,0.2336,0.6906
33-9093.00,Transportation Security Screeners,2021,23.39,-0.3036,-2.8788,-0.3355,Protective Service,23,18,0.312,0.6231
33-9093.00,Transportation Security Screeners,2022,21.15,-0.6153,-3.3993,-0.364,Protective Service,24,18,0.2906,0.6434
33-9093.00,Transportation Security Screeners,2023,24.37,-0.5725,-2.6511,-0.4361,Protective Service,25,15,0.2809,0.649
33-9093.00,Transportation Security Screeners,2024,28.64,-0.4462,-1.6588,-0.4262,Protective Service,28,12,0.1695,0.7533
33-9093.00,Transportation Security Screeners,2025,30.78,-0.8126,-1.1616,-0.666,Protective Service,33,6,0.1055,0.8154
33-9093.00,Transportation Security Screeners,2026,32.36,-0.7944,-0.7944,-0.6894,Protective Service,34,3,0.0664,0.8406
33-9099.02,Retail Loss Prevention Specialists,2020,23.47,0.0232,-2.8602,0.3775,Protective Service,25,16,0.2104,0.7112
33-9099.02,Retail Loss Prevention Specialists,2021,25.52,0.4122,-2.3839,1.023,Protective Service,23,18,0.2656,0.6696
33-9099.02,Retail Loss Prevention Specialists,2022,22.94,0.1789,-2.9834,0.8654,Protective Service,24,18,0.2604,0.668
33-9099.02,Retail Loss Prevention Specialists,2023,27.66,0.307,-1.8866,1.1987,Protective Service,26,15,0.2468,0.6879
33-9099.02,Retail Loss Prevention Specialists,2024,32.25,0.3662,-0.82,1.0543,Protective Service,27,12,0.1478,0.7729
33-9099.02,Retail Loss Prevention Specialists,2025,34.45,0.0195,-0.3087,0.7494,Protective Service,32,6,0.0767,0.833
33-9099.02,Retail Loss Prevention Specialists,2026,35.46,-0.074,-0.074,0.5038,Protective Service,35,3,0.0503,0.8641
35-1011.00,Chefs and Head Cooks,2020,22.01,-0.6111,-3.1995,-0.117,Food Preparation and Serving Related,24,16,0.2463,0.6798
35-1011.00,Chefs and Head Cooks,2021,23.27,-0.3439,-2.9067,0.4413,Food Preparation and Serving Related,22,18,0.3223,0.6197
35-1011.00,Chefs and Head Cooks,2022,21.9,-0.2825,-3.2251,0.8538,Food Preparation and Serving Related,23,18,0.2783,0.6527
35-1011.00,Chefs and Head Cooks,2023,26.31,-0.0539,-2.2003,1.0426,Food Preparation and Serving Related,24,15,0.2593,0.6712
35-1011.00,Chefs and Head Cooks,2024,30.54,-0.0186,-1.2173,1.3714,Food Preparation and Serving Related,27,12,0.1675,0.7547
35-1011.00,Chefs and Head Cooks,2025,33.77,-0.1347,-0.4668,1.2806,Food Preparation and Serving Related,30,6,0.071,0.8363
35-1011.00,Chefs and Head Cooks,2026,34.59,-0.2762,-0.2762,1.1706,Food Preparation and Serving Related,32,3,0.0548,0.8577
35-1012.00,First-Line Supervisors of Food Preparation and Serving Workers,2020,23.72,0.1318,-2.8021,1.1847,Food Preparation and Serving Related,24,16,0.2394,0.7012
35-1012.00,First-Line Supervisors of Food Preparation and Serving Workers,2021,25.2,0.3046,-2.4582,1.4992,Food Preparation and Serving Related,20,18,0.3148,0.6257
35-1012.00,First-Line Supervisors of Food Preparation and Serving Workers,2022,23.36,0.3652,-2.8858,1.8793,Food Preparation and Serving Related,23,18,0.2665,0.6785
35-1012.00,First-Line Supervisors of Food Preparation and Serving Workers,2023,28.37,0.4968,-1.7216,1.8694,Food Preparation and Serving Related,22,15,0.2796,0.653
35-1012.00,First-Line Supervisors of Food Preparation and Serving Workers,2024,31.12,0.1119,-1.0826,1.6086,Food Preparation and Serving Related,25,12,0.1709,0.7542
35-1012.00,First-Line Supervisors of Food Preparation and Serving Workers,2025,34.53,0.0376,-0.2901,1.6097,Food Preparation and Serving Related,28,6,0.0728,0.8368
35-1012.00,First-Line Supervisors of Food Preparation and Serving Workers,2026,35.05,-0.1693,-0.1693,1.386,Food Preparation and Serving Related,30,3,0.0527,0.8633
35-2011.00,"Cooks, Fast Food",2020,22.3,-0.4851,-3.1321,0.1037,Food Preparation and Serving Related,23,16,0.2281,0.7082
35-2011.00,"Cooks, Fast Food",2021,23.05,-0.4179,-2.9578,0.3207,Food Preparation and Serving Related,19,18,0.3175,0.6213
35-2011.00,"Cooks, Fast Food",2022,19.99,-1.1299,-3.6689,-0.4877,Food Preparation and Serving Related,21,18,0.282,0.6491
35-2011.00,"Cooks, Fast Food",2023,23.42,-0.8265,-2.8719,-0.1174,Food Preparation and Serving Related,21,15,0.3077,0.6268
35-2011.00,"Cooks, Fast Food",2024,27.77,-0.6419,-1.861,0.2387,Food Preparation and Serving Related,24,12,0.1742,0.747
35-2011.00,"Cooks, Fast Food",2025,30.4,-0.8988,-1.2499,-0.1786,Food Preparation and Serving Related,29,6,0.072,0.8472
35-2011.00,"Cooks, Fast Food",2026,31.54,-0.985,-0.985,-0.2572,Food Preparation and Serving Related,30,3,0.0371,0.8693
35-2012.00,"Cooks, Institution and Cafeteria",2020,22.1,-0.572,-3.1786,-0.0485,Food Preparation and Serving Related,24,16,0.2559,0.6717
35-2012.00,"Cooks, Institution and Cafeteria",2021,22.56,-0.5825,-3.0717,0.0521,Food Preparation and Serving Related,22,18,0.3549,0.5891
35-2012.00,"Cooks, Institution and Cafeteria",2022,22.19,-0.1539,-3.1577,1.0575,Food Preparation and Serving Related,24,18,0.2826,0.6546
35-2012.00,"Cooks, Institution and Cafeteria",2023,25.34,-0.3132,-2.4257,0.6532,Food Preparation and Serving Related,24,15,0.2671,0.6628
35-2012.00,"Cooks, Institution and Cafeteria",2024,29.0,-0.3651,-1.5752,0.7417,Food Preparation and Serving Related,27,12,0.1899,0.7338
35-2012.00,"Cooks, Institution and Cafeteria",2025,32.38,-0.4498,-0.7898,0.6787,Food Preparation and Serving Related,31,6,0.0816,0.835
35-2012.00,"Cooks, Institution and Cafeteria",2026,34.12,-0.3854,-0.3854,0.9506,Food Preparation and Serving Related,32,3,0.0583,0.848
35-2013.00,"Cooks, Private Household",2020,21.44,-0.8587,-3.332,-0.551,Food Preparation and Serving Related,24,16,0.2618,0.6742
35-2013.00,"Cooks, Private Household",2021,22.07,-0.7472,-3.1856,-0.2165,Food Preparation and Serving Related,21,18,0.3698,0.5734
35-2013.00,"Cooks, Private Household",2022,19.92,-1.161,-3.6852,-0.5369,Food Preparation and Serving Related,23,18,0.3106,0.6267
35-2013.00,"Cooks, Private Household",2023,22.81,-0.9896,-3.0136,-0.3622,Food Preparation and Serving Related,23,15,0.2828,0.6473
35-2013.00,"Cooks, Private Household",2024,27.46,-0.7117,-1.933,0.1119,Food Preparation and Serving Related,26,12,0.1924,0.7304
35-2013.00,"Cooks, Private Household",2025,31.28,-0.6992,-1.0454,0.2024,Food Preparation and Serving Related,30,6,0.1012,0.8182
35-2013.00,"Cooks, Private Household",2026,32.54,-0.7526,-0.7526,0.211,Food Preparation and Serving Related,31,3,0.0659,0.8443
35-2014.00,"Cooks, Restaurant",2020,21.65,-0.7675,-3.2832,-0.3911,Food Preparation and Serving Related,24,16,0.2623,0.6653
35-2014.00,"Cooks, Restaurant",2021,21.53,-0.9287,-3.311,-0.5125,Food Preparation and Serving Related,22,18,0.3851,0.564
35-2014.00,"Cooks, Restaurant",2022,20.39,-0.9525,-3.576,-0.2068,Food Preparation and Serving Related,24,18,0.3077,0.6308
35-2014.00,"Cooks, Restaurant",2023,22.79,-0.9949,-3.0182,-0.3703,Food Preparation and Serving Related,24,15,0.2996,0.6376
35-2014.00,"Cooks, Restaurant",2024,26.27,-0.9794,-2.2096,-0.3747,Food Preparation and Serving Related,27,12,0.2012,0.73
35-2014.00,"Cooks, Restaurant",2025,30.52,-0.8716,-1.222,-0.1267,Food Preparation and Serving Related,31,6,0.0983,0.8228
35-2014.00,"Cooks, Restaurant",2026,32.15,-0.8432,-0.8432,0.0284,Food Preparation and Serving Related,32,3,0.0697,0.8394
35-2015.00,"Cooks, Short Order",2020,21.18,-0.9716,-3.3924,-0.7489,Food Preparation and Serving Related,24,16,0.2291,0.7007
35-2015.00,"Cooks, Short Order",2021,21.31,-1.0026,-3.3622,-0.6331,Food Preparation and Serving Related,21,18,0.3371,0.5986
35-2015.00,"Cooks, Short Order",2022,20.18,-1.0456,-3.6248,-0.3543,Food Preparation and Serving Related,23,18,0.2724,0.6568
35-2015.00,"Cooks, Short Order",2023,21.71,-1.2837,-3.2692,-0.8037,Food Preparation and Serving Related,24,15,0.2842,0.6532
35-2015.00,"Cooks, Short Order",2024,25.45,-1.1639,-2.4001,-0.71,Food Preparation and Serving Related,26,12,0.1883,0.7326
35-2015.00,"Cooks, Short Order",2025,29.56,-1.0892,-1.4451,-0.5423,Food Preparation and Serving Related,31,6,0.08,0.8397
35-2015.00,"Cooks, Short Order",2026,31.44,-1.0082,-1.0082,-0.304,Food Preparation and Serving Related,32,3,0.056,0.8524
35-2021.00,Food Preparation Workers,2020,21.78,-0.711,-3.2529,-0.2921,Food Preparation and Serving Related,24,16,0.21,0.7181
35-2021.00,Food Preparation Workers,2021,21.32,-0.9992,-3.3598,-0.6276,Food Preparation and Serving Related,21,18,0.3193,0.6217
35-2021.00,Food Preparation Workers,2022,20.36,-0.9658,-3.5829,-0.2278,Food Preparation and Serving Related,23,18,0.2437,0.6861
35-2021.00,Food Preparation Workers,2023,21.93,-1.2248,-3.2181,-0.7154,Food Preparation and Serving Related,23,15,0.2528,0.6758
35-2021.00,Food Preparation Workers,2024,25.8,-1.0852,-2.3188,-0.5669,Food Preparation and Serving Related,26,12,0.1834,0.7388
35-2021.00,Food Preparation Workers,2025,29.22,-1.1663,-1.5241,-0.6896,Food Preparation and Serving Related,30,6,0.1026,0.8092
35-2021.00,Food Preparation Workers,2026,30.77,-1.1639,-1.1639,-0.6176,Food Preparation and Serving Related,32,3,0.0694,0.8424
35-3011.00,Bartenders,2020,22.94,-0.207,-2.9834,0.5909,Food Preparation and Serving Related,24,16,0.252,0.6749
35-3011.00,Bartenders,2021,23.33,-0.3238,-2.8928,0.4741,Food Preparation and Serving Related,21,18,0.3235,0.6168
35-3011.00,Bartenders,2022,20.85,-0.7484,-3.4691,0.1163,Food Preparation and Serving Related,23,18,0.2835,0.6455
35-3011.00,Bartenders,2023,25.09,-0.38,-2.4838,0.5529,Food Preparation and Serving Related,24,15,0.2902,0.6508
35-3011.00,Bartenders,2024,27.54,-0.6937,-1.9145,0.1447,Food Preparation and Serving Related,26,12,0.1805,0.7412
35-3011.00,Bartenders,2025,32.12,-0.5088,-0.8502,0.5662,Food Preparation and Serving Related,30,6,0.0941,0.8178
35-3011.00,Bartenders,2026,32.76,-0.7015,-0.7015,0.3139,Food Preparation and Serving Related,32,3,0.0585,0.8534
35-3023.00,Fast Food and Counter Workers,2020,23.32,-0.042,-2.8951,0.8802,Food Preparation and Serving Related,24,16,0.2164,0.7109
35-3023.00,Fast Food and Counter Workers,2021,23.65,-0.2162,-2.8184,0.6495,Food Preparation and Serving Related,21,18,0.2714,0.6623
35-3023.00,Fast Food and Counter Workers,2022,20.84,-0.7528,-3.4714,0.1093,Food Preparation and Serving Related,23,18,0.2519,0.6846
35-3023.00,Fast Food and Counter Workers,2023,24.57,-0.5191,-2.6046,0.3442,Food Preparation and Serving Related,23,15,0.2552,0.6766
35-3023.00,Fast Food and Counter Workers,2024,27.27,-0.7544,-1.9772,0.0342,Food Preparation and Serving Related,25,12,0.1555,0.7602
35-3023.00,Fast Food and Counter Workers,2025,30.63,-0.8466,-1.1964,-0.079,Food Preparation and Serving Related,29,6,0.0622,0.8491
35-3023.00,Fast Food and Counter Workers,2026,31.73,-0.9408,-0.9408,-0.1682,Food Preparation and Serving Related,30,3,0.0436,0.8651
35-3023.01,Baristas,2020,21.97,-0.6284,-3.2088,-0.1475,Food Preparation and Serving Related,25,16,0.2706,0.6678
35-3023.01,Baristas,2021,22.26,-0.6834,-3.1414,-0.1124,Food Preparation and Serving Related,22,18,0.3305,0.6116
35-3023.01,Baristas,2022,21.09,-0.6419,-3.4133,0.2849,Food Preparation and Serving Related,24,18,0.3001,0.6388
35-3023.01,Baristas,2023,23.02,-0.9334,-2.9648,-0.2779,Food Preparation and Serving Related,25,15,0.2758,0.6626
35-3023.01,Baristas,2024,25.64,-1.1212,-2.356,-0.6323,Food Preparation and Serving Related,28,12,0.1897,0.7412
35-3023.01,Baristas,2025,30.54,-0.867,-1.2173,-0.118,Food Preparation and Serving Related,32,6,0.1,0.8193
35-3023.01,Baristas,2026,31.58,-0.9757,-0.9757,-0.2385,Food Preparation and Serving Related,33,3,0.0709,0.8375
35-3031.00,Waiters and Waitresses,2020,22.89,-0.2288,-2.995,0.5529,Food Preparation and Serving Related,23,16,0.2457,0.6831
35-3031.00,Waiters and Waitresses,2021,23.3,-0.3339,-2.8997,0.4577,Food Preparation and Serving Related,20,18,0.3057,0.6359
35-3031.00,Waiters and Waitresses,2022,20.57,-0.8726,-3.5341,-0.0803,Food Preparation and Serving Related,22,18,0.2774,0.6551
35-3031.00,Waiters and Waitresses,2023,23.6,-0.7784,-2.83,-0.0452,Food Preparation and Serving Related,22,15,0.3079,0.6269
35-3031.00,Waiters and Waitresses,2024,26.8,-0.8602,-2.0864,-0.1579,Food Preparation and Serving Related,25,12,0.2093,0.7235
35-3031.00,Waiters and Waitresses,2025,30.48,-0.8806,-1.2313,-0.144,Food Preparation and Serving Related,29,6,0.0927,0.8231
35-3031.00,Waiters and Waitresses,2026,31.22,-1.0593,-1.0593,-0.407,Food Preparation and Serving Related,31,3,0.0394,0.8763
35-3041.00,"Food Servers, Nonrestaurant",2020,23.14,-0.1202,-2.9369,0.7432,Food Preparation and Serving Related,24,16,0.2315,0.702
35-3041.00,"Food Servers, Nonrestaurant",2021,23.56,-0.2465,-2.8393,0.6002,Food Preparation and Serving Related,21,18,0.297,0.6427
35-3041.00,"Food Servers, Nonrestaurant",2022,21.07,-0.6508,-3.4179,0.2709,Food Preparation and Serving Related,23,18,0.2591,0.669
35-3041.00,"Food Servers, Nonrestaurant",2023,24.45,-0.5511,-2.6325,0.296,Food Preparation and Serving Related,24,15,0.2748,0.6649
35-3041.00,"Food Servers, Nonrestaurant",2024,27.28,-0.7522,-1.9749,0.0383,Food Preparation and Serving Related,26,12,0.1676,0.7526
35-3041.00,"Food Servers, Nonrestaurant",2025,31.23,-0.7106,-1.057,0.1808,Food Preparation and Serving Related,31,6,0.0858,0.8346
35-3041.00,"Food Servers, Nonrestaurant",2026,32.61,-0.7363,-0.7363,0.2437,Food Preparation and Serving Related,32,3,0.0428,0.8637
35-9011.00,Dining Room and Cafeteria Attendants and Bartender Helpers,2020,19.97,-1.4973,-3.6736,-1.67,Food Preparation and Serving Related,23,16,0.2696,0.6598
35-9011.00,Dining Room and Cafeteria Attendants and Bartender Helpers,2021,19.36,-1.6579,-3.8153,-1.702,Food Preparation and Serving Related,20,18,0.3651,0.5761
35-9011.00,Dining Room and Cafeteria Attendants and Bartender Helpers,2022,18.66,-1.72,-3.978,-1.4219,Food Preparation and Serving Related,22,18,0.2883,0.6408
35-9011.00,Dining Room and Cafeteria Attendants and Bartender Helpers,2023,20.07,-1.7221,-3.6503,-1.462,Food Preparation and Serving Related,22,15,0.305,0.626
35-9011.00,Dining Room and Cafeteria Attendants and Bartender Helpers,2024,23.14,-1.6837,-2.9369,-1.6546,Food Preparation and Serving Related,26,12,0.2219,0.7104
35-9011.00,Dining Room and Cafeteria Attendants and Bartender Helpers,2025,26.32,-1.8238,-2.198,-1.9453,Food Preparation and Serving Related,30,6,0.1202,0.801
35-9011.00,Dining Room and Cafeteria Attendants and Bartender Helpers,2026,27.64,-1.8912,-1.8912,-2.0829,Food Preparation and Serving Related,31,3,0.056,0.8533
35-9021.00,Dishwashers,2020,19.37,-1.758,-3.813,-2.1268,Food Preparation and Serving Related,24,16,0.2739,0.6567
35-9021.00,Dishwashers,2021,18.19,-2.0511,-4.0872,-2.3433,Food Preparation and Serving Related,22,18,0.3634,0.5774
35-9021.00,Dishwashers,2022,17.15,-2.3899,-4.3289,-2.4825,Food Preparation and Serving Related,23,18,0.3061,0.6314
35-9021.00,Dishwashers,2023,18.42,-2.1632,-4.0337,-2.1242,Food Preparation and Serving Related,24,15,0.2898,0.6455
35-9021.00,Dishwashers,2024,22.46,-1.8367,-3.0949,-1.9326,Food Preparation and Serving Related,27,12,0.1983,0.7289
35-9021.00,Dishwashers,2025,26.0,-1.8964,-2.2723,-2.0838,Food Preparation and Serving Related,31,6,0.1119,0.7996
35-9021.00,Dishwashers,2026,28.01,-1.8052,-1.8052,-1.9097,Food Preparation and Serving Related,33,3,0.048,0.8625
35-9031.00,"Hosts and Hostesses, Restaurant, Lounge, and Coffee Shop",2020,24.84,0.6184,-2.5419,2.0374,Food Preparation and Serving Related,22,16,0.2096,0.7143
35-9031.00,"Hosts and Hostesses, Restaurant, Lounge, and Coffee Shop",2021,25.48,0.3987,-2.3932,1.6526,Food Preparation and Serving Related,19,18,0.2437,0.6939
35-9031.00,"Hosts and Hostesses, Restaurant, Lounge, and Coffee Shop",2022,22.43,-0.0474,-3.1019,1.2261,Food Preparation and Serving Related,21,18,0.2507,0.6763
35-9031.00,"Hosts and Hostesses, Restaurant, Lounge, and Coffee Shop",2023,27.5,0.2642,-1.9238,1.5202,Food Preparation and Serving Related,21,15,0.2588,0.6746
35-9031.00,"Hosts and Hostesses, Restaurant, Lounge, and Coffee Shop",2024,31.44,0.1839,-1.0082,1.7394,Food Preparation and Serving Related,23,12,0.1447,0.7756
35-9031.00,"Hosts and Hostesses, Restaurant, Lounge, and Coffee Shop",2025,34.02,-0.078,-0.4087,1.3889,Food Preparation and Serving Related,27,6,0.066,0.8482
35-9031.00,"Hosts and Hostesses, Restaurant, Lounge, and Coffee Shop",2026,35.68,-0.0229,-0.0229,1.6809,Food Preparation and Serving Related,29,3,0.0379,0.8763
37-1011.00,First-Line Supervisors of Housekeeping and Janitorial Workers,2020,22.1,-0.572,-3.1786,0.8258,Building and Grounds Cleaning and Maintenance,24,16,0.254,0.6718
37-1011.00,First-Line Supervisors of Housekeeping and Janitorial Workers,2021,22.53,-0.5926,-3.0787,0.9427,Building and Grounds Cleaning and Maintenance,21,18,0.2783,0.6532
37-1011.00,First-Line Supervisors of Housekeeping and Janitorial Workers,2022,21.02,-0.673,-3.4296,0.6726,Building and Grounds Cleaning and Maintenance,23,18,0.2766,0.6551
37-1011.00,First-Line Supervisors of Housekeeping and Janitorial Workers,2023,23.99,-0.6741,-2.7394,0.6752,Building and Grounds Cleaning and Maintenance,24,15,0.2542,0.6824
37-1011.00,First-Line Supervisors of Housekeeping and Janitorial Workers,2024,28.48,-0.4822,-1.696,1.2065,Building and Grounds Cleaning and Maintenance,27,12,0.1648,0.764
37-1011.00,First-Line Supervisors of Housekeeping and Janitorial Workers,2025,32.45,-0.434,-0.7735,1.2279,Building and Grounds Cleaning and Maintenance,30,6,0.0802,0.8293
37-1011.00,First-Line Supervisors of Housekeeping and Janitorial Workers,2026,34.02,-0.4087,-0.4087,1.4404,Building and Grounds Cleaning and Maintenance,32,3,0.0444,0.8634
37-1012.00,"First-Line Supervisors of Landscaping, Lawn Service, and Groundskeeping Workers",2020,22.68,-0.32,-3.0438,1.1954,Building and Grounds Cleaning and Maintenance,27,16,0.2664,0.6696
37-1012.00,"First-Line Supervisors of Landscaping, Lawn Service, and Groundskeeping Workers",2021,23.22,-0.3607,-2.9183,1.3264,Building and Grounds Cleaning and Maintenance,25,18,0.3255,0.6136
37-1012.00,"First-Line Supervisors of Landscaping, Lawn Service, and Groundskeeping Workers",2022,21.84,-0.3092,-3.239,1.1173,Building and Grounds Cleaning and Maintenance,26,18,0.3011,0.6393
37-1012.00,"First-Line Supervisors of Landscaping, Lawn Service, and Groundskeeping Workers",2023,25.36,-0.3079,-2.421,1.2463,Building and Grounds Cleaning and Maintenance,27,15,0.2691,0.6584
37-1012.00,"First-Line Supervisors of Landscaping, Lawn Service, and Groundskeeping Workers",2024,27.93,-0.6059,-1.8238,0.977,Building and Grounds Cleaning and Maintenance,29,12,0.1801,0.7412
37-1012.00,"First-Line Supervisors of Landscaping, Lawn Service, and Groundskeeping Workers",2025,32.3,-0.468,-0.8083,1.1635,Building and Grounds Cleaning and Maintenance,34,6,0.0951,0.8247
37-1012.00,"First-Line Supervisors of Landscaping, Lawn Service, and Groundskeeping Workers",2026,33.16,-0.6085,-0.6085,1.049,Building and Grounds Cleaning and Maintenance,36,3,0.0557,0.8592
37-2011.00,"Janitors and Cleaners, Except Maids and Housekeeping Cleaners",2020,19.65,-1.6363,-3.7479,-0.7351,Building and Grounds Cleaning and Maintenance,24,16,0.2603,0.6802
37-2011.00,"Janitors and Cleaners, Except Maids and Housekeeping Cleaners",2021,19.71,-1.5403,-3.734,-0.6257,Building and Grounds Cleaning and Maintenance,21,18,0.3263,0.618
37-2011.00,"Janitors and Cleaners, Except Maids and Housekeeping Cleaners",2022,17.92,-2.0483,-4.1499,-1.0088,Building and Grounds Cleaning and Maintenance,22,18,0.2978,0.6368
37-2011.00,"Janitors and Cleaners, Except Maids and Housekeeping Cleaners",2023,20.88,-1.5055,-3.4621,-0.6211,Building and Grounds Cleaning and Maintenance,23,15,0.2937,0.6444
37-2011.00,"Janitors and Cleaners, Except Maids and Housekeeping Cleaners",2024,24.62,-1.3507,-2.593,-0.4043,Building and Grounds Cleaning and Maintenance,26,12,0.1949,0.7323
37-2011.00,"Janitors and Cleaners, Except Maids and Housekeeping Cleaners",2025,28.86,-1.2479,-1.6077,-0.3134,Building and Grounds Cleaning and Maintenance,30,6,0.1186,0.8033
37-2011.00,"Janitors and Cleaners, Except Maids and Housekeeping Cleaners",2026,29.66,-1.4218,-1.4218,-0.5439,Building and Grounds Cleaning and Maintenance,31,3,0.0509,0.8578
37-2012.00,Maids and Housekeeping Cleaners,2020,19.96,-1.5016,-3.6759,-0.5376,Building and Grounds Cleaning and Maintenance,23,16,0.2465,0.6874
37-2012.00,Maids and Housekeeping Cleaners,2021,19.97,-1.4529,-3.6736,-0.4811,Building and Grounds Cleaning and Maintenance,19,18,0.3198,0.6122
37-2012.00,Maids and Housekeeping Cleaners,2022,17.72,-2.1371,-4.1964,-1.1173,Building and Grounds Cleaning and Maintenance,22,18,0.2913,0.6484
37-2012.00,Maids and Housekeeping Cleaners,2023,20.33,-1.6526,-3.5899,-0.8503,Building and Grounds Cleaning and Maintenance,22,15,0.3058,0.632
37-2012.00,Maids and Housekeeping Cleaners,2024,23.86,-1.5217,-2.7696,-0.7214,Building and Grounds Cleaning and Maintenance,25,12,0.2091,0.7183
37-2012.00,Maids and Housekeeping Cleaners,2025,27.62,-1.5291,-1.8959,-0.8458,Building and Grounds Cleaning and Maintenance,29,6,0.1069,0.8123
37-2012.00,Maids and Housekeeping Cleaners,2026,28.7,-1.6449,-1.6449,-0.9808,Building and Grounds Cleaning and Maintenance,30,3,0.0451,0.861
37-2021.00,Pest Control Workers,2020,22.37,-0.4547,-3.1158,0.9979,Building and Grounds Cleaning and Maintenance,28,16,0.2575,0.6731
37-2021.00,Pest Control Workers,2021,22.45,-0.6195,-3.0973,0.8982,Building and Grounds Cleaning and Maintenance,26,18,0.3054,0.631
37-2021.00,Pest Control Workers,2022,22.21,-0.145,-3.153,1.318,Building and Grounds Cleaning and Maintenance,27,18,0.2835,0.6547
37-2021.00,Pest Control Workers,2023,25.24,-0.3399,-2.4489,1.1963,Building and Grounds Cleaning and Maintenance,29,15,0.2512,0.6824
37-2021.00,Pest Control Workers,2024,28.07,-0.5744,-1.7913,1.0354,Building and Grounds Cleaning and Maintenance,31,12,0.1832,0.7419
37-2021.00,Pest Control Workers,2025,31.64,-0.6176,-0.9617,0.8801,Building and Grounds Cleaning and Maintenance,35,6,0.0987,0.8141
37-2021.00,Pest Control Workers,2026,32.6,-0.7386,-0.7386,0.7942,Building and Grounds Cleaning and Maintenance,38,3,0.0548,0.8609
37-3011.00,Landscaping and Groundskeeping Workers,2020,18.54,-2.1185,-4.0058,-1.4422,Building and Grounds Cleaning and Maintenance,26,16,0.297,0.6376
37-3011.00,Landscaping and Groundskeeping Workers,2021,18.22,-2.041,-4.0802,-1.4543,Building and Grounds Cleaning and Maintenance,24,18,0.3554,0.5832
37-3011.00,Landscaping and Groundskeeping Workers,2022,17.93,-2.0439,-4.1476,-1.0034,Building and Grounds Cleaning and Maintenance,25,18,0.3372,0.6056
37-3011.00,Landscaping and Groundskeeping Workers,2023,19.71,-1.8183,-3.734,-1.1087,Building and Grounds Cleaning and Maintenance,26,15,0.298,0.6326
37-3011.00,Landscaping and Groundskeeping Workers,2024,22.47,-1.8345,-3.0926,-1.3015,Building and Grounds Cleaning and Maintenance,28,12,0.1979,0.7239
37-3011.00,Landscaping and Groundskeeping Workers,2025,26.81,-1.7127,-2.0841,-1.1935,Building and Grounds Cleaning and Maintenance,34,6,0.1132,0.8062
37-3011.00,Landscaping and Groundskeeping Workers,2026,28.43,-1.7076,-1.7076,-1.1037,Building and Grounds Cleaning and Maintenance,35,3,0.0423,0.8628
37-3012.00,"Pesticide Handlers, Sprayers, and Applicators, Vegetation",2020,22.11,-0.5676,-3.1763,0.8322,Building and Grounds Cleaning and Maintenance,27,16,0.2699,0.6598
37-3012.00,"Pesticide Handlers, Sprayers, and Applicators, Vegetation",2021,21.91,-0.801,-3.2227,0.5979,Building and Grounds Cleaning and Maintenance,25,18,0.3174,0.6183
37-3012.00,"Pesticide Handlers, Sprayers, and Applicators, Vegetation",2022,21.28,-0.5576,-3.3691,0.8136,Building and Grounds Cleaning and Maintenance,26,18,0.2996,0.636
37-3012.00,"Pesticide Handlers, Sprayers, and Applicators, Vegetation",2023,24.17,-0.626,-2.6976,0.7503,Building and Grounds Cleaning and Maintenance,28,15,0.2459,0.6856
37-3012.00,"Pesticide Handlers, Sprayers, and Applicators, Vegetation",2024,26.93,-0.8309,-2.0562,0.5597,Building and Grounds Cleaning and Maintenance,30,12,0.1862,0.7407
37-3012.00,"Pesticide Handlers, Sprayers, and Applicators, Vegetation",2025,30.67,-0.8376,-1.1871,0.4637,Building and Grounds Cleaning and Maintenance,34,6,0.0991,0.814
37-3012.00,"Pesticide Handlers, Sprayers, and Applicators, Vegetation",2026,32.04,-0.8688,-0.8688,0.5393,Building and Grounds Cleaning and Maintenance,36,3,0.0523,0.8551
37-3013.00,Tree Trimmers and Pruners,2020,19.02,-1.91,-3.8943,-1.1364,Building and Grounds Cleaning and Maintenance,27,16,0.2949,0.6419
37-3013.00,Tree Trimmers and Pruners,2021,18.67,-1.8898,-3.9756,-1.2041,Building and Grounds Cleaning and Maintenance,25,18,0.3346,0.607
37-3013.00,Tree Trimmers and Pruners,2022,18.32,-1.8709,-4.057,-0.7919,Building and Grounds Cleaning and Maintenance,25,18,0.3303,0.6035
37-3013.00,Tree Trimmers and Pruners,2023,19.28,-1.9333,-3.8339,-1.288,Building and Grounds Cleaning and Maintenance,27,15,0.2833,0.6516
37-3013.00,Tree Trimmers and Pruners,2024,22.35,-1.8615,-3.1205,-1.3515,Building and Grounds Cleaning and Maintenance,30,12,0.1851,0.7424
37-3013.00,Tree Trimmers and Pruners,2025,26.37,-1.8125,-2.1863,-1.3824,Building and Grounds Cleaning and Maintenance,34,6,0.1102,0.8102
37-3013.00,Tree Trimmers and Pruners,2026,28.23,-1.7541,-1.7541,-1.1947,Building and Grounds Cleaning and Maintenance,36,3,0.0522,0.8647
39-1013.00,First-Line Supervisors of Gambling Services Workers,2020,25.0,0.6879,-2.5047,0.7577,Personal Care and Service,23,16,0.2308,0.6977
39-1013.00,First-Line Supervisors of Gambling Services Workers,2021,25.99,0.5701,-2.2746,0.7999,Personal Care and Service,20,18,0.2729,0.6583
39-1013.00,First-Line Supervisors of Gambling Services Workers,2022,23.74,0.5338,-2.7975,0.9351,Personal Care and Service,22,18,0.2792,0.6555
39-1013.00,First-Line Supervisors of Gambling Services Workers,2023,28.56,0.5476,-1.6774,1.2777,Personal Care and Service,23,15,0.2658,0.663
39-1013.00,First-Line Supervisors of Gambling Services Workers,2024,32.21,0.3572,-0.8293,1.2596,Personal Care and Service,25,12,0.1575,0.7604
39-1013.00,First-Line Supervisors of Gambling Services Workers,2025,35.37,0.2281,-0.0949,0.949,Personal Care and Service,30,6,0.0748,0.8379
39-1013.00,First-Line Supervisors of Gambling Services Workers,2026,37.15,0.3187,0.3187,1.2737,Personal Care and Service,32,3,0.0538,0.8603
39-1022.00,First-Line Supervisors of Personal Service Workers,2020,25.53,0.9181,-2.3815,1.0334,Personal Care and Service,21,16,0.2206,0.7123
39-1022.00,First-Line Supervisors of Personal Service Workers,2021,27.17,0.9667,-2.0004,1.3115,Personal Care and Service,17,18,0.25,0.6867
39-1022.00,First-Line Supervisors of Personal Service Workers,2022,23.64,0.4894,-2.8207,0.8852,Personal Care and Service,20,18,0.2508,0.6807
39-1022.00,First-Line Supervisors of Personal Service Workers,2023,28.48,0.5262,-1.696,1.2479,Personal Care and Service,20,15,0.2432,0.692
39-1022.00,First-Line Supervisors of Personal Service Workers,2024,33.34,0.6114,-0.5667,1.6992,Personal Care and Service,21,12,0.1309,0.7859
39-1022.00,First-Line Supervisors of Personal Service Workers,2025,36.36,0.4525,0.1351,1.34,Personal Care and Service,25,6,0.0507,0.862
39-1022.00,First-Line Supervisors of Personal Service Workers,2026,37.06,0.2978,0.2978,1.236,Personal Care and Service,26,3,0.0374,0.8729
39-2011.00,Animal Trainers,2020,21.09,-1.0107,-3.4133,-1.2758,Personal Care and Service,28,16,0.2758,0.6649
39-2011.00,Animal Trainers,2021,20.83,-1.1639,-3.4737,-1.4374,Personal Care and Service,25,18,0.3153,0.6242
39-2011.00,Animal Trainers,2022,19.54,-1.3296,-3.7735,-1.1597,Personal Care and Service,26,18,0.3126,0.6246
39-2011.00,Animal Trainers,2023,21.89,-1.2355,-3.2274,-1.2075,Personal Care and Service,27,15,0.2772,0.6524
39-2011.00,Animal Trainers,2024,26.34,-0.9637,-2.1933,-1.0239,Personal Care and Service,30,12,0.192,0.7357
39-2011.00,Animal Trainers,2025,29.63,-1.0733,-1.4288,-1.3178,Personal Care and Service,34,6,0.1013,0.8137
39-2011.00,Animal Trainers,2026,30.52,-1.222,-1.222,-1.4969,Personal Care and Service,36,3,0.0499,0.8605
39-2021.00,Animal Caretakers,2020,22.06,-0.5893,-3.1879,-0.7714,Personal Care and Service,24,16,0.2183,0.7134
39-2021.00,Animal Caretakers,2021,22.63,-0.559,-3.0554,-0.6569,Personal Care and Service,20,18,0.2774,0.6535
39-2021.00,Animal Caretakers,2022,19.77,-1.2276,-3.72,-1.045,Personal Care and Service,22,18,0.2518,0.6744
39-2021.00,Animal Caretakers,2023,23.04,-0.9281,-2.9602,-0.779,Personal Care and Service,23,15,0.2579,0.6798
39-2021.00,Animal Caretakers,2024,28.09,-0.5699,-1.7867,-0.3431,Personal Care and Service,25,12,0.1768,0.7481
39-2021.00,Animal Caretakers,2025,30.57,-0.8602,-1.2104,-0.9466,Personal Care and Service,30,6,0.1043,0.8166
39-2021.00,Animal Caretakers,2026,31.5,-0.9942,-0.9942,-1.0873,Personal Care and Service,31,3,0.0478,0.8611
39-3011.00,Gambling Dealers,2020,24.13,0.3099,-2.7069,0.3052,Personal Care and Service,22,16,0.1988,0.7231
39-3011.00,Gambling Dealers,2021,25.07,0.261,-2.4884,0.401,Personal Care and Service,19,18,0.2976,0.6461
39-3011.00,Gambling Dealers,2022,23.89,0.6003,-2.7626,1.0099,Personal Care and Service,21,18,0.2424,0.6876
39-3011.00,Gambling Dealers,2023,27.84,0.3551,-1.8447,1.0095,Personal Care and Service,21,15,0.2439,0.6841
39-3011.00,Gambling Dealers,2024,30.91,0.0646,-1.1313,0.7539,Personal Care and Service,24,12,0.1528,0.7743
39-3011.00,Gambling Dealers,2025,33.36,-0.2277,-0.562,0.1552,Personal Care and Service,27,6,0.0811,0.8356
39-3011.00,Gambling Dealers,2026,35.0,-0.1809,-0.1809,0.3752,Personal Care and Service,28,3,0.0703,0.8485
39-3012.00,Gambling and Sports Book Writers and Runners,2020,24.56,0.4967,-2.6069,0.5289,Personal Care and Service,22,16,0.2021,0.7319
39-3012.00,Gambling and Sports Book Writers and Runners,2021,25.76,0.4928,-2.3281,0.7002,Personal Care and Service,18,18,0.2602,0.6705
39-3012.00,Gambling and Sports Book Writers and Runners,2022,23.69,0.5116,-2.8091,0.9101,Personal Care and Service,20,18,0.2296,0.6951
39-3012.00,Gambling and Sports Book Writers and Runners,2023,29.39,0.7695,-1.4846,1.587,Personal Care and Service,21,15,0.2406,0.6928
39-3012.00,Gambling and Sports Book Writers and Runners,2024,32.1,0.3324,-0.8548,1.2168,Personal Care and Service,22,12,0.1478,0.7706
39-3012.00,Gambling and Sports Book Writers and Runners,2025,35.15,0.1782,-0.1461,0.8621,Personal Care and Service,26,6,0.0507,0.8608
39-3012.00,Gambling and Sports Book Writers and Runners,2026,37.1,0.3071,0.3071,1.2528,Personal Care and Service,26,3,0.0458,0.8608
39-3021.00,Motion Picture Projectionists,2020,23.23,-0.0811,-2.916,-0.1628,Personal Care and Service,22,16,0.2074,0.7153
39-3021.00,Motion Picture Projectionists,2021,23.48,-0.2734,-2.8579,-0.2884,Personal Care and Service,21,18,0.295,0.6428
39-3021.00,Motion Picture Projectionists,2022,21.54,-0.4423,-3.3087,-0.1622,Personal Care and Service,21,18,0.258,0.6747
39-3021.00,Motion Picture Projectionists,2023,24.37,-0.5725,-2.6511,-0.2834,Personal Care and Service,23,15,0.2211,0.7046
39-3021.00,Motion Picture Projectionists,2024,27.62,-0.6757,-1.8959,-0.526,Personal Care and Service,25,12,0.1521,0.7715
39-3021.00,Motion Picture Projectionists,2025,31.97,-0.5428,-0.885,-0.3937,Personal Care and Service,27,6,0.0834,0.8254
39-3021.00,Motion Picture Projectionists,2026,33.56,-0.5156,-0.5156,-0.2265,Personal Care and Service,29,3,0.06,0.8465
39-3031.00,"Ushers, Lobby Attendants, and Ticket Takers",2020,24.7,0.5576,-2.5744,0.6017,Personal Care and Service,23,16,0.2166,0.7079
39-3031.00,"Ushers, Lobby Attendants, and Ticket Takers",2021,25.56,0.4256,-2.3746,0.6134,Personal Care and Service,20,18,0.2862,0.6493
39-3031.00,"Ushers, Lobby Attendants, and Ticket Takers",2022,22.79,0.1123,-3.0182,0.4613,Personal Care and Service,22,18,0.2588,0.6684
39-3031.00,"Ushers, Lobby Attendants, and Ticket Takers",2023,25.84,-0.1795,-2.3095,0.2643,Personal Care and Service,23,15,0.2553,0.6789
39-3031.00,"Ushers, Lobby Attendants, and Ticket Takers",2024,29.71,-0.2054,-1.4102,0.2871,Personal Care and Service,25,12,0.157,0.7626
39-3031.00,"Ushers, Lobby Attendants, and Ticket Takers",2025,33.14,-0.2775,-0.6131,0.0684,Personal Care and Service,29,6,0.0769,0.8332
39-3031.00,"Ushers, Lobby Attendants, and Ticket Takers",2026,34.31,-0.3413,-0.3413,0.0869,Personal Care and Service,31,3,0.0507,0.8592
39-3091.00,Amusement and Recreation Attendants,2020,24.47,0.4576,-2.6279,0.4821,Personal Care and Service,24,16,0.2485,0.6899
39-3091.00,Amusement and Recreation Attendants,2021,25.06,0.2576,-2.4908,0.3966,Personal Care and Service,20,18,0.2578,0.6693
39-3091.00,Amusement and Recreation Attendants,2022,22.09,-0.1983,-3.1809,0.1121,Personal Care and Service,23,18,0.2805,0.6549
39-3091.00,Amusement and Recreation Attendants,2023,25.15,-0.364,-2.4698,0.0072,Personal Care and Service,23,15,0.2501,0.6781
39-3091.00,Amusement and Recreation Attendants,2024,28.4,-0.5002,-1.7146,-0.2225,Personal Care and Service,26,12,0.1323,0.7906
39-3091.00,Amusement and Recreation Attendants,2025,33.42,-0.2141,-0.5481,0.1789,Personal Care and Service,30,6,0.0619,0.8487
39-3091.00,Amusement and Recreation Attendants,2026,34.04,-0.404,-0.404,-0.0259,Personal Care and Service,32,3,0.0371,0.8748
39-3092.00,Costume Attendants,2020,22.34,-0.4677,-3.1228,-0.6257,Personal Care and Service,22,16,0.2323,0.703
39-3092.00,Costume Attendants,2021,23.55,-0.2498,-2.8416,-0.2581,Personal Care and Service,19,18,0.3328,0.6095
39-3092.00,Costume Attendants,2022,21.15,-0.6153,-3.3993,-0.3567,Personal Care and Service,21,18,0.2893,0.6504
39-3092.00,Costume Attendants,2023,23.4,-0.8318,-2.8765,-0.6448,Personal Care and Service,21,15,0.2595,0.6672
39-3092.00,Costume Attendants,2024,28.51,-0.4754,-1.6891,-0.1798,Personal Care and Service,24,12,0.1701,0.7578
39-3092.00,Costume Attendants,2025,33.24,-0.2549,-0.5899,0.1079,Personal Care and Service,27,6,0.0891,0.8278
39-3092.00,Costume Attendants,2026,34.02,-0.4087,-0.4087,-0.0343,Personal Care and Service,28,3,0.0652,0.8435
39-3093.00,"Locker Room, Coatroom, and Dressing Room Attendants",2020,24.37,0.4142,-2.6511,0.4301,Personal Care and Service,17,16,0.1856,0.7399
39-3093.00,"Locker Room, Coatroom, and Dressing Room Attendants",2021,25.11,0.2744,-2.4791,0.4183,Personal Care and Service,15,18,0.1741,0.7536
39-3093.00,"Locker Room, Coatroom, and Dressing Room Attendants",2022,21.45,-0.4822,-3.3296,-0.2071,Personal Care and Service,15,18,0.2286,0.6977
39-3093.00,"Locker Room, Coatroom, and Dressing Room Attendants",2023,26.01,-0.1341,-2.27,0.3276,Personal Care and Service,15,15,0.2251,0.6994
39-3093.00,"Locker Room, Coatroom, and Dressing Room Attendants",2024,29.81,-0.1829,-1.387,0.326,Personal Care and Service,18,12,0.1083,0.8142
39-3093.00,"Locker Room, Coatroom, and Dressing Room Attendants",2025,33.69,-0.1528,-0.4853,0.2856,Personal Care and Service,21,6,0.0471,0.8671
39-3093.00,"Locker Room, Coatroom, and Dressing Room Attendants",2026,35.46,-0.074,-0.074,0.5674,Personal Care and Service,22,3,0.0217,0.8811
39-4011.00,Embalmers,2020,22.25,-0.5068,-3.1437,-0.6725,Personal Care and Service,23,16,0.2299,0.6935
39-4011.00,Embalmers,2021,22.79,-0.5052,-3.0182,-0.5876,Personal Care and Service,22,18,0.305,0.6316
39-4011.00,Embalmers,2022,20.6,-0.8593,-3.5272,-0.631,Personal Care and Service,22,18,0.2786,0.6493
39-4011.00,Embalmers,2023,23.78,-0.7303,-2.7882,-0.5033,Personal Care and Service,24,15,0.2468,0.6822
39-4011.00,Embalmers,2024,27.08,-0.7972,-2.0214,-0.7361,Personal Care and Service,26,12,0.1665,0.7529
39-4011.00,Embalmers,2025,31.99,-0.5383,-0.8804,-0.3858,Personal Care and Service,30,6,0.0995,0.8166
39-4011.00,Embalmers,2026,33.12,-0.6178,-0.6178,-0.4104,Personal Care and Service,32,3,0.0598,0.8511
39-4021.00,Funeral Attendants,2020,24.58,0.5054,-2.6023,0.5393,Personal Care and Service,24,16,0.239,0.6874
39-4021.00,Funeral Attendants,2021,24.75,0.1534,-2.5628,0.2622,Personal Care and Service,22,18,0.2346,0.699
39-4021.00,Funeral Attendants,2022,22.09,-0.1983,-3.1809,0.1121,Personal Care and Service,23,18,0.2631,0.6656
39-4021.00,Funeral Attendants,2023,25.51,-0.2678,-2.3862,0.1413,Personal Care and Service,24,15,0.2487,0.6765
39-4021.00,Funeral Attendants,2024,28.39,-0.5024,-1.7169,-0.2264,Personal Care and Service,26,12,0.1508,0.774
39-4021.00,Funeral Attendants,2025,33.64,-0.1642,-0.497,0.2658,Personal Care and Service,30,6,0.0745,0.8368
39-4021.00,Funeral Attendants,2026,33.94,-0.4272,-0.4272,-0.0677,Personal Care and Service,32,3,0.0237,0.884
39-4031.00,"Morticians, Undertakers, and Funeral Arrangers",2020,24.38,0.4185,-2.6488,0.4353,Personal Care and Service,26,16,0.2656,0.6718
39-4031.00,"Morticians, Undertakers, and Funeral Arrangers",2021,24.56,0.0896,-2.6069,0.1799,Personal Care and Service,23,18,0.2913,0.6473
39-4031.00,"Morticians, Undertakers, and Funeral Arrangers",2022,23.62,0.4805,-2.8254,0.8752,Personal Care and Service,24,18,0.2895,0.6413
39-4031.00,"Morticians, Undertakers, and Funeral Arrangers",2023,26.85,0.0905,-2.0748,0.6406,Personal Care and Service,25,15,0.2399,0.6847
39-4031.00,"Morticians, Undertakers, and Funeral Arrangers",2024,30.34,-0.0636,-1.2638,0.5322,Personal Care and Service,28,12,0.1554,0.7698
39-4031.00,"Morticians, Undertakers, and Funeral Arrangers",2025,34.92,0.126,-0.1995,0.7713,Personal Care and Service,31,6,0.0792,0.8335
39-4031.00,"Morticians, Undertakers, and Funeral Arrangers",2026,35.59,-0.0438,-0.0438,0.6218,Personal Care and Service,33,3,0.0484,0.8645
39-5011.00,Barbers,2020,21.76,-0.7197,-3.2576,-0.9274,Personal Care and Service,20,16,0.2246,0.6994
39-5011.00,Barbers,2021,20.86,-1.1538,-3.4667,-1.4244,Personal Care and Service,18,18,0.3385,0.6041
39-5011.00,Barbers,2022,19.91,-1.1654,-3.6875,-0.9751,Personal Care and Service,19,18,0.2849,0.6478
39-5011.00,Barbers,2023,22.0,-1.2061,-3.2018,-1.1665,Personal Care and Service,20,15,0.241,0.6915
39-5011.00,Barbers,2024,25.32,-1.1932,-2.4303,-1.4207,Personal Care and Service,23,12,0.1458,0.7768
39-5011.00,Barbers,2025,30.39,-0.901,-1.2522,-1.0176,Personal Care and Service,25,6,0.0828,0.8312
39-5011.00,Barbers,2026,32.37,-0.7921,-0.7921,-0.7238,Personal Care and Service,26,3,0.0749,0.8418
39-5012.00,"Hairdressers, Hairstylists, and Cosmetologists",2020,21.59,-0.7935,-3.2971,-1.0158,Personal Care and Service,22,16,0.2337,0.6953
39-5012.00,"Hairdressers, Hairstylists, and Cosmetologists",2021,21.55,-0.9219,-3.3064,-1.1252,Personal Care and Service,19,18,0.3775,0.5658
39-5012.00,"Hairdressers, Hairstylists, and Cosmetologists",2022,20.63,-0.846,-3.5202,-0.616,Personal Care and Service,21,18,0.2841,0.6523
39-5012.00,"Hairdressers, Hairstylists, and Cosmetologists",2023,22.08,-1.1847,-3.1832,-1.1367,Personal Care and Service,21,15,0.2368,0.6881
39-5012.00,"Hairdressers, Hairstylists, and Cosmetologists",2024,25.79,-1.0874,-2.3211,-1.2379,Personal Care and Service,24,12,0.1754,0.7473
39-5012.00,"Hairdressers, Hairstylists, and Cosmetologists",2025,30.08,-0.9713,-1.3242,-1.1401,Personal Care and Service,27,6,0.0951,0.823
39-5012.00,"Hairdressers, Hairstylists, and Cosmetologists",2026,32.74,-0.7061,-0.7061,-0.5692,Personal Care and Service,28,3,0.0816,0.8347
39-5091.00,"Makeup Artists, Theatrical and Performance",2020,21.1,-1.0064,-3.411,-1.2706,Personal Care and Service,22,16,0.2095,0.7204
39-5091.00,"Makeup Artists, Theatrical and Performance",2021,22.22,-0.6968,-3.1507,-0.8347,Personal Care and Service,19,18,0.372,0.5664
39-5091.00,"Makeup Artists, Theatrical and Performance",2022,20.27,-1.0057,-3.6038,-0.7956,Personal Care and Service,21,18,0.2946,0.6446
39-5091.00,"Makeup Artists, Theatrical and Performance",2023,22.59,-1.0484,-3.0647,-0.9466,Personal Care and Service,22,15,0.2626,0.6744
39-5091.00,"Makeup Artists, Theatrical and Performance",2024,27.06,-0.8017,-2.026,-0.7438,Personal Care and Service,24,12,0.1888,0.7361
39-5091.00,"Makeup Artists, Theatrical and Performance",2025,30.77,-0.8149,-1.1639,-0.8676,Personal Care and Service,27,6,0.0774,0.8354
39-5091.00,"Makeup Artists, Theatrical and Performance",2026,32.5,-0.7619,-0.7619,-0.6695,Personal Care and Service,28,3,0.0661,0.8474
39-5092.00,Manicurists and Pedicurists,2020,23.99,0.2491,-2.7394,0.2324,Personal Care and Service,19,16,0.209,0.7211
39-5092.00,Manicurists and Pedicurists,2021,23.93,-0.1221,-2.7533,-0.0933,Personal Care and Service,16,18,0.3359,0.6108
39-5092.00,Manicurists and Pedicurists,2022,22.01,-0.2337,-3.1995,0.0722,Personal Care and Service,18,18,0.2732,0.6668
39-5092.00,Manicurists and Pedicurists,2023,24.13,-0.6367,-2.7069,-0.3729,Personal Care and Service,19,15,0.2106,0.7192
39-5092.00,Manicurists and Pedicurists,2024,28.6,-0.4552,-1.6681,-0.1447,Personal Care and Service,21,12,0.1649,0.7634
39-5092.00,Manicurists and Pedicurists,2025,32.99,-0.3115,-0.648,0.0091,Personal Care and Service,24,6,0.079,0.8449
39-5092.00,Manicurists and Pedicurists,2026,35.26,-0.1205,-0.1205,0.4839,Personal Care and Service,24,3,0.0774,0.8449
39-5093.00,Shampooers,2020,21.51,-0.8283,-3.3157,-1.0574,Personal Care and Service,20,16,0.2097,0.7131
39-5093.00,Shampooers,2021,21.01,-1.1034,-3.4319,-1.3593,Personal Care and Service,18,18,0.3017,0.6462
39-5093.00,Shampooers,2022,19.45,-1.3695,-3.7944,-1.2046,Personal Care and Service,19,18,0.2633,0.6738
39-5093.00,Shampooers,2023,21.89,-1.2355,-3.2274,-1.2075,Personal Care and Service,20,15,0.2402,0.698
39-5093.00,Shampooers,2024,25.72,-1.1032,-2.3374,-1.2651,Personal Care and Service,22,12,0.1588,0.7646
39-5093.00,Shampooers,2025,30.26,-0.9305,-1.2824,-1.069,Personal Care and Service,25,6,0.0875,0.8302
39-5093.00,Shampooers,2026,32.03,-0.8711,-0.8711,-0.8659,Personal Care and Service,26,3,0.0679,0.8457
39-5094.00,Skincare Specialists,2020,24.09,0.2925,-2.7162,0.2844,Personal Care and Service,20,16,0.2206,0.7031
39-5094.00,Skincare Specialists,2021,24.02,-0.0919,-2.7324,-0.0543,Personal Care and Service,17,18,0.2908,0.6472
39-5094.00,Skincare Specialists,2022,21.75,-0.3491,-3.2599,-0.0574,Personal Care and Service,19,18,0.2831,0.6554
39-5094.00,Skincare Specialists,2023,24.65,-0.4977,-2.586,-0.1791,Personal Care and Service,20,15,0.2359,0.7009
39-5094.00,Skincare Specialists,2024,29.26,-0.3066,-1.5148,0.112,Personal Care and Service,22,12,0.1426,0.7749
39-5094.00,Skincare Specialists,2025,34.21,-0.0349,-0.3645,0.4909,Personal Care and Service,25,6,0.0752,0.8452
39-5094.00,Skincare Specialists,2026,35.87,0.0212,0.0212,0.7388,Personal Care and Service,25,3,0.0655,0.8452
39-6011.00,Baggage Porters and Bellhops,2020,22.51,-0.3938,-3.0833,-0.5373,Personal Care and Service,27,16,0.2968,0.6396
39-6011.00,Baggage Porters and Bellhops,2021,22.59,-0.5725,-3.0647,-0.6743,Personal Care and Service,24,18,0.3201,0.6124
39-6011.00,Baggage Porters and Bellhops,2022,20.97,-0.6952,-3.4412,-0.4465,Personal Care and Service,25,18,0.3332,0.6005
39-6011.00,Baggage Porters and Bellhops,2023,22.47,-1.0805,-3.0926,-0.9914,Personal Care and Service,27,15,0.3082,0.6259
39-6011.00,Baggage Porters and Bellhops,2024,25.07,-1.2495,-2.4884,-1.518,Personal Care and Service,29,12,0.204,0.7193
39-6011.00,Baggage Porters and Bellhops,2025,29.78,-1.0393,-1.3939,-1.2585,Personal Care and Service,34,6,0.1076,0.8087
39-6011.00,Baggage Porters and Bellhops,2026,30.01,-1.3405,-1.3405,-1.71,Personal Care and Service,36,3,0.0354,0.8772
39-6012.00,Concierges,2020,27.18,1.6349,-1.9981,1.8915,Personal Care and Service,17,16,0.2205,0.7135
39-6012.00,Concierges,2021,27.57,1.1011,-1.9075,1.4849,Personal Care and Service,15,18,0.203,0.7312
39-6012.00,Concierges,2022,25.09,1.1327,-2.4838,1.6084,Personal Care and Service,16,18,0.2558,0.6773
39-6012.00,Concierges,2023,29.12,0.6973,-1.5473,1.4864,Personal Care and Service,16,15,0.2443,0.6896
39-6012.00,Concierges,2024,33.1,0.5574,-0.6224,1.6059,Personal Care and Service,18,12,0.1022,0.8213
39-6012.00,Concierges,2025,37.7,0.7563,0.4465,1.8691,Personal Care and Service,20,6,0.0301,0.8809
39-6012.00,Concierges,2026,37.84,0.479,0.479,1.562,Personal Care and Service,20,3,0.0244,0.8809
39-7011.00,Tour Guides and Escorts,2020,26.74,1.4438,-2.1004,1.6627,Personal Care and Service,18,16,0.2083,0.7222
39-7011.00,Tour Guides and Escorts,2021,27.84,1.1918,-1.8447,1.602,Personal Care and Service,15,18,0.1813,0.7399
39-7011.00,Tour Guides and Escorts,2022,23.78,0.5515,-2.7882,0.955,Personal Care and Service,16,18,0.2456,0.6795
39-7011.00,Tour Guides and Escorts,2023,27.88,0.3658,-1.8355,1.0244,Personal Care and Service,16,15,0.2635,0.6688
39-7011.00,Tour Guides and Escorts,2024,31.21,0.1321,-1.0616,0.8706,Personal Care and Service,18,12,0.1057,0.8145
39-7011.00,Tour Guides and Escorts,2025,35.97,0.3641,0.0445,1.1859,Personal Care and Service,21,6,0.0331,0.8728
39-7011.00,Tour Guides and Escorts,2026,36.67,0.2071,0.2071,1.0731,Personal Care and Service,22,3,0.0213,0.884
39-7012.00,Travel Guides,2020,26.14,1.1831,-2.2398,1.3506,Personal Care and Service,24,16,0.2241,0.7066
39-7012.00,Travel Guides,2021,27.75,1.1616,-1.8657,1.563,Personal Care and Service,21,18,0.2484,0.684
39-7012.00,Travel Guides,2022,25.52,1.3235,-2.3839,1.8228,Personal Care and Service,23,18,0.2508,0.6831
39-7012.00,Travel Guides,2023,28.68,0.5797,-1.6495,1.3224,Personal Care and Service,24,15,0.2231,0.7036
39-7012.00,Travel Guides,2024,31.52,0.2019,-0.9896,0.9912,Personal Care and Service,25,12,0.1282,0.7864
39-7012.00,Travel Guides,2025,35.96,0.3618,0.0422,1.182,Personal Care and Service,29,6,0.0447,0.8659
39-7012.00,Travel Guides,2026,36.64,0.2002,0.2002,1.0605,Personal Care and Service,30,3,0.0354,0.8767
39-9011.00,Childcare Workers,2020,22.22,-0.5198,-3.1507,-0.6881,Personal Care and Service,23,16,0.2254,0.7041
39-9011.00,Childcare Workers,2021,23.92,-0.1255,-2.7557,-0.0976,Personal Care and Service,19,18,0.3057,0.6361
39-9011.00,Childcare Workers,2022,21.03,-0.6685,-3.4272,-0.4165,Personal Care and Service,22,18,0.2821,0.6554
39-9011.00,Childcare Workers,2023,24.86,-0.4415,-2.5372,-0.1009,Personal Care and Service,21,15,0.2924,0.645
39-9011.00,Childcare Workers,2024,29.41,-0.2729,-1.4799,0.1704,Personal Care and Service,23,12,0.1741,0.7456
39-9011.00,Childcare Workers,2025,32.87,-0.3388,-0.6759,-0.0383,Personal Care and Service,27,6,0.0821,0.8279
39-9011.00,Childcare Workers,2026,33.23,-0.5922,-0.5922,-0.3644,Personal Care and Service,29,3,0.0516,0.8585
39-9011.01,Nannies,2020,22.47,-0.4112,-3.0926,-0.5581,Personal Care and Service,26,16,0.2528,0.6725
39-9011.01,Nannies,2021,23.1,-0.4011,-2.9462,-0.4532,Personal Care and Service,24,18,0.2813,0.6567
39-9011.01,Nannies,2022,20.18,-1.0456,-3.6248,-0.8405,Personal Care and Service,25,18,0.2959,0.6381
39-9011.01,Nannies,2023,23.91,-0.6955,-2.758,-0.4548,Personal Care and Service,26,15,0.271,0.6599
39-9011.01,Nannies,2024,28.02,-0.5857,-1.8029,-0.3704,Personal Care and Service,28,12,0.1619,0.7585
39-9011.01,Nannies,2025,31.14,-0.731,-1.0779,-0.7215,Personal Care and Service,32,6,0.0872,0.8271
39-9011.01,Nannies,2026,31.64,-0.9617,-0.9617,-1.0288,Personal Care and Service,34,3,0.0417,0.8644
39-9031.00,Exercise Trainers and Group Fitness Instructors,2020,18.5,-2.1359,-4.0151,-2.6229,Personal Care and Service,22,16,0.3086,0.63
39-9031.00,Exercise Trainers and Group Fitness Instructors,2021,18.47,-1.957,-4.0221,-2.4606,Personal Care and Service,19,18,0.3355,0.6061
39-9031.00,Exercise Trainers and Group Fitness Instructors,2022,16.25,-2.7892,-4.538,-2.8006,Personal Care and Service,21,18,0.3388,0.6041
39-9031.00,Exercise Trainers and Group Fitness Instructors,2023,18.85,-2.0482,-3.9338,-2.3401,Personal Care and Service,20,15,0.3495,0.5885
39-9031.00,Exercise Trainers and Group Fitness Instructors,2024,23.43,-1.6185,-2.8695,-2.156,Personal Care and Service,24,12,0.2328,0.7012
39-9031.00,Exercise Trainers and Group Fitness Instructors,2025,26.48,-1.7875,-2.1608,-2.5617,Personal Care and Service,27,6,0.1013,0.8131
39-9031.00,Exercise Trainers and Group Fitness Instructors,2026,28.07,-1.7913,-1.7913,-2.5207,Personal Care and Service,29,3,0.0202,0.8942
39-9032.00,Recreation Workers,2020,24.28,0.3751,-2.672,0.3833,Personal Care and Service,22,16,0.2622,0.671
39-9032.00,Recreation Workers,2021,25.72,0.4794,-2.3374,0.6828,Personal Care and Service,19,18,0.2892,0.6504
39-9032.00,Recreation Workers,2022,22.95,0.1833,-2.9811,0.5411,Personal Care and Service,21,18,0.3018,0.6311
39-9032.00,Recreation Workers,2023,27.44,0.2482,-1.9377,0.8604,Personal Care and Service,21,15,0.2949,0.6443
39-9032.00,Recreation Workers,2024,31.37,0.1681,-1.0245,0.9328,Personal Care and Service,23,12,0.1801,0.7443
39-9032.00,Recreation Workers,2025,34.4,0.0081,-0.3204,0.5659,Personal Care and Service,27,6,0.0749,0.8368
39-9032.00,Recreation Workers,2026,34.46,-0.3064,-0.3064,0.1496,Personal Care and Service,29,3,0.0326,0.8791
39-9041.00,Residential Advisors,2020,25.98,1.1136,-2.277,1.2674,Personal Care and Service,21,16,0.218,0.714
39-9041.00,Residential Advisors,2021,27.35,1.0272,-1.9586,1.3895,Personal Care and Service,17,18,0.2425,0.6914
39-9041.00,Residential Advisors,2022,24.7,0.9597,-2.5744,1.4139,Personal Care and Service,20,18,0.2554,0.6778
39-9041.00,Residential Advisors,2023,28.13,0.4327,-1.7774,1.1175,Personal Care and Service,19,15,0.2354,0.6883
39-9041.00,Residential Advisors,2024,32.46,0.4134,-0.7712,1.3569,Personal Care and Service,21,12,0.1296,0.7916
39-9041.00,Residential Advisors,2025,36.59,0.5047,0.1886,1.4308,Personal Care and Service,25,6,0.0468,0.8648
39-9041.00,Residential Advisors,2026,37.26,0.3442,0.3442,1.3196,Personal Care and Service,26,3,0.0328,0.8764
41-1011.00,First-Line Supervisors of Retail Sales Workers,2020,23.76,0.1492,-2.7928,-1.009,Sales and Related,23,16,0.2433,0.6914
41-1011.00,First-Line Supervisors of Retail Sales Workers,2021,25.33,0.3483,-2.428,-0.8084,Sales and Related,19,18,0.2961,0.6451
41-1011.00,First-Line Supervisors of Retail Sales Workers,2022,23.49,0.4229,-2.8556,-0.5873,Sales and Related,22,18,0.2719,0.6629
41-1011.00,First-Line Supervisors of Retail Sales Workers,2023,28.45,0.5182,-1.703,-0.4477,Sales and Related,22,15,0.2636,0.6738
41-1011.00,First-Line Supervisors of Retail Sales Workers,2024,31.66,0.2334,-0.9571,-0.4931,Sales and Related,24,12,0.1622,0.7585
41-1011.00,First-Line Supervisors of Retail Sales Workers,2025,34.94,0.1306,-0.1949,-0.8117,Sales and Related,28,6,0.0731,0.8436
41-1011.00,First-Line Supervisors of Retail Sales Workers,2026,35.89,0.0259,0.0259,-0.7594,Sales and Related,29,3,0.052,0.8573
41-1012.00,First-Line Supervisors of Non-Retail Sales Workers,2020,26.1,1.1658,-2.2491,0.3405,Sales and Related,17,16,0.2006,0.7229
41-1012.00,First-Line Supervisors of Non-Retail Sales Workers,2021,27.27,1.0003,-1.9772,0.4583,Sales and Related,15,18,0.2288,0.713
41-1012.00,First-Line Supervisors of Non-Retail Sales Workers,2022,25.38,1.2614,-2.4164,0.635,Sales and Related,17,18,0.2064,0.7302
41-1012.00,First-Line Supervisors of Non-Retail Sales Workers,2023,31.18,1.248,-1.0686,0.8513,Sales and Related,17,15,0.2019,0.7416
41-1012.00,First-Line Supervisors of Non-Retail Sales Workers,2024,35.6,1.12,-0.0415,1.2519,Sales and Related,18,12,0.1209,0.7954
41-1012.00,First-Line Supervisors of Non-Retail Sales Workers,2025,39.37,1.135,0.8346,0.9785,Sales and Related,20,6,0.0382,0.8713
41-1012.00,First-Line Supervisors of Non-Retail Sales Workers,2026,40.78,1.1622,1.1622,1.1491,Sales and Related,20,3,0.0382,0.8713
41-2011.00,Cashiers,2020,23.69,0.1188,-2.8091,-1.0494,Sales and Related,22,16,0.2448,0.6801
41-2011.00,Cashiers,2021,24.45,0.0526,-2.6325,-1.3829,Sales and Related,19,18,0.3009,0.6315
41-2011.00,Cashiers,2022,21.96,-0.2559,-3.2111,-1.5767,Sales and Related,22,18,0.2694,0.6687
41-2011.00,Cashiers,2023,26.21,-0.0806,-2.2235,-1.5136,Sales and Related,22,15,0.2885,0.646
41-2011.00,Cashiers,2024,30.05,-0.1289,-1.3312,-1.2061,Sales and Related,24,12,0.1772,0.7413
41-2011.00,Cashiers,2025,34.2,-0.0372,-0.3668,-1.1107,Sales and Related,29,6,0.0738,0.8465
41-2011.00,Cashiers,2026,35.59,-0.0438,-0.0438,-0.8765,Sales and Related,30,3,0.0468,0.8622
41-2012.00,Gambling Change Persons and Booth Cashiers,2020,24.25,0.3621,-2.679,-0.7264,Sales and Related,23,16,0.2159,0.706
41-2012.00,Gambling Change Persons and Booth Cashiers,2021,25.1,0.271,-2.4815,-0.9585,Sales and Related,21,18,0.3023,0.6412
41-2012.00,Gambling Change Persons and Booth Cashiers,2022,23.92,0.6136,-2.7557,-0.3092,Sales and Related,23,18,0.227,0.7107
41-2012.00,Gambling Change Persons and Booth Cashiers,2023,28.85,0.6251,-1.61,-0.2574,Sales and Related,23,15,0.2408,0.6861
41-2012.00,Gambling Change Persons and Booth Cashiers,2024,31.88,0.2829,-0.9059,-0.3956,Sales and Related,26,12,0.1696,0.7555
41-2012.00,Gambling Change Persons and Booth Cashiers,2025,34.69,0.0739,-0.253,-0.9127,Sales and Related,29,6,0.0832,0.8297
41-2012.00,Gambling Change Persons and Booth Cashiers,2026,35.97,0.0445,0.0445,-0.7282,Sales and Related,31,3,0.0638,0.8539
41-2021.00,Counter and Rental Clerks,2020,25.17,0.7617,-2.4652,-0.1958,Sales and Related,24,16,0.2365,0.6886
41-2021.00,Counter and Rental Clerks,2021,25.57,0.429,-2.3722,-0.6517,Sales and Related,21,18,0.2531,0.6752
41-2021.00,Counter and Rental Clerks,2022,24.26,0.7645,-2.6767,-0.0893,Sales and Related,23,18,0.2549,0.6724
41-2021.00,Counter and Rental Clerks,2023,28.73,0.5931,-1.6379,-0.3145,Sales and Related,24,15,0.2481,0.6774
41-2021.00,Counter and Rental Clerks,2024,30.78,0.0354,-1.1616,-0.8828,Sales and Related,27,12,0.1382,0.7853
41-2021.00,Counter and Rental Clerks,2025,36.01,0.3732,0.0538,-0.3793,Sales and Related,30,6,0.073,0.8378
41-2021.00,Counter and Rental Clerks,2026,36.78,0.2327,0.2327,-0.412,Sales and Related,32,3,0.0508,0.8607
41-2022.00,Parts Salespersons,2020,23.4,-0.0072,-2.8765,-1.2166,Sales and Related,24,16,0.2218,0.7107
41-2022.00,Parts Salespersons,2021,25.35,0.3551,-2.4234,-0.7953,Sales and Related,20,18,0.2958,0.6361
41-2022.00,Parts Salespersons,2022,22.85,0.1389,-3.0043,-1.0012,Sales and Related,23,18,0.2638,0.6765
41-2022.00,Parts Salespersons,2023,27.36,0.2268,-1.9563,-0.9664,Sales and Related,23,15,0.2555,0.6742
41-2022.00,Parts Salespersons,2024,30.48,-0.0321,-1.2313,-1.0157,Sales and Related,25,12,0.1653,0.752
41-2022.00,Parts Salespersons,2025,33.66,-0.1596,-0.4923,-1.329,Sales and Related,29,6,0.0833,0.8307
41-2022.00,Parts Salespersons,2026,34.42,-0.3157,-0.3157,-1.3331,Sales and Related,31,3,0.0553,0.8628
41-2031.00,Retail Salespersons,2020,24.22,0.349,-2.6859,-0.7437,Sales and Related,22,16,0.2514,0.6762
41-2031.00,Retail Salespersons,2021,25.31,0.3416,-2.4327,-0.8214,Sales and Related,19,18,0.2799,0.6596
41-2031.00,Retail Salespersons,2022,23.41,0.3874,-2.8742,-0.639,Sales and Related,21,18,0.2728,0.6578
41-2031.00,Retail Salespersons,2023,28.35,0.4915,-1.7262,-0.4953,Sales and Related,21,15,0.262,0.6662
41-2031.00,Retail Salespersons,2024,31.68,0.2379,-0.9524,-0.4842,Sales and Related,23,12,0.1616,0.7574
41-2031.00,Retail Salespersons,2025,35.48,0.253,-0.0694,-0.5935,Sales and Related,27,6,0.0554,0.8539
41-2031.00,Retail Salespersons,2026,36.62,0.1955,0.1955,-0.4745,Sales and Related,29,3,0.0356,0.8773
41-3011.00,Advertising Sales Agents,2020,26.08,1.1571,-2.2537,0.329,Sales and Related,19,16,0.2225,0.7197
41-3011.00,Advertising Sales Agents,2021,27.43,1.054,-1.94,0.5627,Sales and Related,16,18,0.2558,0.6815
41-3011.00,Advertising Sales Agents,2022,25.32,1.2348,-2.4303,0.5962,Sales and Related,17,18,0.2622,0.6711
41-3011.00,Advertising Sales Agents,2023,30.27,1.0048,-1.2801,0.4183,Sales and Related,18,15,0.2334,0.7127
41-3011.00,Advertising Sales Agents,2024,33.01,0.5372,-0.6434,0.1048,Sales and Related,20,12,0.1318,0.8017
41-3011.00,Advertising Sales Agents,2025,36.72,0.5341,0.2188,-0.0924,Sales and Related,22,6,0.0306,0.8738
41-3011.00,Advertising Sales Agents,2026,37.88,0.4883,0.4883,0.0173,Sales and Related,22,3,0.0303,0.8738
41-3021.00,Insurance Sales Agents,2020,26.76,1.4525,-2.0957,0.7212,Sales and Related,16,16,0.2031,0.7245
41-3021.00,Insurance Sales Agents,2021,27.71,1.1481,-1.875,0.7456,Sales and Related,14,18,0.1974,0.7307
41-3021.00,Insurance Sales Agents,2022,25.58,1.3501,-2.3699,0.7643,Sales and Related,15,18,0.2151,0.7146
41-3021.00,Insurance Sales Agents,2023,31.58,1.355,-0.9757,1.0416,Sales and Related,15,15,0.2038,0.7241
41-3021.00,Insurance Sales Agents,2024,35.32,1.0569,-0.1066,1.1279,Sales and Related,17,12,0.1062,0.8093
41-3021.00,Insurance Sales Agents,2025,39.59,1.1849,0.8857,1.0674,Sales and Related,19,6,0.0371,0.8704
41-3021.00,Insurance Sales Agents,2026,40.69,1.1413,1.1413,1.114,Sales and Related,19,3,0.0371,0.8704
41-3031.00,"Securities, Commodities, and Financial Services Sales Agents",2020,25.4,0.8617,-2.4117,-0.0632,Sales and Related,17,16,0.214,0.727
41-3031.00,"Securities, Commodities, and Financial Services Sales Agents",2021,26.65,0.7919,-2.1213,0.0535,Sales and Related,15,18,0.2217,0.7131
41-3031.00,"Securities, Commodities, and Financial Services Sales Agents",2022,25.37,1.257,-2.4187,0.6285,Sales and Related,16,18,0.2265,0.7104
41-3031.00,"Securities, Commodities, and Financial Services Sales Agents",2023,31.44,1.3176,-1.0082,0.975,Sales and Related,16,15,0.2153,0.7214
41-3031.00,"Securities, Commodities, and Financial Services Sales Agents",2024,35.84,1.174,0.0143,1.3581,Sales and Related,18,12,0.1162,0.7992
41-3031.00,"Securities, Commodities, and Financial Services Sales Agents",2025,39.25,1.1078,0.8067,0.93,Sales and Related,20,6,0.0384,0.8747
41-3031.00,"Securities, Commodities, and Financial Services Sales Agents",2026,40.35,1.0623,1.0623,0.9813,Sales and Related,20,3,0.0383,0.8747
41-3041.00,Travel Agents,2020,27.91,1.9521,-1.8285,1.3844,Sales and Related,17,16,0.2233,0.7034
41-3041.00,Travel Agents,2021,28.46,1.4002,-1.7007,1.2352,Sales and Related,15,18,0.2306,0.7057
41-3041.00,Travel Agents,2022,26.08,1.572,-2.2537,1.0877,Sales and Related,16,18,0.2342,0.6922
41-3041.00,Travel Agents,2023,31.43,1.3149,-1.0105,0.9702,Sales and Related,16,15,0.2292,0.6942
41-3041.00,Travel Agents,2024,35.01,0.9872,-0.1786,0.9906,Sales and Related,18,12,0.1235,0.7897
41-3041.00,Travel Agents,2025,38.77,0.9989,0.6951,0.7361,Sales and Related,20,6,0.043,0.8745
41-3041.00,Travel Agents,2026,39.56,0.8787,0.8787,0.673,Sales and Related,20,3,0.043,0.8745
41-4011.00,"Sales Representatives, Wholesale and Manufacturing, Technical and Scientific Products",2020,26.3,1.2526,-2.2026,0.4559,Sales and Related,18,16,0.2323,0.7023
41-4011.00,"Sales Representatives, Wholesale and Manufacturing, Technical and Scientific Products",2021,27.29,1.007,-1.9726,0.4713,Sales and Related,16,18,0.2194,0.7228
41-4011.00,"Sales Representatives, Wholesale and Manufacturing, Technical and Scientific Products",2022,25.24,1.1993,-2.4489,0.5445,Sales and Related,17,18,0.2532,0.6846
41-4011.00,"Sales Representatives, Wholesale and Manufacturing, Technical and Scientific Products",2023,30.63,1.101,-1.1964,0.5896,Sales and Related,17,15,0.2137,0.7136
41-4011.00,"Sales Representatives, Wholesale and Manufacturing, Technical and Scientific Products",2024,33.64,0.6789,-0.497,0.3838,Sales and Related,19,12,0.1198,0.804
41-4011.00,"Sales Representatives, Wholesale and Manufacturing, Technical and Scientific Products",2025,38.49,0.9355,0.6301,0.6229,Sales and Related,21,6,0.0384,0.8658
41-4011.00,"Sales Representatives, Wholesale and Manufacturing, Technical and Scientific Products",2026,38.94,0.7346,0.7346,0.431,Sales and Related,21,3,0.0384,0.8658
41-4011.07,Solar Sales Representatives and Assessors,2020,25.37,0.8486,-2.4187,-0.0805,Sales and Related,18,16,0.1861,0.7407
41-4011.07,Solar Sales Representatives and Assessors,2021,26.72,0.8154,-2.105,0.0992,Sales and Related,16,18,0.2213,0.7267
41-4011.07,Solar Sales Representatives and Assessors,2022,24.91,1.0529,-2.5256,0.3311,Sales and Related,17,18,0.2237,0.7147
41-4011.07,Solar Sales Representatives and Assessors,2023,30.6,1.093,-1.2034,0.5753,Sales and Related,17,15,0.201,0.7281
41-4011.07,Solar Sales Representatives and Assessors,2024,33.68,0.6879,-0.4877,0.4015,Sales and Related,19,12,0.1026,0.8225
41-4011.07,Solar Sales Representatives and Assessors,2025,37.99,0.8221,0.5139,0.4209,Sales and Related,21,6,0.0408,0.8741
41-4011.07,Solar Sales Representatives and Assessors,2026,38.83,0.7091,0.7091,0.3881,Sales and Related,21,3,0.0403,0.8741
41-4012.00,"Sales Representatives, Wholesale and Manufacturing, Except Technical and Scientific Products",2020,26.75,1.4481,-2.098,0.7154,Sales and Related,20,16,0.2239,0.7039
41-4012.00,"Sales Representatives, Wholesale and Manufacturing, Except Technical and Scientific Products",2021,27.7,1.1448,-1.8773,0.739,Sales and Related,17,18,0.2136,0.7154
41-4012.00,"Sales Representatives, Wholesale and Manufacturing, Except Technical and Scientific Products",2022,25.09,1.1327,-2.4838,0.4475,Sales and Related,19,18,0.244,0.6908
41-4012.00,"Sales Representatives, Wholesale and Manufacturing, Except Technical and Scientific Products",2023,29.67,0.8444,-1.4195,0.1328,Sales and Related,20,15,0.2038,0.7271
41-4012.00,"Sales Representatives, Wholesale and Manufacturing, Except Technical and Scientific Products",2024,33.1,0.5574,-0.6224,0.1447,Sales and Related,22,12,0.1106,0.8118
41-4012.00,"Sales Representatives, Wholesale and Manufacturing, Except Technical and Scientific Products",2025,38.77,0.9989,0.6951,0.7361,Sales and Related,24,6,0.0385,0.8687
41-4012.00,"Sales Representatives, Wholesale and Manufacturing, Except Technical and Scientific Products",2026,39.21,0.7974,0.7974,0.5364,Sales and Related,25,3,0.0335,0.8806
41-9011.00,Demonstrators and Product Promoters,2020,25.14,0.7487,-2.4722,-0.2131,Sales and Related,23,16,0.2302,0.7048
41-9011.00,Demonstrators and Product Promoters,2021,26.96,0.8961,-2.0492,0.2559,Sales and Related,19,18,0.2904,0.6454
41-9011.00,Demonstrators and Product Promoters,2022,24.74,0.9775,-2.5651,0.2211,Sales and Related,22,18,0.2652,0.6698
41-9011.00,Demonstrators and Product Promoters,2023,28.97,0.6572,-1.5822,-0.2003,Sales and Related,22,15,0.2714,0.667
41-9011.00,Demonstrators and Product Promoters,2024,30.74,0.0264,-1.1709,-0.9005,Sales and Related,23,12,0.1562,0.761
41-9011.00,Demonstrators and Product Promoters,2025,34.73,0.083,-0.2437,-0.8966,Sales and Related,28,6,0.0587,0.8597
41-9011.00,Demonstrators and Product Promoters,2026,35.44,-0.0787,-0.0787,-0.935,Sales and Related,29,3,0.0346,0.8738
41-9012.00,Models,2020,21.05,-1.0281,-3.4226,-2.5719,Sales and Related,19,16,0.2681,0.6743
41-9012.00,Models,2021,21.99,-0.7741,-3.2041,-2.9891,Sales and Related,17,18,0.3124,0.6323
41-9012.00,Models,2022,19.29,-1.4405,-3.8316,-3.3035,Sales and Related,17,18,0.3309,0.6073
41-9012.00,Models,2023,22.6,-1.0457,-3.0624,-3.2313,Sales and Related,17,15,0.3634,0.5812
41-9012.00,Models,2024,26.46,-0.9367,-2.1654,-2.796,Sales and Related,20,12,0.1807,0.7471
41-9012.00,Models,2025,30.28,-0.926,-1.2777,-2.6949,Sales and Related,24,6,0.0673,0.8553
41-9012.00,Models,2026,30.48,-1.2313,-1.2313,-2.8708,Sales and Related,25,3,0.0056,0.904
41-9021.00,Real Estate Brokers,2020,27.36,1.7131,-1.9563,1.0672,Sales and Related,15,16,0.1766,0.7464
41-9021.00,Real Estate Brokers,2021,27.89,1.2086,-1.8331,0.8631,Sales and Related,14,18,0.1428,0.7901
41-9021.00,Real Estate Brokers,2022,25.47,1.3013,-2.3955,0.6932,Sales and Related,15,18,0.1891,0.7439
41-9021.00,Real Estate Brokers,2023,31.32,1.2855,-1.0361,0.9179,Sales and Related,15,15,0.1813,0.7542
41-9021.00,Real Estate Brokers,2024,35.42,1.0794,-0.0833,1.1721,Sales and Related,17,12,0.0681,0.8521
41-9021.00,Real Estate Brokers,2025,40.63,1.4207,1.1274,1.4877,Sales and Related,18,6,0.0224,0.8807
41-9021.00,Real Estate Brokers,2026,41.6,1.3528,1.3528,1.4691,Sales and Related,18,3,0.0224,0.8807
41-9022.00,Real Estate Sales Agents,2020,25.53,0.9181,-2.3815,0.0118,Sales and Related,20,16,0.2021,0.7273
41-9022.00,Real Estate Sales Agents,2021,27.43,1.054,-1.94,0.5627,Sales and Related,17,18,0.2252,0.699
41-9022.00,Real Estate Sales Agents,2022,25.05,1.115,-2.4931,0.4216,Sales and Related,18,18,0.2345,0.6909
41-9022.00,Real Estate Sales Agents,2023,30.49,1.0636,-1.2289,0.523,Sales and Related,20,15,0.2133,0.7193
41-9022.00,Real Estate Sales Agents,2024,33.52,0.6519,-0.5248,0.3307,Sales and Related,21,12,0.1251,0.7929
41-9022.00,Real Estate Sales Agents,2025,37.36,0.6793,0.3675,0.1663,Sales and Related,24,6,0.0441,0.8657
41-9022.00,Real Estate Sales Agents,2026,38.6,0.6556,0.6556,0.2983,Sales and Related,24,3,0.0384,0.8657
41-9031.00,Sales Engineers,2020,25.49,0.9007,-2.3908,-0.0113,Sales and Related,18,16,0.2083,0.7166
41-9031.00,Sales Engineers,2021,27.15,0.96,-2.0051,0.3799,Sales and Related,15,18,0.2375,0.6887
41-9031.00,Sales Engineers,2022,25.0,1.0928,-2.5047,0.3893,Sales and Related,17,18,0.2298,0.7056
41-9031.00,Sales Engineers,2023,30.43,1.0475,-1.2429,0.4944,Sales and Related,17,15,0.207,0.723
41-9031.00,Sales Engineers,2024,34.98,0.9804,-0.1856,0.9773,Sales and Related,19,12,0.1261,0.7952
41-9031.00,Sales Engineers,2025,39.09,1.0715,0.7695,0.8654,Sales and Related,21,6,0.0328,0.8743
41-9031.00,Sales Engineers,2026,40.22,1.0321,1.0321,0.9305,Sales and Related,21,3,0.0328,0.8743
41-9041.00,Telemarketers,2020,29.22,2.5212,-1.5241,2.1399,Sales and Related,13,16,0.2049,0.7226
41-9041.00,Telemarketers,2021,28.6,1.4472,-1.6681,1.3267,Sales and Related,12,18,0.1693,0.76
41-9041.00,Telemarketers,2022,26.11,1.5853,-2.2468,1.1071,Sales and Related,13,18,0.2515,0.6819
41-9041.00,Telemarketers,2023,30.61,1.0957,-1.2011,0.5801,Sales and Related,13,15,0.2345,0.6947
41-9041.00,Telemarketers,2024,32.44,0.4089,-0.7758,-0.1476,Sales and Related,14,12,0.0762,0.8389
41-9041.00,Telemarketers,2025,38.12,0.8516,0.5441,0.4734,Sales and Related,16,6,0.0224,0.8888
41-9041.00,Telemarketers,2026,38.72,0.6835,0.6835,0.3451,Sales and Related,16,3,0.0224,0.8888
41-9091.00,"Door-to-Door Sales Workers, News and Street Vendors, and Related Workers",2020,26.75,1.4481,-2.098,0.7154,Sales and Related,15,16,0.2404,0.6967
41-9091.00,"Door-to-Door Sales Workers, News and Street Vendors, and Related Workers",2021,27.57,1.1011,-1.9075,0.6542,Sales and Related,13,18,0.1988,0.7214
41-9091.00,"Door-to-Door Sales Workers, News and Street Vendors, and Related Workers",2022,23.84,0.5782,-2.7743,-0.3609,Sales and Related,14,18,0.265,0.6666
41-9091.00,"Door-to-Door Sales Workers, News and Street Vendors, and Related Workers",2023,28.04,0.4086,-1.7983,-0.6428,Sales and Related,14,15,0.2276,0.6988
41-9091.00,"Door-to-Door Sales Workers, News and Street Vendors, and Related Workers",2024,32.95,0.5237,-0.6573,0.0782,Sales and Related,16,12,0.1056,0.8217
41-9091.00,"Door-to-Door Sales Workers, News and Street Vendors, and Related Workers",2025,37.78,0.7745,0.4651,0.336,Sales and Related,18,6,0.0204,0.8962
41-9091.00,"Door-to-Door Sales Workers, News and Street Vendors, and Related Workers",2026,37.98,0.5116,0.5116,0.0563,Sales and Related,18,3,0.0191,0.8962
43-1011.00,First-Line Supervisors of Office and Administrative Support Workers,2020,26.24,1.2266,-2.2165,0.5396,Office and Administrative Support,19,16,0.2105,0.7276
43-1011.00,First-Line Supervisors of Office and Administrative Support Workers,2021,27.4,1.044,-1.947,0.5271,Office and Administrative Support,15,18,0.2483,0.6786
43-1011.00,First-Line Supervisors of Office and Administrative Support Workers,2022,25.13,1.1505,-2.4745,0.82,Office and Administrative Support,18,18,0.2283,0.7053
43-1011.00,First-Line Supervisors of Office and Administrative Support Workers,2023,30.53,1.0743,-1.2197,0.5706,Office and Administrative Support,18,15,0.2118,0.722
43-1011.00,First-Line Supervisors of Office and Administrative Support Workers,2024,34.36,0.8409,-0.3296,0.6144,Office and Administrative Support,19,12,0.1333,0.7881
43-1011.00,First-Line Supervisors of Office and Administrative Support Workers,2025,38.33,0.8992,0.5929,0.5938,Office and Administrative Support,22,6,0.0418,0.8748
43-1011.00,First-Line Supervisors of Office and Administrative Support Workers,2026,39.05,0.7602,0.7602,0.3478,Office and Administrative Support,22,3,0.0395,0.8748
43-2011.00,"Switchboard Operators, Including Answering Service",2020,28.02,1.9999,-1.8029,1.5388,Office and Administrative Support,18,16,0.1897,0.7296
43-2011.00,"Switchboard Operators, Including Answering Service",2021,28.24,1.3263,-1.7518,0.9465,Office and Administrative Support,16,18,0.2011,0.7364
43-2011.00,"Switchboard Operators, Including Answering Service",2022,25.71,1.4078,-2.3397,1.1573,Office and Administrative Support,18,18,0.2308,0.7042
43-2011.00,"Switchboard Operators, Including Answering Service",2023,29.7,0.8524,-1.4125,0.2755,Office and Administrative Support,18,15,0.2223,0.7028
43-2011.00,"Switchboard Operators, Including Answering Service",2024,31.89,0.2851,-0.9036,-0.2567,Office and Administrative Support,19,12,0.0958,0.8161
43-2011.00,"Switchboard Operators, Including Answering Service",2025,35.72,0.3074,-0.0136,-0.2984,Office and Administrative Support,22,6,0.0442,0.8698
43-2011.00,"Switchboard Operators, Including Answering Service",2026,36.95,0.2722,0.2722,-0.3567,Office and Administrative Support,22,3,0.0442,0.8698
43-2021.00,Telephone Operators,2020,28.52,2.2171,-1.6867,1.8195,Office and Administrative Support,18,16,0.1743,0.747
43-2021.00,Telephone Operators,2021,28.5,1.4136,-1.6914,1.0763,Office and Administrative Support,16,18,0.1857,0.742
43-2021.00,Telephone Operators,2022,26.38,1.7051,-2.184,1.5469,Office and Administrative Support,18,18,0.2197,0.7123
43-2021.00,Telephone Operators,2023,29.59,0.823,-1.4381,0.2364,Office and Administrative Support,19,15,0.1979,0.7303
43-2021.00,Telephone Operators,2024,32.33,0.3842,-0.8014,-0.1015,Office and Administrative Support,19,12,0.0909,0.8197
43-2021.00,Telephone Operators,2025,37.04,0.6067,0.2931,0.1528,Office and Administrative Support,22,6,0.057,0.8521
43-2021.00,Telephone Operators,2026,38.24,0.572,0.572,0.0761,Office and Administrative Support,22,3,0.057,0.8521
43-3011.00,Bill and Account Collectors,2020,26.35,1.2744,-2.191,0.6014,Office and Administrative Support,17,16,0.1962,0.7266
43-3011.00,Bill and Account Collectors,2021,27.45,1.0608,-1.9354,0.552,Office and Administrative Support,15,18,0.2323,0.7132
43-3011.00,Bill and Account Collectors,2022,24.24,0.7556,-2.6813,0.3024,Office and Administrative Support,17,18,0.2138,0.7184
43-3011.00,Bill and Account Collectors,2023,30.95,1.1866,-1.1221,0.72,Office and Administrative Support,17,15,0.2164,0.7163
43-3011.00,Bill and Account Collectors,2024,34.15,0.7937,-0.3784,0.5404,Office and Administrative Support,18,12,0.1182,0.8101
43-3011.00,Bill and Account Collectors,2025,38.7,0.9831,0.6789,0.7203,Office and Administrative Support,21,6,0.0412,0.8784
43-3011.00,Bill and Account Collectors,2026,39.83,0.9415,0.9415,0.6095,Office and Administrative Support,21,3,0.0412,0.8784
43-3021.00,Billing and Posting Clerks,2020,25.0,0.6879,-2.5047,-0.1564,Office and Administrative Support,18,16,0.1795,0.75
43-3021.00,Billing and Posting Clerks,2021,26.88,0.8692,-2.0678,0.2675,Office and Administrative Support,16,18,0.1983,0.7405
43-3021.00,Billing and Posting Clerks,2022,24.17,0.7246,-2.6976,0.2617,Office and Administrative Support,17,18,0.1905,0.7412
43-3021.00,Billing and Posting Clerks,2023,30.71,1.1224,-1.1778,0.6346,Office and Administrative Support,17,15,0.1969,0.7308
43-3021.00,Billing and Posting Clerks,2024,35.41,1.0772,-0.0857,0.9848,Office and Administrative Support,19,12,0.0925,0.8182
43-3021.00,Billing and Posting Clerks,2025,38.65,0.9717,0.6672,0.7032,Office and Administrative Support,21,6,0.063,0.853
43-3021.00,Billing and Posting Clerks,2026,40.68,1.139,1.139,0.8947,Office and Administrative Support,21,3,0.063,0.853
43-3031.00,"Bookkeeping, Accounting, and Auditing Clerks",2020,25.5,0.9051,-2.3885,0.1243,Office and Administrative Support,18,16,0.1659,0.7662
43-3031.00,"Bookkeeping, Accounting, and Auditing Clerks",2021,26.89,0.8726,-2.0655,0.2724,Office and Administrative Support,15,18,0.215,0.7158
43-3031.00,"Bookkeeping, Accounting, and Auditing Clerks",2022,25.27,1.2126,-2.442,0.9014,Office and Administrative Support,17,18,0.1615,0.7711
43-3031.00,"Bookkeeping, Accounting, and Auditing Clerks",2023,32.94,1.7186,-0.6596,1.4276,Office and Administrative Support,17,15,0.1915,0.74
43-3031.00,"Bookkeeping, Accounting, and Auditing Clerks",2024,36.41,1.3022,0.1467,1.3375,Office and Administrative Support,18,12,0.1153,0.8007
43-3031.00,"Bookkeeping, Accounting, and Auditing Clerks",2025,40.35,1.3572,1.0623,1.2843,Office and Administrative Support,20,6,0.0545,0.8585
43-3031.00,"Bookkeeping, Accounting, and Auditing Clerks",2026,42.39,1.5363,1.5363,1.4683,Office and Administrative Support,20,3,0.0545,0.8585
43-3041.00,Gambling Cage Workers,2020,23.99,0.2491,-2.7394,-0.7233,Office and Administrative Support,21,16,0.2081,0.72
43-3041.00,Gambling Cage Workers,2021,25.65,0.4559,-2.3537,-0.3466,Office and Administrative Support,18,18,0.2463,0.688
43-3041.00,Gambling Cage Workers,2022,24.02,0.658,-2.7324,0.1745,Office and Administrative Support,20,18,0.2198,0.713
43-3041.00,Gambling Cage Workers,2023,29.96,0.9219,-1.3521,0.3679,Office and Administrative Support,20,15,0.2404,0.69
43-3041.00,Gambling Cage Workers,2024,33.08,0.5529,-0.6271,0.163,Office and Administrative Support,22,12,0.1365,0.7846
43-3041.00,Gambling Cage Workers,2025,35.98,0.3664,0.0468,-0.2095,Office and Administrative Support,25,6,0.05,0.8601
43-3041.00,Gambling Cage Workers,2026,37.59,0.4209,0.4209,-0.142,Office and Administrative Support,26,3,0.0347,0.8725
43-3051.00,Payroll and Timekeeping Clerks,2020,25.64,0.9659,-2.356,0.2028,Office and Administrative Support,17,16,0.1756,0.7513
43-3051.00,Payroll and Timekeeping Clerks,2021,27.03,0.9196,-2.033,0.3423,Office and Administrative Support,14,18,0.2129,0.7181
43-3051.00,Payroll and Timekeeping Clerks,2022,24.83,1.0174,-2.5442,0.6455,Office and Administrative Support,16,18,0.1746,0.7516
43-3051.00,Payroll and Timekeeping Clerks,2023,32.3,1.5475,-0.8083,1.2,Office and Administrative Support,16,15,0.1968,0.7285
43-3051.00,Payroll and Timekeeping Clerks,2024,35.75,1.1537,-0.0066,1.1047,Office and Administrative Support,18,12,0.1062,0.818
43-3051.00,Payroll and Timekeeping Clerks,2025,40.47,1.3844,1.0902,1.3254,Office and Administrative Support,20,6,0.0445,0.8703
43-3051.00,Payroll and Timekeeping Clerks,2026,41.87,1.4155,1.4155,1.2939,Office and Administrative Support,20,3,0.0445,0.8703
43-3061.00,Procurement Clerks,2020,26.22,1.2179,-2.2212,0.5284,Office and Administrative Support,16,16,0.1849,0.7476
43-3061.00,Procurement Clerks,2021,27.52,1.0843,-1.9191,0.587,Office and Administrative Support,13,18,0.1821,0.7406
43-3061.00,Procurement Clerks,2022,24.91,1.0529,-2.5256,0.692,Office and Administrative Support,15,18,0.2061,0.7282
43-3061.00,Procurement Clerks,2023,31.27,1.2721,-1.0477,0.8337,Office and Administrative Support,15,15,0.2054,0.7266
43-3061.00,Procurement Clerks,2024,35.6,1.12,-0.0415,1.0518,Office and Administrative Support,17,12,0.0943,0.8318
43-3061.00,Procurement Clerks,2025,39.72,1.2143,0.9159,1.069,Office and Administrative Support,19,6,0.0231,0.8879
43-3061.00,Procurement Clerks,2026,41.41,1.3086,1.3086,1.1396,Office and Administrative Support,19,3,0.0215,0.8879
43-3071.00,Tellers,2020,24.34,0.4012,-2.6581,-0.5269,Office and Administrative Support,21,16,0.2308,0.705
43-3071.00,Tellers,2021,25.47,0.3954,-2.3955,-0.4365,Office and Administrative Support,18,18,0.2782,0.664
43-3071.00,Tellers,2022,24.41,0.831,-2.6418,0.4013,Office and Administrative Support,19,18,0.2437,0.6842
43-3071.00,Tellers,2023,30.14,0.97,-1.3103,0.4319,Office and Administrative Support,20,15,0.2367,0.6888
43-3071.00,Tellers,2024,32.8,0.4899,-0.6922,0.0642,Office and Administrative Support,23,12,0.159,0.7689
43-3071.00,Tellers,2025,36.01,0.3732,0.0538,-0.1993,Office and Administrative Support,25,6,0.0672,0.8446
43-3071.00,Tellers,2026,37.58,0.4186,0.4186,-0.1453,Office and Administrative Support,26,3,0.0563,0.857
43-4011.00,Brokerage Clerks,2020,26.02,1.131,-2.2677,0.4162,Office and Administrative Support,18,16,0.1958,0.7295
43-4011.00,Brokerage Clerks,2021,27.18,0.97,-1.9981,0.4172,Office and Administrative Support,15,18,0.2424,0.6833
43-4011.00,Brokerage Clerks,2022,25.34,1.2436,-2.4257,0.9421,Office and Administrative Support,17,18,0.2093,0.716
43-4011.00,Brokerage Clerks,2023,31.15,1.24,-1.0756,0.7911,Office and Administrative Support,18,15,0.2024,0.7336
43-4011.00,Brokerage Clerks,2024,34.55,0.8837,-0.2855,0.6815,Office and Administrative Support,19,12,0.1392,0.787
43-4011.00,Brokerage Clerks,2025,37.91,0.804,0.4953,0.4502,Office and Administrative Support,21,6,0.0561,0.85
43-4011.00,Brokerage Clerks,2026,39.39,0.8392,0.8392,0.4619,Office and Administrative Support,21,3,0.0561,0.85
43-4021.00,Correspondence Clerks,2020,25.91,1.0832,-2.2932,0.3544,Office and Administrative Support,16,16,0.1958,0.7308
43-4021.00,Correspondence Clerks,2021,26.88,0.8692,-2.0678,0.2675,Office and Administrative Support,15,18,0.2127,0.7359
43-4021.00,Correspondence Clerks,2022,24.12,0.7024,-2.7092,0.2326,Office and Administrative Support,15,18,0.2342,0.6943
43-4021.00,Correspondence Clerks,2023,29.93,0.9139,-1.3591,0.3573,Office and Administrative Support,16,15,0.2116,0.73
43-4021.00,Correspondence Clerks,2024,34.55,0.8837,-0.2855,0.6815,Office and Administrative Support,18,12,0.0967,0.8298
43-4021.00,Correspondence Clerks,2025,39.56,1.1781,0.8787,1.0143,Office and Administrative Support,19,6,0.0454,0.8685
43-4021.00,Correspondence Clerks,2026,40.47,1.0902,1.0902,0.8242,Office and Administrative Support,19,3,0.0454,0.8685
43-4031.00,"Court, Municipal, and License Clerks",2020,25.92,1.0876,-2.2909,0.36,Office and Administrative Support,18,16,0.1913,0.728
43-4031.00,"Court, Municipal, and License Clerks",2021,27.17,0.9667,-2.0004,0.4122,Office and Administrative Support,16,18,0.2037,0.7263
43-4031.00,"Court, Municipal, and License Clerks",2022,23.53,0.4406,-2.8463,-0.1105,Office and Administrative Support,18,18,0.2178,0.7127
43-4031.00,"Court, Municipal, and License Clerks",2023,29.47,0.7909,-1.466,0.1937,Office and Administrative Support,18,15,0.2165,0.7063
43-4031.00,"Court, Municipal, and License Clerks",2024,34.05,0.7712,-0.4017,0.5051,Office and Administrative Support,20,12,0.0961,0.8193
43-4031.00,"Court, Municipal, and License Clerks",2025,38.3,0.8924,0.5859,0.5836,Office and Administrative Support,22,6,0.0702,0.8457
43-4031.00,"Court, Municipal, and License Clerks",2026,39.99,0.9786,0.9786,0.6632,Office and Administrative Support,22,3,0.0702,0.8457
43-4041.00,"Credit Authorizers, Checkers, and Clerks",2020,25.83,1.0485,-2.3118,0.3095,Office and Administrative Support,17,16,0.1748,0.7612
43-4041.00,"Credit Authorizers, Checkers, and Clerks",2021,26.93,0.886,-2.0562,0.2924,Office and Administrative Support,15,18,0.1706,0.7579
43-4041.00,"Credit Authorizers, Checkers, and Clerks",2022,24.51,0.8754,-2.6186,0.4594,Office and Administrative Support,16,18,0.2004,0.7361
43-4041.00,"Credit Authorizers, Checkers, and Clerks",2023,30.66,1.109,-1.1894,0.6168,Office and Administrative Support,16,15,0.199,0.7326
43-4041.00,"Credit Authorizers, Checkers, and Clerks",2024,35.41,1.0772,-0.0857,0.9848,Office and Administrative Support,18,12,0.0833,0.8284
43-4041.00,"Credit Authorizers, Checkers, and Clerks",2025,39.23,1.1032,0.802,0.9015,Office and Administrative Support,20,6,0.0491,0.8605
43-4041.00,"Credit Authorizers, Checkers, and Clerks",2026,41.48,1.3249,1.3249,1.163,Office and Administrative Support,20,3,0.0491,0.8605
43-4051.00,Customer Service Representatives,2020,26.08,1.1571,-2.2537,0.4498,Office and Administrative Support,19,16,0.1899,0.7452
43-4051.00,Customer Service Representatives,2021,27.1,0.9431,-2.0167,0.3773,Office and Administrative Support,15,18,0.2166,0.7101
43-4051.00,Customer Service Representatives,2022,24.68,0.9508,-2.5791,0.5583,Office and Administrative Support,18,18,0.2226,0.7125
43-4051.00,Customer Service Representatives,2023,30.14,0.97,-1.3103,0.4319,Office and Administrative Support,18,15,0.2084,0.7216
43-4051.00,Customer Service Representatives,2024,34.46,0.8634,-0.3064,0.6497,Office and Administrative Support,19,12,0.1083,0.8128
43-4051.00,Customer Service Representatives,2025,38.4,0.915,0.6092,0.6177,Office and Administrative Support,22,6,0.0529,0.8641
43-4051.00,Customer Service Representatives,2026,39.39,0.8392,0.8392,0.4619,Office and Administrative Support,22,3,0.0516,0.8641
43-4061.00,"Eligibility Interviewers, Government Programs",2020,26.66,1.409,-2.119,0.7754,Office and Administrative Support,16,16,0.178,0.7412
43-4061.00,"Eligibility Interviewers, Government Programs",2021,27.43,1.054,-1.94,0.542,Office and Administrative Support,14,18,0.1745,0.756
43-4061.00,"Eligibility Interviewers, Government Programs",2022,25.23,1.1948,-2.4512,0.8781,Office and Administrative Support,16,18,0.206,0.7269
43-4061.00,"Eligibility Interviewers, Government Programs",2023,30.91,1.1759,-1.1313,0.7057,Office and Administrative Support,16,15,0.1855,0.7416
43-4061.00,"Eligibility Interviewers, Government Programs",2024,35.56,1.111,-0.0508,1.0377,Office and Administrative Support,17,12,0.0806,0.8275
43-4061.00,"Eligibility Interviewers, Government Programs",2025,39.46,1.1554,0.8555,0.9801,Office and Administrative Support,20,6,0.0354,0.8783
43-4061.00,"Eligibility Interviewers, Government Programs",2026,40.93,1.1971,1.1971,0.9785,Office and Administrative Support,20,3,0.0354,0.8783
43-4071.00,File Clerks,2020,24.6,0.5141,-2.5976,-0.3809,Office and Administrative Support,20,16,0.1953,0.7274
43-4071.00,File Clerks,2021,26.05,0.5903,-2.2607,-0.1469,Office and Administrative Support,17,18,0.2765,0.6599
43-4071.00,File Clerks,2022,21.08,-0.6464,-3.4156,-1.5352,Office and Administrative Support,19,18,0.246,0.686
43-4071.00,File Clerks,2023,25.18,-0.356,-2.4629,-1.3318,Office and Administrative Support,19,15,0.2583,0.6722
43-4071.00,File Clerks,2024,31.34,0.1614,-1.0314,-0.4507,Office and Administrative Support,22,12,0.1225,0.796
43-4071.00,File Clerks,2025,35.14,0.1759,-0.1484,-0.4967,Office and Administrative Support,24,6,0.0864,0.8257
43-4071.00,File Clerks,2026,37.22,0.3349,0.3349,-0.2661,Office and Administrative Support,25,3,0.0685,0.8388
43-4081.00,"Hotel, Motel, and Resort Desk Clerks",2020,25.81,1.0398,-2.3165,0.2983,Office and Administrative Support,21,16,0.2213,0.7111
43-4081.00,"Hotel, Motel, and Resort Desk Clerks",2021,27.37,1.0339,-1.954,0.5121,Office and Administrative Support,17,18,0.2498,0.6841
43-4081.00,"Hotel, Motel, and Resort Desk Clerks",2022,24.53,0.8843,-2.6139,0.471,Office and Administrative Support,20,18,0.247,0.6876
43-4081.00,"Hotel, Motel, and Resort Desk Clerks",2023,29.63,0.8337,-1.4288,0.2506,Office and Administrative Support,20,15,0.2233,0.7012
43-4081.00,"Hotel, Motel, and Resort Desk Clerks",2024,34.12,0.7869,-0.3854,0.5298,Office and Administrative Support,21,12,0.1366,0.7806
43-4081.00,"Hotel, Motel, and Resort Desk Clerks",2025,37.03,0.6044,0.2908,0.1494,Office and Administrative Support,25,6,0.0435,0.873
43-4081.00,"Hotel, Motel, and Resort Desk Clerks",2026,38.11,0.5418,0.5418,0.0325,Office and Administrative Support,25,3,0.0382,0.873
43-4111.00,"Interviewers, Except Eligibility and Loan",2020,27.1,1.6002,-2.0167,1.0224,Office and Administrative Support,17,16,0.1753,0.7474
43-4111.00,"Interviewers, Except Eligibility and Loan",2021,27.95,1.2288,-1.8192,0.8017,Office and Administrative Support,15,18,0.1854,0.7471
43-4111.00,"Interviewers, Except Eligibility and Loan",2022,24.98,1.0839,-2.5093,0.7327,Office and Administrative Support,17,18,0.2158,0.7196
43-4111.00,"Interviewers, Except Eligibility and Loan",2023,30.27,1.0048,-1.2801,0.4782,Office and Administrative Support,17,15,0.197,0.7301
43-4111.00,"Interviewers, Except Eligibility and Loan",2024,34.79,0.9377,-0.2297,0.7661,Office and Administrative Support,18,12,0.0918,0.8286
43-4111.00,"Interviewers, Except Eligibility and Loan",2025,38.93,1.0352,0.7323,0.7989,Office and Administrative Support,21,6,0.0323,0.8803
43-4111.00,"Interviewers, Except Eligibility and Loan",2026,40.2,1.0274,1.0274,0.7336,Office and Administrative Support,21,3,0.0323,0.8803
43-4121.00,"Library Assistants, Clerical",2020,23.67,0.1101,-2.8138,-0.903,Office and Administrative Support,22,16,0.1972,0.7267
43-4121.00,"Library Assistants, Clerical",2021,25.06,0.2576,-2.4908,-0.6412,Office and Administrative Support,19,18,0.2585,0.6821
43-4121.00,"Library Assistants, Clerical",2022,21.49,-0.4645,-3.3203,-1.2968,Office and Administrative Support,21,18,0.2316,0.6931
43-4121.00,"Library Assistants, Clerical",2023,26.06,-0.1207,-2.2584,-1.0189,Office and Administrative Support,22,15,0.246,0.6914
43-4121.00,"Library Assistants, Clerical",2024,30.13,-0.1109,-1.3126,-0.8774,Office and Administrative Support,24,12,0.128,0.799
43-4121.00,"Library Assistants, Clerical",2025,34.15,-0.0485,-0.3784,-0.8351,Office and Administrative Support,27,6,0.0741,0.8384
43-4121.00,"Library Assistants, Clerical",2026,35.85,0.0166,0.0166,-0.7257,Office and Administrative Support,29,3,0.0523,0.8649
43-4131.00,Loan Interviewers and Clerks,2020,26.14,1.1831,-2.2398,0.4835,Office and Administrative Support,17,16,0.1852,0.7375
43-4131.00,Loan Interviewers and Clerks,2021,27.11,0.9465,-2.0144,0.3823,Office and Administrative Support,15,18,0.2253,0.7192
43-4131.00,Loan Interviewers and Clerks,2022,25.24,1.1993,-2.4489,0.8839,Office and Administrative Support,16,18,0.2073,0.7139
43-4131.00,Loan Interviewers and Clerks,2023,31.03,1.2079,-1.1035,0.7484,Office and Administrative Support,17,15,0.2016,0.7339
43-4131.00,Loan Interviewers and Clerks,2024,35.41,1.0772,-0.0857,0.9848,Office and Administrative Support,18,12,0.1253,0.7998
43-4131.00,Loan Interviewers and Clerks,2025,38.25,0.881,0.5743,0.5665,Office and Administrative Support,20,6,0.0456,0.8593
43-4131.00,Loan Interviewers and Clerks,2026,40.43,1.0809,1.0809,0.8108,Office and Administrative Support,20,3,0.0456,0.8593
43-4141.00,New Accounts Clerks,2020,26.86,1.4959,-2.0725,0.8877,Office and Administrative Support,18,16,0.1882,0.7415
43-4141.00,New Accounts Clerks,2021,27.9,1.212,-1.8308,0.7767,Office and Administrative Support,15,18,0.1932,0.7349
43-4141.00,New Accounts Clerks,2022,25.4,1.2703,-2.4117,0.977,Office and Administrative Support,17,18,0.1952,0.7319
43-4141.00,New Accounts Clerks,2023,31.69,1.3844,-0.9501,0.9831,Office and Administrative Support,17,15,0.2036,0.7209
43-4141.00,New Accounts Clerks,2024,34.52,0.8769,-0.2925,0.6709,Office and Administrative Support,18,12,0.109,0.8028
43-4141.00,New Accounts Clerks,2025,38.56,0.9513,0.6463,0.6724,Office and Administrative Support,21,6,0.0393,0.8808
43-4141.00,New Accounts Clerks,2026,40.51,1.0995,1.0995,0.8376,Office and Administrative Support,21,3,0.0389,0.8808
43-4151.00,Order Clerks,2020,25.97,1.1093,-2.2793,0.3881,Office and Administrative Support,18,16,0.1746,0.7447
43-4151.00,Order Clerks,2021,27.4,1.044,-1.947,0.5271,Office and Administrative Support,15,18,0.2205,0.7016
43-4151.00,Order Clerks,2022,24.93,1.0617,-2.521,0.7037,Office and Administrative Support,17,18,0.2217,0.709
43-4151.00,Order Clerks,2023,30.97,1.1919,-1.1174,0.7271,Office and Administrative Support,17,15,0.2266,0.7036
43-4151.00,Order Clerks,2024,33.79,0.7127,-0.4621,0.4134,Office and Administrative Support,19,12,0.109,0.809
43-4151.00,Order Clerks,2025,36.98,0.5931,0.2792,0.1323,Office and Administrative Support,22,6,0.0478,0.8733
43-4151.00,Order Clerks,2026,38.94,0.7346,0.7346,0.3109,Office and Administrative Support,22,3,0.0478,0.8733
43-4161.00,"Human Resources Assistants, Except Payroll and Timekeeping",2020,26.59,1.3786,-2.1352,0.7361,Office and Administrative Support,16,16,0.1802,0.752
43-4161.00,"Human Resources Assistants, Except Payroll and Timekeeping",2021,27.57,1.1011,-1.9075,0.6119,Office and Administrative Support,14,18,0.1749,0.7669
43-4161.00,"Human Resources Assistants, Except Payroll and Timekeeping",2022,23.01,0.2099,-2.9671,-0.4129,Office and Administrative Support,15,18,0.21,0.7257
43-4161.00,"Human Resources Assistants, Except Payroll and Timekeeping",2023,28.44,0.5155,-1.7053,-0.1726,Office and Administrative Support,15,15,0.2092,0.7265
43-4161.00,"Human Resources Assistants, Except Payroll and Timekeeping",2024,32.92,0.5169,-0.6643,0.1066,Office and Administrative Support,17,12,0.0907,0.837
43-4161.00,"Human Resources Assistants, Except Payroll and Timekeeping",2025,38.26,0.8833,0.5766,0.5699,Office and Administrative Support,18,6,0.0381,0.866
43-4161.00,"Human Resources Assistants, Except Payroll and Timekeeping",2026,39.15,0.7834,0.7834,0.3814,Office and Administrative Support,18,3,0.0381,0.866
43-4171.00,Receptionists and Information Clerks,2020,27.38,1.7218,-1.9516,1.1796,Office and Administrative Support,19,16,0.2088,0.7217
43-4171.00,Receptionists and Information Clerks,2021,27.72,1.1515,-1.8726,0.6868,Office and Administrative Support,16,18,0.2433,0.6999
43-4171.00,Receptionists and Information Clerks,2022,24.66,0.942,-2.5837,0.5466,Office and Administrative Support,18,18,0.2395,0.6867
43-4171.00,Receptionists and Information Clerks,2023,30.79,1.1438,-1.1592,0.6631,Office and Administrative Support,19,15,0.2404,0.6944
43-4171.00,Receptionists and Information Clerks,2024,32.82,0.4944,-0.6875,0.0713,Office and Administrative Support,19,12,0.1288,0.7866
43-4171.00,Receptionists and Information Clerks,2025,37.14,0.6294,0.3164,0.187,Office and Administrative Support,23,6,0.0408,0.8784
43-4171.00,Receptionists and Information Clerks,2026,38.16,0.5534,0.5534,0.0493,Office and Administrative Support,23,3,0.0403,0.8784
43-4181.00,Reservation and Transportation Ticket Agents and Travel Clerks,2020,26.0,1.1223,-2.2723,0.4049,Office and Administrative Support,22,16,0.2372,0.6982
43-4181.00,Reservation and Transportation Ticket Agents and Travel Clerks,2021,27.19,0.9734,-1.9958,0.4222,Office and Administrative Support,19,18,0.262,0.6746
43-4181.00,Reservation and Transportation Ticket Agents and Travel Clerks,2022,24.56,0.8976,-2.6069,0.4885,Office and Administrative Support,21,18,0.2706,0.6655
43-4181.00,Reservation and Transportation Ticket Agents and Travel Clerks,2023,28.72,0.5904,-1.6403,-0.073,Office and Administrative Support,22,15,0.2415,0.6934
43-4181.00,Reservation and Transportation Ticket Agents and Travel Clerks,2024,32.19,0.3527,-0.8339,-0.1509,Office and Administrative Support,23,12,0.1567,0.7632
43-4181.00,Reservation and Transportation Ticket Agents and Travel Clerks,2025,35.32,0.2167,-0.1066,-0.4352,Office and Administrative Support,27,6,0.0757,0.8344
43-4181.00,Reservation and Transportation Ticket Agents and Travel Clerks,2026,35.9,0.0282,0.0282,-0.7089,Office and Administrative Support,29,3,0.051,0.8629
43-5011.00,Cargo and Freight Agents,2020,26.11,1.1701,-2.2468,0.4667,Office and Administrative Support,21,16,0.2176,0.7136
43-5011.00,Cargo and Freight Agents,2021,27.87,1.2019,-1.8378,0.7617,Office and Administrative Support,17,18,0.2529,0.6741
43-5011.00,Cargo and Freight Agents,2022,24.38,0.8177,-2.6488,0.3838,Office and Administrative Support,20,18,0.2456,0.6906
43-5011.00,Cargo and Freight Agents,2023,29.89,0.9032,-1.3684,0.343,Office and Administrative Support,21,15,0.2499,0.686
43-5011.00,Cargo and Freight Agents,2024,33.31,0.6047,-0.5736,0.2441,Office and Administrative Support,21,12,0.1364,0.7776
43-5011.00,Cargo and Freight Agents,2025,37.48,0.7065,0.3954,0.3032,Office and Administrative Support,25,6,0.055,0.8582
43-5011.00,Cargo and Freight Agents,2026,38.6,0.6556,0.6556,0.1969,Office and Administrative Support,26,3,0.0459,0.8692
43-5011.01,Freight Forwarders,2020,24.53,0.4837,-2.6139,-0.4202,Office and Administrative Support,19,16,0.212,0.7116
43-5011.01,Freight Forwarders,2021,26.51,0.7449,-2.1538,0.0827,Office and Administrative Support,17,18,0.2649,0.6822
43-5011.01,Freight Forwarders,2022,23.89,0.6003,-2.7626,0.0989,Office and Administrative Support,18,18,0.2396,0.6899
43-5011.01,Freight Forwarders,2023,30.36,1.0288,-1.2592,0.5102,Office and Administrative Support,19,15,0.2356,0.7007
43-5011.01,Freight Forwarders,2024,33.56,0.6609,-0.5156,0.3323,Office and Administrative Support,20,12,0.1435,0.7722
43-5011.01,Freight Forwarders,2025,37.21,0.6452,0.3326,0.2109,Office and Administrative Support,23,6,0.0485,0.8587
43-5011.01,Freight Forwarders,2026,38.3,0.5859,0.5859,0.0962,Office and Administrative Support,24,3,0.0438,0.8767
43-5021.00,Couriers and Messengers,2020,21.81,-0.6979,-3.246,-1.947,Office and Administrative Support,28,16,0.261,0.6736
43-5021.00,Couriers and Messengers,2021,21.74,-0.8581,-3.2622,-2.2988,Office and Administrative Support,26,18,0.2861,0.6485
43-5021.00,Couriers and Messengers,2022,20.21,-1.0323,-3.6178,-2.0412,Office and Administrative Support,26,18,0.2941,0.6389
43-5021.00,Couriers and Messengers,2023,22.29,-1.1286,-3.1344,-2.3594,Office and Administrative Support,28,15,0.2549,0.6719
43-5021.00,Couriers and Messengers,2024,25.25,-1.209,-2.4466,-2.5986,Office and Administrative Support,30,12,0.1756,0.7483
43-5021.00,Couriers and Messengers,2025,29.22,-1.1663,-1.5241,-2.5204,Office and Administrative Support,35,6,0.085,0.8306
43-5021.00,Couriers and Messengers,2026,30.2,-1.2963,-1.2963,-2.6211,Office and Administrative Support,37,3,0.0404,0.8688
43-5031.00,Public Safety Telecommunicators,2020,26.01,1.1267,-2.27,0.4105,Office and Administrative Support,21,16,0.1982,0.7282
43-5031.00,Public Safety Telecommunicators,2021,27.73,1.1549,-1.8703,0.6918,Office and Administrative Support,17,18,0.2647,0.6622
43-5031.00,Public Safety Telecommunicators,2022,24.66,0.942,-2.5837,0.5466,Office and Administrative Support,20,18,0.2626,0.6673
43-5031.00,Public Safety Telecommunicators,2023,28.33,0.4861,-1.7309,-0.2117,Office and Administrative Support,21,15,0.2574,0.6742
43-5031.00,Public Safety Telecommunicators,2024,32.7,0.4674,-0.7154,0.029,Office and Administrative Support,22,12,0.1202,0.7928
43-5031.00,Public Safety Telecommunicators,2025,35.12,0.1714,-0.153,-0.5035,Office and Administrative Support,25,6,0.0526,0.8574
43-5031.00,Public Safety Telecommunicators,2026,36.15,0.0863,0.0863,-0.625,Office and Administrative Support,25,3,0.0499,0.8574
43-5032.00,"Dispatchers, Except Police, Fire, and Ambulance",2020,26.36,1.2787,-2.1887,0.607,Office and Administrative Support,18,16,0.1884,0.7388
43-5032.00,"Dispatchers, Except Police, Fire, and Ambulance",2021,27.24,0.9902,-1.9842,0.4472,Office and Administrative Support,15,18,0.226,0.697
43-5032.00,"Dispatchers, Except Police, Fire, and Ambulance",2022,25.07,1.1239,-2.4884,0.7851,Office and Administrative Support,18,18,0.2333,0.7048
43-5032.00,"Dispatchers, Except Police, Fire, and Ambulance",2023,30.14,0.97,-1.3103,0.4319,Office and Administrative Support,18,15,0.2176,0.7103
43-5032.00,"Dispatchers, Except Police, Fire, and Ambulance",2024,32.75,0.4787,-0.7038,0.0466,Office and Administrative Support,19,12,0.1099,0.8115
43-5032.00,"Dispatchers, Except Police, Fire, and Ambulance",2025,36.78,0.5478,0.2327,0.0639,Office and Administrative Support,21,6,0.0453,0.8612
43-5032.00,"Dispatchers, Except Police, Fire, and Ambulance",2026,37.65,0.4349,0.4349,-0.1218,Office and Administrative Support,21,3,0.0453,0.8612
43-5041.00,"Meter Readers, Utilities",2020,20.59,-1.228,-3.5295,-2.6318,Office and Administrative Support,28,16,0.2615,0.6676
43-5041.00,"Meter Readers, Utilities",2021,21.36,-0.9858,-3.3505,-2.4885,Office and Administrative Support,27,18,0.3019,0.6398
43-5041.00,"Meter Readers, Utilities",2022,20.05,-1.1033,-3.655,-2.1342,Office and Administrative Support,27,18,0.3001,0.6386
43-5041.00,"Meter Readers, Utilities",2023,23.55,-0.7917,-2.8416,-1.9114,Office and Administrative Support,29,15,0.2704,0.6588
43-5041.00,"Meter Readers, Utilities",2024,26.25,-0.9839,-2.2142,-2.2459,Office and Administrative Support,32,12,0.1829,0.7469
43-5041.00,"Meter Readers, Utilities",2025,30.11,-0.9645,-1.3173,-2.2162,Office and Administrative Support,36,6,0.0992,0.8143
43-5041.00,"Meter Readers, Utilities",2026,31.1,-1.0872,-1.0872,-2.3192,Office and Administrative Support,39,3,0.0498,0.8667
43-5051.00,Postal Service Clerks,2020,23.27,-0.0637,-2.9067,-1.1275,Office and Administrative Support,23,16,0.2283,0.7004
43-5051.00,Postal Service Clerks,2021,23.68,-0.2062,-2.8114,-1.3302,Office and Administrative Support,20,18,0.2936,0.6415
43-5051.00,Postal Service Clerks,2022,22.06,-0.2116,-3.1879,-0.9653,Office and Administrative Support,22,18,0.2485,0.6816
43-5051.00,Postal Service Clerks,2023,26.55,0.0103,-2.1445,-0.8446,Office and Administrative Support,22,15,0.2551,0.6739
43-5051.00,Postal Service Clerks,2024,29.27,-0.3044,-1.5124,-1.1808,Office and Administrative Support,24,12,0.1715,0.7458
43-5051.00,Postal Service Clerks,2025,32.63,-0.3932,-0.7317,-1.3547,Office and Administrative Support,29,6,0.0896,0.8304
43-5051.00,Postal Service Clerks,2026,34.17,-0.3738,-0.3738,-1.2893,Office and Administrative Support,30,3,0.0543,0.8537
43-5052.00,Postal Service Mail Carriers,2020,22.09,-0.5763,-3.1809,-1.7899,Office and Administrative Support,27,16,0.25,0.6828
43-5052.00,Postal Service Mail Carriers,2021,22.08,-0.7438,-3.1832,-2.129,Office and Administrative Support,25,18,0.2965,0.6363
43-5052.00,Postal Service Mail Carriers,2022,20.36,-0.9658,-3.5829,-1.954,Office and Administrative Support,25,18,0.2882,0.6436
43-5052.00,Postal Service Mail Carriers,2023,22.14,-1.1687,-3.1693,-2.4128,Office and Administrative Support,27,15,0.2626,0.6652
43-5052.00,Postal Service Mail Carriers,2024,26.24,-0.9862,-2.2165,-2.2494,Office and Administrative Support,29,12,0.1698,0.7491
43-5052.00,Postal Service Mail Carriers,2025,29.92,-1.0076,-1.3614,-2.2811,Office and Administrative Support,33,6,0.1091,0.8042
43-5052.00,Postal Service Mail Carriers,2026,31.2,-1.064,-1.064,-2.2856,Office and Administrative Support,36,3,0.0582,0.8559
43-5053.00,"Postal Service Mail Sorters, Processors, and Processing Machine Operators",2020,21.89,-0.6632,-3.2274,-1.9021,Office and Administrative Support,25,16,0.2522,0.6835
43-5053.00,"Postal Service Mail Sorters, Processors, and Processing Machine Operators",2021,21.1,-1.0732,-3.411,-2.6183,Office and Administrative Support,23,18,0.3309,0.6152
43-5053.00,"Postal Service Mail Sorters, Processors, and Processing Machine Operators",2022,19.56,-1.3207,-3.7688,-2.4192,Office and Administrative Support,24,18,0.2818,0.6559
43-5053.00,"Postal Service Mail Sorters, Processors, and Processing Machine Operators",2023,21.53,-1.3318,-3.311,-2.6297,Office and Administrative Support,25,15,0.2679,0.6713
43-5053.00,"Postal Service Mail Sorters, Processors, and Processing Machine Operators",2024,25.38,-1.1797,-2.4164,-2.5527,Office and Administrative Support,27,12,0.163,0.757
43-5053.00,"Postal Service Mail Sorters, Processors, and Processing Machine Operators",2025,29.66,-1.0665,-1.4218,-2.37,Office and Administrative Support,31,6,0.1152,0.803
43-5053.00,"Postal Service Mail Sorters, Processors, and Processing Machine Operators",2026,31.54,-0.985,-0.985,-2.1716,Office and Administrative Support,32,3,0.0641,0.8428
43-5061.00,"Production, Planning, and Expediting Clerks",2020,24.99,0.6835,-2.507,-0.162,Office and Administrative Support,19,16,0.1923,0.7293
43-5061.00,"Production, Planning, and Expediting Clerks",2021,26.24,0.6541,-2.2165,-0.0521,Office and Administrative Support,16,18,0.2437,0.6847
43-5061.00,"Production, Planning, and Expediting Clerks",2022,24.09,0.6891,-2.7162,0.2152,Office and Administrative Support,18,18,0.2222,0.7018
43-5061.00,"Production, Planning, and Expediting Clerks",2023,29.81,0.8818,-1.387,0.3146,Office and Administrative Support,20,15,0.2097,0.7199
43-5061.00,"Production, Planning, and Expediting Clerks",2024,34.07,0.7757,-0.397,0.5122,Office and Administrative Support,20,12,0.1151,0.7984
43-5061.00,"Production, Planning, and Expediting Clerks",2025,37.78,0.7745,0.4651,0.4058,Office and Administrative Support,23,6,0.0484,0.8572
43-5061.00,"Production, Planning, and Expediting Clerks",2026,38.73,0.6858,0.6858,0.2405,Office and Administrative Support,24,3,0.0461,0.8698
43-5071.00,"Shipping, Receiving, and Inventory Clerks",2020,22.4,-0.4416,-3.1089,-1.6158,Office and Administrative Support,26,16,0.2334,0.6912
43-5071.00,"Shipping, Receiving, and Inventory Clerks",2021,23.04,-0.4212,-2.9602,-1.6497,Office and Administrative Support,24,18,0.309,0.6228
43-5071.00,"Shipping, Receiving, and Inventory Clerks",2022,21.23,-0.5798,-3.3808,-1.448,Office and Administrative Support,25,18,0.2705,0.6619
43-5071.00,"Shipping, Receiving, and Inventory Clerks",2023,25.12,-0.372,-2.4768,-1.3531,Office and Administrative Support,27,15,0.2544,0.6774
43-5071.00,"Shipping, Receiving, and Inventory Clerks",2024,28.84,-0.4011,-1.6124,-1.3324,Office and Administrative Support,29,12,0.1689,0.7491
43-5071.00,"Shipping, Receiving, and Inventory Clerks",2025,32.26,-0.4771,-0.8176,-1.4812,Office and Administrative Support,34,6,0.0938,0.8262
43-5071.00,"Shipping, Receiving, and Inventory Clerks",2026,33.45,-0.5411,-0.5411,-1.5308,Office and Administrative Support,36,3,0.0527,0.8622
43-5111.00,"Weighers, Measurers, Checkers, and Samplers, Recordkeeping",2020,23.01,-0.1766,-2.9671,-1.2734,Office and Administrative Support,25,16,0.1995,0.735
43-5111.00,"Weighers, Measurers, Checkers, and Samplers, Recordkeeping",2021,23.71,-0.1961,-2.8045,-1.3152,Office and Administrative Support,22,18,0.2965,0.6457
43-5111.00,"Weighers, Measurers, Checkers, and Samplers, Recordkeeping",2022,22.26,-0.1228,-3.1414,-0.849,Office and Administrative Support,24,18,0.2321,0.7059
43-5111.00,"Weighers, Measurers, Checkers, and Samplers, Recordkeeping",2023,26.83,0.0851,-2.0794,-0.7451,Office and Administrative Support,24,15,0.2405,0.6848
43-5111.00,"Weighers, Measurers, Checkers, and Samplers, Recordkeeping",2024,30.31,-0.0704,-1.2708,-0.814,Office and Administrative Support,27,12,0.1617,0.7688
43-5111.00,"Weighers, Measurers, Checkers, and Samplers, Recordkeeping",2025,34.06,-0.0689,-0.3994,-0.8659,Office and Administrative Support,31,6,0.0864,0.8313
43-5111.00,"Weighers, Measurers, Checkers, and Samplers, Recordkeeping",2026,35.88,0.0236,0.0236,-0.7156,Office and Administrative Support,32,3,0.0629,0.8443
43-6011.00,Executive Secretaries and Executive Administrative Assistants,2020,26.32,1.2613,-2.198,0.5845,Office and Administrative Support,18,16,0.198,0.7357
43-6011.00,Executive Secretaries and Executive Administrative Assistants,2021,27.62,1.1179,-1.8959,0.6369,Office and Administrative Support,15,18,0.2405,0.6909
43-6011.00,Executive Secretaries and Executive Administrative Assistants,2022,24.15,0.7157,-2.7022,0.2501,Office and Administrative Support,17,18,0.228,0.7068
43-6011.00,Executive Secretaries and Executive Administrative Assistants,2023,30.25,0.9994,-1.2847,0.471,Office and Administrative Support,17,15,0.2286,0.7038
43-6011.00,Executive Secretaries and Executive Administrative Assistants,2024,33.63,0.6767,-0.4993,0.357,Office and Administrative Support,19,12,0.1166,0.8077
43-6011.00,Executive Secretaries and Executive Administrative Assistants,2025,38.01,0.8266,0.5185,0.4844,Office and Administrative Support,21,6,0.0614,0.8587
43-6011.00,Executive Secretaries and Executive Administrative Assistants,2026,39.01,0.7509,0.7509,0.3344,Office and Administrative Support,21,3,0.0607,0.8587
43-6012.00,Legal Secretaries and Administrative Assistants,2020,26.69,1.4221,-2.112,0.7922,Office and Administrative Support,18,16,0.1867,0.7426
43-6012.00,Legal Secretaries and Administrative Assistants,2021,27.86,1.1986,-1.8401,0.7567,Office and Administrative Support,14,18,0.2018,0.7215
43-6012.00,Legal Secretaries and Administrative Assistants,2022,23.56,0.4539,-2.8393,-0.093,Office and Administrative Support,17,18,0.218,0.7114
43-6012.00,Legal Secretaries and Administrative Assistants,2023,29.67,0.8444,-1.4195,0.2648,Office and Administrative Support,17,15,0.2076,0.7147
43-6012.00,Legal Secretaries and Administrative Assistants,2024,32.64,0.4539,-0.7293,0.0078,Office and Administrative Support,19,12,0.0946,0.8226
43-6012.00,Legal Secretaries and Administrative Assistants,2025,37.39,0.6861,0.3745,0.2725,Office and Administrative Support,21,6,0.0385,0.8731
43-6012.00,Legal Secretaries and Administrative Assistants,2026,38.56,0.6463,0.6463,0.1835,Office and Administrative Support,21,3,0.0385,0.8731
43-6013.00,Medical Secretaries and Administrative Assistants,2020,27.28,1.6784,-1.9749,1.1234,Office and Administrative Support,18,16,0.1776,0.753
43-6013.00,Medical Secretaries and Administrative Assistants,2021,28.15,1.296,-1.7727,0.9015,Office and Administrative Support,14,18,0.2067,0.7183
43-6013.00,Medical Secretaries and Administrative Assistants,2022,24.93,1.0617,-2.521,0.7037,Office and Administrative Support,17,18,0.2159,0.716
43-6013.00,Medical Secretaries and Administrative Assistants,2023,29.98,0.9272,-1.3475,0.375,Office and Administrative Support,17,15,0.2157,0.7133
43-6013.00,Medical Secretaries and Administrative Assistants,2024,33.99,0.7577,-0.4156,0.4839,Office and Administrative Support,18,12,0.1119,0.8044
43-6013.00,Medical Secretaries and Administrative Assistants,2025,38.77,0.9989,0.6951,0.7442,Office and Administrative Support,21,6,0.0527,0.8661
43-6013.00,Medical Secretaries and Administrative Assistants,2026,40.17,1.0205,1.0205,0.7236,Office and Administrative Support,21,3,0.0527,0.8661
43-6014.00,"Secretaries and Administrative Assistants, Except Legal, Medical, and Executive",2020,26.91,1.5176,-2.0609,0.9157,Office and Administrative Support,17,16,0.1822,0.743
43-6014.00,"Secretaries and Administrative Assistants, Except Legal, Medical, and Executive",2021,27.97,1.2355,-1.8145,0.8117,Office and Administrative Support,13,18,0.1972,0.7254
43-6014.00,"Secretaries and Administrative Assistants, Except Legal, Medical, and Executive",2022,23.23,0.3075,-2.916,-0.285,Office and Administrative Support,16,18,0.223,0.7059
43-6014.00,"Secretaries and Administrative Assistants, Except Legal, Medical, and Executive",2023,28.8,0.6118,-1.6217,-0.0446,Office and Administrative Support,16,15,0.2212,0.7019
43-6014.00,"Secretaries and Administrative Assistants, Except Legal, Medical, and Executive",2024,32.58,0.4404,-0.7433,-0.0133,Office and Administrative Support,18,12,0.0931,0.8213
43-6014.00,"Secretaries and Administrative Assistants, Except Legal, Medical, and Executive",2025,38.14,0.8561,0.5487,0.5289,Office and Administrative Support,20,6,0.0398,0.8724
43-6014.00,"Secretaries and Administrative Assistants, Except Legal, Medical, and Executive",2026,39.4,0.8415,0.8415,0.4653,Office and Administrative Support,20,3,0.0398,0.8724
43-9021.00,Data Entry Keyers,2020,25.66,0.9746,-2.3513,0.2141,Office and Administrative Support,20,16,0.1829,0.7397
43-9021.00,Data Entry Keyers,2021,27.7,1.1448,-1.8773,0.6768,Office and Administrative Support,18,18,0.3014,0.6408
43-9021.00,Data Entry Keyers,2022,24.36,0.8089,-2.6534,0.3722,Office and Administrative Support,20,18,0.2315,0.7046
43-9021.00,Data Entry Keyers,2023,28.87,0.6305,-1.6054,-0.0197,Office and Administrative Support,21,15,0.252,0.6822
43-9021.00,Data Entry Keyers,2024,33.04,0.5439,-0.6364,0.1489,Office and Administrative Support,22,12,0.1296,0.7868
43-9021.00,Data Entry Keyers,2025,36.32,0.4435,0.1258,-0.0933,Office and Administrative Support,25,6,0.1293,0.7863
43-9021.00,Data Entry Keyers,2026,38.6,0.6556,0.6556,0.1969,Office and Administrative Support,26,3,0.1253,0.7977
43-9022.00,Word Processors and Typists,2020,26.09,1.1614,-2.2514,0.4554,Office and Administrative Support,19,16,0.1758,0.7491
43-9022.00,Word Processors and Typists,2021,27.68,1.1381,-1.8819,0.6669,Office and Administrative Support,16,18,0.2678,0.6692
43-9022.00,Word Processors and Typists,2022,23.93,0.6181,-2.7533,0.1221,Office and Administrative Support,18,18,0.2134,0.7173
43-9022.00,Word Processors and Typists,2023,30.23,0.9941,-1.2894,0.4639,Office and Administrative Support,19,15,0.2377,0.6978
43-9022.00,Word Processors and Typists,2024,32.46,0.4134,-0.7712,-0.0557,Office and Administrative Support,20,12,0.0944,0.8184
43-9022.00,Word Processors and Typists,2025,37.94,0.8108,0.5023,0.4605,Office and Administrative Support,22,6,0.1138,0.7995
43-9022.00,Word Processors and Typists,2026,40.0,0.981,0.981,0.6665,Office and Administrative Support,22,3,0.1138,0.7995
43-9031.00,Desktop Publishers,2020,23.05,-0.1593,-2.9578,-1.251,Office and Administrative Support,20,16,0.2032,0.7276
43-9031.00,Desktop Publishers,2021,25.57,0.429,-2.3722,-0.3866,Office and Administrative Support,17,18,0.344,0.6003
43-9031.00,Desktop Publishers,2022,21.86,-0.3003,-3.2344,-1.0817,Office and Administrative Support,19,18,0.2753,0.6652
43-9031.00,Desktop Publishers,2023,25.44,-0.2865,-2.4025,-1.2393,Office and Administrative Support,20,15,0.2494,0.6889
43-9031.00,Desktop Publishers,2024,31.06,0.0984,-1.0965,-0.5494,Office and Administrative Support,21,12,0.1534,0.7637
43-9031.00,Desktop Publishers,2025,34.71,0.0784,-0.2483,-0.6437,Office and Administrative Support,24,6,0.0629,0.8566
43-9031.00,Desktop Publishers,2026,35.75,-0.0066,-0.0066,-0.7592,Office and Administrative Support,24,3,0.0605,0.8566
43-9041.00,Insurance Claims and Policy Processing Clerks,2020,26.11,1.1701,-2.2468,0.4667,Office and Administrative Support,18,16,0.1837,0.7366
43-9041.00,Insurance Claims and Policy Processing Clerks,2021,27.25,0.9936,-1.9818,0.4522,Office and Administrative Support,16,18,0.2164,0.715
43-9041.00,Insurance Claims and Policy Processing Clerks,2022,24.27,0.7689,-2.6743,0.3198,Office and Administrative Support,17,18,0.2079,0.7157
43-9041.00,Insurance Claims and Policy Processing Clerks,2023,30.65,1.1064,-1.1918,0.6133,Office and Administrative Support,18,15,0.2124,0.7207
43-9041.00,Insurance Claims and Policy Processing Clerks,2024,34.37,0.8432,-0.3273,0.618,Office and Administrative Support,20,12,0.1129,0.8128
43-9041.00,Insurance Claims and Policy Processing Clerks,2025,38.18,0.8652,0.558,0.5425,Office and Administrative Support,22,6,0.0464,0.8633
43-9041.00,Insurance Claims and Policy Processing Clerks,2026,39.69,0.9089,0.9089,0.5625,Office and Administrative Support,22,3,0.0463,0.8633
43-9051.00,"Mail Clerks and Mail Machine Operators, Except Postal Service",2020,21.78,-0.711,-3.2529,-1.9639,Office and Administrative Support,25,16,0.2294,0.6968
43-9051.00,"Mail Clerks and Mail Machine Operators, Except Postal Service",2021,21.86,-0.8178,-3.2344,-2.2389,Office and Administrative Support,23,18,0.3175,0.6214
43-9051.00,"Mail Clerks and Mail Machine Operators, Except Postal Service",2022,19.52,-1.3385,-3.7781,-2.4424,Office and Administrative Support,24,18,0.2632,0.6649
43-9051.00,"Mail Clerks and Mail Machine Operators, Except Postal Service",2023,22.52,-1.0671,-3.081,-2.2776,Office and Administrative Support,25,15,0.2567,0.671
43-9051.00,"Mail Clerks and Mail Machine Operators, Except Postal Service",2024,26.84,-0.8512,-2.0771,-2.0378,Office and Administrative Support,28,12,0.1655,0.7529
43-9051.00,"Mail Clerks and Mail Machine Operators, Except Postal Service",2025,30.74,-0.8217,-1.1709,-2.0008,Office and Administrative Support,33,6,0.1087,0.8132
43-9051.00,"Mail Clerks and Mail Machine Operators, Except Postal Service",2026,32.39,-0.7874,-0.7874,-1.8864,Office and Administrative Support,34,3,0.0676,0.8425
43-9061.00,"Office Clerks, General",2020,25.78,1.0267,-2.3234,0.2814,Office and Administrative Support,19,16,0.1951,0.7303
43-9061.00,"Office Clerks, General",2021,27.07,0.9331,-2.0237,0.3623,Office and Administrative Support,16,18,0.2331,0.7037
43-9061.00,"Office Clerks, General",2022,24.43,0.8399,-2.6372,0.4129,Office and Administrative Support,18,18,0.2209,0.7068
43-9061.00,"Office Clerks, General",2023,30.41,1.0422,-1.2475,0.5279,Office and Administrative Support,19,15,0.2168,0.7129
43-9061.00,"Office Clerks, General",2024,34.19,0.8027,-0.3692,0.5545,Office and Administrative Support,20,12,0.125,0.7978
43-9061.00,"Office Clerks, General",2025,37.88,0.7972,0.4883,0.44,Office and Administrative Support,23,6,0.0511,0.8616
43-9061.00,"Office Clerks, General",2026,39.51,0.8671,0.8671,0.5022,Office and Administrative Support,23,3,0.0498,0.8616
43-9071.00,"Office Machine Operators, Except Computer",2020,22.45,-0.4199,-3.0973,-1.5878,Office and Administrative Support,25,16,0.2417,0.6956
43-9071.00,"Office Machine Operators, Except Computer",2021,23.09,-0.4044,-2.9485,-1.6248,Office and Administrative Support,22,18,0.3164,0.6208
43-9071.00,"Office Machine Operators, Except Computer",2022,22.47,-0.0297,-3.0926,-0.7269,Office and Administrative Support,24,18,0.2613,0.6707
43-9071.00,"Office Machine Operators, Except Computer",2023,25.95,-0.1501,-2.2839,-1.058,Office and Administrative Support,25,15,0.2341,0.6942
43-9071.00,"Office Machine Operators, Except Computer",2024,28.54,-0.4687,-1.6821,-1.4382,Office and Administrative Support,28,12,0.1692,0.761
43-9071.00,"Office Machine Operators, Except Computer",2025,32.51,-0.4204,-0.7595,-1.3957,Office and Administrative Support,31,6,0.0862,0.8251
43-9071.00,"Office Machine Operators, Except Computer",2026,34.3,-0.3436,-0.3436,-1.2457,Office and Administrative Support,33,3,0.0631,0.8516
43-9081.00,Proofreaders and Copy Markers,2020,27.13,1.6132,-2.0097,1.0392,Office and Administrative Support,15,16,0.1139,0.8077
43-9081.00,Proofreaders and Copy Markers,2021,28.55,1.4304,-1.6798,1.1012,Office and Administrative Support,13,18,0.1547,0.7865
43-9081.00,Proofreaders and Copy Markers,2022,22.6,0.028,-3.0624,-0.6513,Office and Administrative Support,13,18,0.1625,0.756
43-9081.00,Proofreaders and Copy Markers,2023,29.19,0.716,-1.531,0.0941,Office and Administrative Support,13,15,0.212,0.7122
43-9081.00,Proofreaders and Copy Markers,2024,32.51,0.4247,-0.7595,-0.038,Office and Administrative Support,15,12,0.0414,0.8664
43-9081.00,Proofreaders and Copy Markers,2025,39.92,1.2597,0.9624,1.1373,Office and Administrative Support,16,6,0.0424,0.8659
43-9081.00,Proofreaders and Copy Markers,2026,40.97,1.2064,1.2064,0.9919,Office and Administrative Support,16,3,0.0424,0.8659
43-9111.00,Statistical Assistants,2020,24.54,0.488,-2.6116,-0.4146,Office and Administrative Support,17,16,0.2009,0.7198
43-9111.00,Statistical Assistants,2021,25.85,0.5231,-2.3072,-0.2468,Office and Administrative Support,15,18,0.2477,0.6894
43-9111.00,Statistical Assistants,2022,26.23,1.6385,-2.2189,1.4596,Office and Administrative Support,16,18,0.1999,0.7261
43-9111.00,Statistical Assistants,2023,33.56,1.8843,-0.5156,1.648,Office and Administrative Support,16,15,0.1966,0.7279
43-9111.00,Statistical Assistants,2024,37.34,1.5115,0.3628,1.6655,Office and Administrative Support,19,12,0.1347,0.8004
43-9111.00,Statistical Assistants,2025,39.91,1.2574,0.96,1.1339,Office and Administrative Support,20,6,0.0418,0.8683
43-9111.00,Statistical Assistants,2026,41.64,1.3621,1.3621,1.2167,Office and Administrative Support,20,3,0.0418,0.8683
45-1011.00,"First-Line Supervisors of Farming, Fishing, and Forestry Workers",2020,21.41,-0.8717,-3.3389,0.5,"Farming, Fishing, and Forestry",28,16,0.2609,0.6664
45-1011.00,"First-Line Supervisors of Farming, Fishing, and Forestry Workers",2021,21.85,-0.8211,-3.2367,0.5781,"Farming, Fishing, and Forestry",26,18,0.2909,0.6409
45-1011.00,"First-Line Supervisors of Farming, Fishing, and Forestry Workers",2022,21.34,-0.531,-3.3552,0.6787,"Farming, Fishing, and Forestry",27,18,0.2894,0.6443
45-1011.00,"First-Line Supervisors of Farming, Fishing, and Forestry Workers",2023,24.61,-0.5084,-2.5953,0.8888,"Farming, Fishing, and Forestry",29,15,0.2504,0.6814
45-1011.00,"First-Line Supervisors of Farming, Fishing, and Forestry Workers",2024,28.23,-0.5384,-1.7541,0.8259,"Farming, Fishing, and Forestry",31,12,0.171,0.7484
45-1011.00,"First-Line Supervisors of Farming, Fishing, and Forestry Workers",2025,31.59,-0.629,-0.9733,0.8145,"Farming, Fishing, and Forestry",36,6,0.0895,0.8279
45-1011.00,"First-Line Supervisors of Farming, Fishing, and Forestry Workers",2026,32.89,-0.6712,-0.6712,0.7021,"Farming, Fishing, and Forestry",38,3,0.0526,0.8604
45-2011.00,Agricultural Inspectors,2020,24.32,0.3925,-2.6627,2.0423,"Farming, Fishing, and Forestry",24,16,0.1978,0.7272
45-2011.00,Agricultural Inspectors,2021,25.64,0.4525,-2.356,2.2909,"Farming, Fishing, and Forestry",22,18,0.2545,0.6786
45-2011.00,Agricultural Inspectors,2022,23.7,0.516,-2.8068,1.9283,"Farming, Fishing, and Forestry",23,18,0.2495,0.6783
45-2011.00,Agricultural Inspectors,2023,27.62,0.2963,-1.8959,1.9358,"Farming, Fishing, and Forestry",25,15,0.2276,0.7029
45-2011.00,Agricultural Inspectors,2024,32.44,0.4089,-0.7758,2.0826,"Farming, Fishing, and Forestry",26,12,0.1346,0.7817
45-2011.00,Agricultural Inspectors,2025,35.25,0.2009,-0.1228,1.9725,"Farming, Fishing, and Forestry",31,6,0.0778,0.8366
45-2011.00,Agricultural Inspectors,2026,37.33,0.3605,0.3605,2.1186,"Farming, Fishing, and Forestry",32,3,0.0592,0.8471
45-2021.00,Animal Breeders,2020,20.83,-1.1237,-3.4737,0.1926,"Farming, Fishing, and Forestry",25,16,0.2317,0.6967
45-2021.00,Animal Breeders,2021,21.33,-0.9959,-3.3575,0.3431,"Farming, Fishing, and Forestry",22,18,0.3075,0.6238
45-2021.00,Animal Breeders,2022,20.09,-1.0856,-3.6457,0.0168,"Farming, Fishing, and Forestry",24,18,0.2587,0.6751
45-2021.00,Animal Breeders,2023,23.79,-0.7276,-2.7859,0.6035,"Farming, Fishing, and Forestry",25,15,0.2459,0.6844
45-2021.00,Animal Breeders,2024,27.59,-0.6824,-1.9028,0.6348,"Farming, Fishing, and Forestry",27,12,0.1755,0.7464
45-2021.00,Animal Breeders,2025,30.92,-0.7809,-1.129,0.6025,"Farming, Fishing, and Forestry",32,6,0.112,0.8021
45-2021.00,Animal Breeders,2026,32.46,-0.7712,-0.7712,0.5649,"Farming, Fishing, and Forestry",34,3,0.0646,0.8484
45-2041.00,"Graders and Sorters, Agricultural Products",2020,20.97,-1.0629,-3.4412,0.2668,"Farming, Fishing, and Forestry",21,16,0.2045,0.7168
45-2041.00,"Graders and Sorters, Agricultural Products",2021,20.57,-1.2513,-3.5341,-0.0004,"Farming, Fishing, and Forestry",20,18,0.3087,0.6329
45-2041.00,"Graders and Sorters, Agricultural Products",2022,18.78,-1.6668,-3.9501,-0.6769,"Farming, Fishing, and Forestry",20,18,0.2483,0.6823
45-2041.00,"Graders and Sorters, Agricultural Products",2023,20.59,-1.5831,-3.5295,-0.5096,"Farming, Fishing, and Forestry",20,15,0.2465,0.6798
45-2041.00,"Graders and Sorters, Agricultural Products",2024,25.35,-1.1865,-2.4234,-0.0338,"Farming, Fishing, and Forestry",24,12,0.1649,0.7653
45-2041.00,"Graders and Sorters, Agricultural Products",2025,29.46,-1.1119,-1.4683,0.1405,"Farming, Fishing, and Forestry",25,6,0.1301,0.7873
45-2041.00,"Graders and Sorters, Agricultural Products",2026,31.71,-0.9454,-0.9454,0.3257,"Farming, Fishing, and Forestry",27,3,0.0806,0.8372
45-2091.00,Agricultural Equipment Operators,2020,20.26,-1.3713,-3.6062,-0.1095,"Farming, Fishing, and Forestry",26,16,0.2925,0.6383
45-2091.00,Agricultural Equipment Operators,2021,19.43,-1.6344,-3.799,-0.5156,"Farming, Fishing, and Forestry",24,18,0.3158,0.6182
45-2091.00,Agricultural Equipment Operators,2022,20.14,-1.0634,-3.634,0.0432,"Farming, Fishing, and Forestry",24,18,0.3185,0.6174
45-2091.00,Agricultural Equipment Operators,2023,21.19,-1.4227,-3.3901,-0.3009,"Farming, Fishing, and Forestry",26,15,0.2517,0.6781
45-2091.00,Agricultural Equipment Operators,2024,23.44,-1.6162,-2.8672,-0.604,"Farming, Fishing, and Forestry",28,12,0.1702,0.7468
45-2091.00,Agricultural Equipment Operators,2025,27.32,-1.5971,-1.9656,-0.5366,"Farming, Fishing, and Forestry",33,6,0.093,0.8255
45-2091.00,Agricultural Equipment Operators,2026,29.08,-1.5566,-1.5566,-0.5134,"Farming, Fishing, and Forestry",35,3,0.0517,0.8636
45-2092.00,"Farmworkers and Laborers, Crop, Nursery, and Greenhouse",2020,17.24,-2.6833,-4.3079,-1.7102,"Farming, Fishing, and Forestry",28,16,0.3173,0.6206
45-2092.00,"Farmworkers and Laborers, Crop, Nursery, and Greenhouse",2021,16.72,-2.5451,-4.4288,-1.7403,"Farming, Fishing, and Forestry",26,18,0.3423,0.6004
45-2092.00,"Farmworkers and Laborers, Crop, Nursery, and Greenhouse",2022,16.05,-2.878,-4.5845,-2.1225,"Farming, Fishing, and Forestry",26,18,0.3415,0.5935
45-2092.00,"Farmworkers and Laborers, Crop, Nursery, and Greenhouse",2023,17.75,-2.3423,-4.1894,-1.4975,"Farming, Fishing, and Forestry",28,15,0.285,0.6491
45-2092.00,"Farmworkers and Laborers, Crop, Nursery, and Greenhouse",2024,20.64,-2.2463,-3.5179,-1.4398,"Farming, Fishing, and Forestry",31,12,0.2126,0.713
45-2092.00,"Farmworkers and Laborers, Crop, Nursery, and Greenhouse",2025,25.29,-2.0573,-2.4373,-1.1789,"Farming, Fishing, and Forestry",36,6,0.1169,0.8023
45-2092.00,"Farmworkers and Laborers, Crop, Nursery, and Greenhouse",2026,28.23,-1.7541,-1.7541,-0.7845,"Farming, Fishing, and Forestry",38,3,0.0554,0.86
45-2093.00,"Farmworkers, Farm, Ranch, and Aquacultural Animals",2020,21.0,-1.0498,-3.4342,0.2827,"Farming, Fishing, and Forestry",27,16,0.269,0.66
45-2093.00,"Farmworkers, Farm, Ranch, and Aquacultural Animals",2021,20.27,-1.3521,-3.6038,-0.136,"Farming, Fishing, and Forestry",25,18,0.3181,0.6172
45-2093.00,"Farmworkers, Farm, Ranch, and Aquacultural Animals",2022,20.0,-1.1255,-3.6666,-0.0309,"Farming, Fishing, and Forestry",26,18,0.3013,0.6341
45-2093.00,"Farmworkers, Farm, Ranch, and Aquacultural Animals",2023,21.53,-1.3318,-3.311,-0.1826,"Farming, Fishing, and Forestry",28,15,0.269,0.6663
45-2093.00,"Farmworkers, Farm, Ranch, and Aquacultural Animals",2024,25.38,-1.1797,-2.4164,-0.0249,"Farming, Fishing, and Forestry",30,12,0.1887,0.7337
45-2093.00,"Farmworkers, Farm, Ranch, and Aquacultural Animals",2025,29.35,-1.1368,-1.4939,0.1057,"Farming, Fishing, and Forestry",35,6,0.1181,0.8037
45-2093.00,"Farmworkers, Farm, Ranch, and Aquacultural Animals",2026,30.26,-1.2824,-1.2824,-0.1369,"Farming, Fishing, and Forestry",37,3,0.0604,0.8559
45-3031.00,Fishing and Hunting Workers,2020,18.99,-1.923,-3.9013,-0.7827,"Farming, Fishing, and Forestry",29,16,0.2742,0.6582
45-3031.00,Fishing and Hunting Workers,2021,20.49,-1.2782,-3.5527,-0.0365,"Farming, Fishing, and Forestry",27,18,0.2964,0.6361
45-3031.00,Fishing and Hunting Workers,2022,20.49,-0.9081,-3.5527,0.2286,"Farming, Fishing, and Forestry",27,18,0.3199,0.6213
45-3031.00,Fishing and Hunting Workers,2023,20.63,-1.5724,-3.5202,-0.4957,"Farming, Fishing, and Forestry",30,15,0.2426,0.6908
45-3031.00,Fishing and Hunting Workers,2024,23.22,-1.6657,-2.9183,-0.6697,"Farming, Fishing, and Forestry",33,12,0.1916,0.7415
45-3031.00,Fishing and Hunting Workers,2025,25.55,-1.9984,-2.3769,-1.0966,"Farming, Fishing, and Forestry",36,6,0.1276,0.7851
45-3031.00,Fishing and Hunting Workers,2026,26.59,-2.1352,-2.1352,-1.3078,"Farming, Fishing, and Forestry",39,3,0.0681,0.8447
45-4011.00,Forest and Conservation Workers,2020,19.84,-1.5538,-3.7038,-0.3321,"Farming, Fishing, and Forestry",27,16,0.2665,0.6606
45-4011.00,Forest and Conservation Workers,2021,20.53,-1.2647,-3.5434,-0.0185,"Farming, Fishing, and Forestry",25,18,0.3354,0.6026
45-4011.00,Forest and Conservation Workers,2022,19.07,-1.5381,-3.8827,-0.5233,"Farming, Fishing, and Forestry",26,18,0.3074,0.6302
45-4011.00,Forest and Conservation Workers,2023,20.94,-1.4895,-3.4481,-0.3879,"Farming, Fishing, and Forestry",28,15,0.2867,0.6528
45-4011.00,Forest and Conservation Workers,2024,24.58,-1.3597,-2.6023,-0.2637,"Farming, Fishing, and Forestry",30,12,0.199,0.7294
45-4011.00,Forest and Conservation Workers,2025,28.53,-1.3227,-1.6844,-0.1537,"Farming, Fishing, and Forestry",35,6,0.11,0.8086
45-4011.00,Forest and Conservation Workers,2026,29.22,-1.5241,-1.5241,-0.4687,"Farming, Fishing, and Forestry",36,3,0.0578,0.849
45-4021.00,Fallers,2020,18.14,-2.2923,-4.0988,-1.2332,"Farming, Fishing, and Forestry",27,16,0.3109,0.6245
45-4021.00,Fallers,2021,17.56,-2.2628,-4.2336,-1.3607,"Farming, Fishing, and Forestry",25,18,0.3597,0.5821
45-4021.00,Fallers,2022,18.76,-1.6756,-3.9547,-0.6875,"Farming, Fishing, and Forestry",26,18,0.3415,0.6068
45-4021.00,Fallers,2023,18.96,-2.0188,-3.9083,-1.0766,"Farming, Fishing, and Forestry",27,15,0.3014,0.6294
45-4021.00,Fallers,2024,21.8,-1.9853,-3.2483,-1.0936,"Farming, Fishing, and Forestry",30,12,0.2236,0.7052
45-4021.00,Fallers,2025,24.13,-2.3203,-2.7069,-1.5459,"Farming, Fishing, and Forestry",34,6,0.1263,0.7935
45-4021.00,Fallers,2026,26.44,-2.1701,-2.1701,-1.3556,"Farming, Fishing, and Forestry",36,3,0.0568,0.8579
45-4022.00,Logging Equipment Operators,2020,19.5,-1.7015,-3.7828,-0.5123,"Farming, Fishing, and Forestry",28,16,0.2659,0.6686
45-4022.00,Logging Equipment Operators,2021,19.7,-1.5436,-3.7363,-0.3936,"Farming, Fishing, and Forestry",26,18,0.2953,0.6393
45-4022.00,Logging Equipment Operators,2022,19.56,-1.3207,-3.7688,-0.2639,"Farming, Fishing, and Forestry",26,18,0.2989,0.6312
45-4022.00,Logging Equipment Operators,2023,20.38,-1.6392,-3.5783,-0.5827,"Farming, Fishing, and Forestry",29,15,0.2232,0.7073
45-4022.00,Logging Equipment Operators,2024,22.89,-1.74,-2.995,-0.7682,"Farming, Fishing, and Forestry",30,12,0.15,0.7681
45-4022.00,Logging Equipment Operators,2025,27.78,-1.4928,-1.8587,-0.391,"Farming, Fishing, and Forestry",34,6,0.0858,0.8284
45-4022.00,Logging Equipment Operators,2026,29.26,-1.5148,-1.5148,-0.4559,"Farming, Fishing, and Forestry",36,3,0.0452,0.8609
45-4023.00,Log Graders and Scalers,2020,23.1,-0.1375,-2.9462,1.3957,"Farming, Fishing, and Forestry",26,16,0.245,0.6844
45-4023.00,Log Graders and Scalers,2021,22.76,-0.5153,-3.0252,0.9894,"Farming, Fishing, and Forestry",24,18,0.3199,0.6189
45-4023.00,Log Graders and Scalers,2022,22.72,0.0813,-3.0345,1.4094,"Farming, Fishing, and Forestry",25,18,0.2793,0.656
45-4023.00,Log Graders and Scalers,2023,26.67,0.0423,-2.1166,1.6054,"Farming, Fishing, and Forestry",27,15,0.2497,0.6836
45-4023.00,Log Graders and Scalers,2024,30.0,-0.1401,-1.3428,1.3543,"Farming, Fishing, and Forestry",29,12,0.1809,0.7485
45-4023.00,Log Graders and Scalers,2025,33.02,-0.3047,-0.641,1.2669,"Farming, Fishing, and Forestry",33,6,0.0905,0.821
45-4023.00,Log Graders and Scalers,2026,34.8,-0.2274,-0.2274,1.3115,"Farming, Fishing, and Forestry",35,3,0.0596,0.8491
47-1011.00,First-Line Supervisors of Construction Trades and Extraction Workers,2020,23.56,0.0623,-2.8393,2.5847,Construction and Extraction,25,16,0.2622,0.6645
47-1011.00,First-Line Supervisors of Construction Trades and Extraction Workers,2021,24.47,0.0593,-2.6279,2.6369,Construction and Extraction,24,18,0.3224,0.6164
47-1011.00,First-Line Supervisors of Construction Trades and Extraction Workers,2022,24.18,0.729,-2.6952,3.0474,Construction and Extraction,24,18,0.2802,0.6488
47-1011.00,First-Line Supervisors of Construction Trades and Extraction Workers,2023,27.16,0.1733,-2.0028,2.5984,Construction and Extraction,26,15,0.2454,0.68
47-1011.00,First-Line Supervisors of Construction Trades and Extraction Workers,2024,30.14,-0.1086,-1.3103,2.3038,Construction and Extraction,28,12,0.1747,0.7463
47-1011.00,First-Line Supervisors of Construction Trades and Extraction Workers,2025,33.83,-0.1211,-0.4528,2.3213,Construction and Extraction,33,6,0.0729,0.8434
47-1011.00,First-Line Supervisors of Construction Trades and Extraction Workers,2026,35.17,-0.1414,-0.1414,2.2996,Construction and Extraction,34,3,0.0514,0.8549
47-1011.03,Solar Energy Installation Managers,2020,22.83,-0.2548,-3.009,2.0366,Construction and Extraction,26,16,0.248,0.6805
47-1011.03,Solar Energy Installation Managers,2021,23.22,-0.3607,-2.9183,1.9227,Construction and Extraction,24,18,0.3011,0.634
47-1011.03,Solar Energy Installation Managers,2022,22.34,-0.0873,-3.1228,1.8229,Construction and Extraction,25,18,0.2844,0.649
47-1011.03,Solar Energy Installation Managers,2023,25.94,-0.1528,-2.2863,2.0292,Construction and Extraction,27,15,0.2462,0.6888
47-1011.03,Solar Energy Installation Managers,2024,29.39,-0.2774,-1.4846,1.9956,Construction and Extraction,29,12,0.1645,0.7647
47-1011.03,Solar Energy Installation Managers,2025,33.48,-0.2004,-0.5341,2.1813,Construction and Extraction,33,6,0.0735,0.8386
47-1011.03,Solar Energy Installation Managers,2026,34.73,-0.2437,-0.2437,2.1176,Construction and Extraction,35,3,0.0463,0.8629
47-2011.00,Boilermakers,2020,21.11,-1.002,-3.4086,0.7451,Construction and Extraction,27,16,0.2711,0.6599
47-2011.00,Boilermakers,2021,20.27,-1.3521,-3.6038,0.2371,Construction and Extraction,25,18,0.325,0.6123
47-2011.00,Boilermakers,2022,20.23,-1.0235,-3.6131,0.4187,Construction and Extraction,26,18,0.3019,0.6392
47-2011.00,Boilermakers,2023,22.15,-1.166,-3.167,0.2611,Construction and Extraction,27,15,0.2507,0.6775
47-2011.00,Boilermakers,2024,25.3,-1.1977,-2.435,0.3145,Construction and Extraction,30,12,0.1835,0.7455
47-2011.00,Boilermakers,2025,29.08,-1.198,-1.5566,0.4208,Construction and Extraction,34,6,0.1016,0.8179
47-2011.00,Boilermakers,2026,31.02,-1.1058,-1.1058,0.583,Construction and Extraction,36,3,0.0598,0.8549
47-2021.00,Brickmasons and Blockmasons,2020,18.64,-2.0751,-3.9826,-1.1096,Construction and Extraction,27,16,0.2735,0.6653
47-2021.00,Brickmasons and Blockmasons,2021,18.18,-2.0545,-4.0895,-0.9571,Construction and Extraction,25,18,0.368,0.5724
47-2021.00,Brickmasons and Blockmasons,2022,18.23,-1.9108,-4.0779,-0.9123,Construction and Extraction,26,18,0.2993,0.6392
47-2021.00,Brickmasons and Blockmasons,2023,20.66,-1.5644,-3.5132,-0.434,Construction and Extraction,27,15,0.2803,0.6483
47-2021.00,Brickmasons and Blockmasons,2024,23.27,-1.6545,-2.9067,-0.5198,Construction and Extraction,29,12,0.2102,0.7118
47-2021.00,Brickmasons and Blockmasons,2025,26.69,-1.7399,-2.112,-0.5355,Construction and Extraction,34,6,0.1165,0.7957
47-2021.00,Brickmasons and Blockmasons,2026,27.96,-1.8169,-1.8169,-0.6828,Construction and Extraction,36,3,0.0495,0.8574
47-2022.00,Stonemasons,2020,18.94,-1.9448,-3.9129,-0.8843,Construction and Extraction,28,16,0.2843,0.6541
47-2022.00,Stonemasons,2021,18.22,-2.041,-4.0802,-0.9343,Construction and Extraction,26,18,0.3783,0.5679
47-2022.00,Stonemasons,2022,19.08,-1.5337,-3.8804,-0.3466,Construction and Extraction,26,18,0.3181,0.6141
47-2022.00,Stonemasons,2023,20.92,-1.4948,-3.4528,-0.3127,Construction and Extraction,28,15,0.2977,0.6357
47-2022.00,Stonemasons,2024,24.1,-1.4677,-2.7138,-0.1787,Construction and Extraction,31,12,0.2233,0.7087
47-2022.00,Stonemasons,2025,27.31,-1.5994,-1.9679,-0.2874,Construction and Extraction,36,6,0.1282,0.7938
47-2022.00,Stonemasons,2026,27.97,-1.8145,-1.8145,-0.6786,Construction and Extraction,37,3,0.0523,0.855
47-2031.00,Carpenters,2020,19.96,-1.5016,-3.6759,-0.1184,Construction and Extraction,28,16,0.2717,0.6615
47-2031.00,Carpenters,2021,20.28,-1.3487,-3.6015,0.2428,Construction and Extraction,26,18,0.3625,0.5804
47-2031.00,Carpenters,2022,19.96,-1.1433,-3.6759,0.239,Construction and Extraction,27,18,0.2964,0.6408
47-2031.00,Carpenters,2023,22.64,-1.035,-3.0531,0.4897,Construction and Extraction,29,15,0.2622,0.6769
47-2031.00,Carpenters,2024,25.68,-1.1122,-2.3467,0.4707,Construction and Extraction,32,12,0.1864,0.7456
47-2031.00,Carpenters,2025,29.48,-1.1074,-1.4636,0.5808,Construction and Extraction,36,6,0.1102,0.8033
47-2031.00,Carpenters,2026,31.52,-0.9896,-0.9896,0.7898,Construction and Extraction,38,3,0.0673,0.8454
47-2041.00,Carpet Installers,2020,19.84,-1.5538,-3.7038,-0.2085,Construction and Extraction,26,16,0.2804,0.6506
47-2041.00,Carpet Installers,2021,19.85,-1.4932,-3.7014,-0.0029,Construction and Extraction,24,18,0.3632,0.575
47-2041.00,Carpet Installers,2022,19.79,-1.2187,-3.7154,0.1259,Construction and Extraction,25,18,0.3038,0.6277
47-2041.00,Carpet Installers,2023,22.47,-1.0805,-3.0926,0.4104,Construction and Extraction,27,15,0.292,0.6455
47-2041.00,Carpet Installers,2024,25.2,-1.2202,-2.4582,0.2734,Construction and Extraction,29,12,0.2298,0.6961
47-2041.00,Carpet Installers,2025,28.03,-1.4361,-1.8006,0.0007,Construction and Extraction,34,6,0.1286,0.7874
47-2041.00,Carpet Installers,2026,29.57,-1.4427,-1.4427,-0.0168,Construction and Extraction,36,3,0.061,0.8524
47-2042.00,"Floor Layers, Except Carpet, Wood, and Hard Tiles",2020,20.1,-1.4408,-3.6433,-0.0133,Construction and Extraction,23,16,0.2371,0.689
47-2042.00,"Floor Layers, Except Carpet, Wood, and Hard Tiles",2021,20.15,-1.3924,-3.6317,0.1685,Construction and Extraction,21,18,0.3198,0.6188
47-2042.00,"Floor Layers, Except Carpet, Wood, and Hard Tiles",2022,19.06,-1.5426,-3.885,-0.3599,Construction and Extraction,22,18,0.2716,0.6594
47-2042.00,"Floor Layers, Except Carpet, Wood, and Hard Tiles",2023,21.1,-1.4467,-3.411,-0.2288,Construction and Extraction,24,15,0.2406,0.6952
47-2042.00,"Floor Layers, Except Carpet, Wood, and Hard Tiles",2024,24.44,-1.3912,-2.6348,-0.0389,Construction and Extraction,25,12,0.1653,0.7527
47-2042.00,"Floor Layers, Except Carpet, Wood, and Hard Tiles",2025,29.35,-1.1368,-1.4939,0.5288,Construction and Extraction,29,6,0.1033,0.815
47-2042.00,"Floor Layers, Except Carpet, Wood, and Hard Tiles",2026,30.1,-1.3196,-1.3196,0.2024,Construction and Extraction,31,3,0.0518,0.8625
47-2043.00,Floor Sanders and Finishers,2020,17.54,-2.553,-4.2382,-1.9355,Construction and Extraction,26,16,0.29,0.6501
47-2043.00,Floor Sanders and Finishers,2021,16.5,-2.619,-4.4799,-1.917,Construction and Extraction,23,18,0.3538,0.5841
47-2043.00,Floor Sanders and Finishers,2022,16.28,-2.7759,-4.531,-2.21,Construction and Extraction,24,18,0.3306,0.6062
47-2043.00,Floor Sanders and Finishers,2023,18.39,-2.1712,-4.0407,-1.493,Construction and Extraction,25,15,0.3003,0.6345
47-2043.00,Floor Sanders and Finishers,2024,20.76,-2.2193,-3.49,-1.5515,Construction and Extraction,28,12,0.1925,0.7268
47-2043.00,Floor Sanders and Finishers,2025,25.82,-1.9372,-2.3141,-0.8836,Construction and Extraction,32,6,0.1245,0.7926
47-2043.00,Floor Sanders and Finishers,2026,27.65,-1.8889,-1.8889,-0.811,Construction and Extraction,34,3,0.0681,0.8468
47-2044.00,Tile and Stone Setters,2020,19.45,-1.7232,-3.7944,-0.5014,Construction and Extraction,27,16,0.2595,0.6797
47-2044.00,Tile and Stone Setters,2021,18.91,-1.8091,-3.9199,-0.54,Construction and Extraction,24,18,0.36,0.5797
47-2044.00,Tile and Stone Setters,2022,19.67,-1.2719,-3.7433,0.046,Construction and Extraction,25,18,0.2961,0.6342
47-2044.00,Tile and Stone Setters,2023,22.4,-1.0992,-3.1089,0.3777,Construction and Extraction,26,15,0.2727,0.6556
47-2044.00,Tile and Stone Setters,2024,25.43,-1.1684,-2.4048,0.368,Construction and Extraction,29,12,0.1973,0.7259
47-2044.00,Tile and Stone Setters,2025,28.97,-1.223,-1.5822,0.3768,Construction and Extraction,33,6,0.1045,0.8089
47-2044.00,Tile and Stone Setters,2026,30.01,-1.3405,-1.3405,0.1652,Construction and Extraction,35,3,0.054,0.8584
47-2051.00,Cement Masons and Concrete Finishers,2020,18.16,-2.2836,-4.0942,-1.47,Construction and Extraction,26,16,0.2833,0.6495
47-2051.00,Cement Masons and Concrete Finishers,2021,17.19,-2.3871,-4.3196,-1.5228,Construction and Extraction,25,18,0.3506,0.5927
47-2051.00,Cement Masons and Concrete Finishers,2022,17.83,-2.0883,-4.1708,-1.1785,Construction and Extraction,25,18,0.313,0.6207
47-2051.00,Cement Masons and Concrete Finishers,2023,20.11,-1.7114,-3.641,-0.6906,Construction and Extraction,27,15,0.2822,0.6485
47-2051.00,Cement Masons and Concrete Finishers,2024,22.26,-1.8817,-3.1414,-0.935,Construction and Extraction,29,12,0.2028,0.7211
47-2051.00,Cement Masons and Concrete Finishers,2025,25.82,-1.9372,-2.3141,-0.8836,Construction and Extraction,34,6,0.1143,0.7976
47-2051.00,Cement Masons and Concrete Finishers,2026,28.13,-1.7774,-1.7774,-0.6125,Construction and Extraction,36,3,0.0551,0.8537
47-2053.00,Terrazzo Workers and Finishers,2020,18.24,-2.2489,-4.0756,-1.4099,Construction and Extraction,26,16,0.2746,0.6622
47-2053.00,Terrazzo Workers and Finishers,2021,17.76,-2.1956,-4.1871,-1.1971,Construction and Extraction,24,18,0.3763,0.5616
47-2053.00,Terrazzo Workers and Finishers,2022,17.42,-2.2702,-4.2661,-1.4513,Construction and Extraction,24,18,0.3231,0.6098
47-2053.00,Terrazzo Workers and Finishers,2023,19.59,-1.8504,-3.7619,-0.9332,Construction and Extraction,27,15,0.2983,0.6385
47-2053.00,Terrazzo Workers and Finishers,2024,21.91,-1.9605,-3.2227,-1.0788,Construction and Extraction,29,12,0.2189,0.7092
47-2053.00,Terrazzo Workers and Finishers,2025,25.22,-2.0732,-2.4536,-1.1237,Construction and Extraction,34,6,0.1215,0.7933
47-2053.00,Terrazzo Workers and Finishers,2026,27.22,-1.9888,-1.9888,-0.9889,Construction and Extraction,36,3,0.0632,0.8483
47-2061.00,Construction Laborers,2020,19.9,-1.5277,-3.6898,-0.1635,Construction and Extraction,27,16,0.2799,0.6549
47-2061.00,Construction Laborers,2021,19.67,-1.5537,-3.7433,-0.1058,Construction and Extraction,25,18,0.3399,0.5969
47-2061.00,Construction Laborers,2022,18.65,-1.7245,-3.9803,-0.6328,Construction and Extraction,25,18,0.3252,0.6114
47-2061.00,Construction Laborers,2023,19.69,-1.8237,-3.7386,-0.8866,Construction and Extraction,27,15,0.2845,0.6488
47-2061.00,Construction Laborers,2024,23.1,-1.6927,-2.9462,-0.5897,Construction and Extraction,30,12,0.1934,0.7352
47-2061.00,Construction Laborers,2025,26.46,-1.7921,-2.1654,-0.6275,Construction and Extraction,34,6,0.1103,0.8052
47-2061.00,Construction Laborers,2026,27.85,-1.8424,-1.8424,-0.7283,Construction and Extraction,36,3,0.0438,0.8674
47-2071.00,"Paving, Surfacing, and Tamping Equipment Operators",2020,19.99,-1.4886,-3.6689,-0.0959,Construction and Extraction,27,16,0.3039,0.631
47-2071.00,"Paving, Surfacing, and Tamping Equipment Operators",2021,19.76,-1.5235,-3.7223,-0.0543,Construction and Extraction,25,18,0.3236,0.6117
47-2071.00,"Paving, Surfacing, and Tamping Equipment Operators",2022,19.84,-1.1965,-3.7038,0.1592,Construction and Extraction,26,18,0.3246,0.6142
47-2071.00,"Paving, Surfacing, and Tamping Equipment Operators",2023,20.61,-1.5777,-3.5248,-0.4573,Construction and Extraction,27,15,0.2601,0.6679
47-2071.00,"Paving, Surfacing, and Tamping Equipment Operators",2024,23.16,-1.6792,-2.9323,-0.565,Construction and Extraction,29,12,0.1835,0.7366
47-2071.00,"Paving, Surfacing, and Tamping Equipment Operators",2025,26.66,-1.7467,-2.119,-0.5475,Construction and Extraction,34,6,0.0983,0.8207
47-2071.00,"Paving, Surfacing, and Tamping Equipment Operators",2026,28.1,-1.7843,-1.7843,-0.6249,Construction and Extraction,36,3,0.0504,0.8654
47-2072.00,Pile Driver Operators,2020,19.46,-1.7189,-3.7921,-0.4938,Construction and Extraction,26,16,0.2967,0.6356
47-2072.00,Pile Driver Operators,2021,18.65,-1.8965,-3.9803,-0.6886,Construction and Extraction,25,18,0.3071,0.6323
47-2072.00,Pile Driver Operators,2022,19.84,-1.1965,-3.7038,0.1592,Construction and Extraction,25,18,0.3213,0.6134
47-2072.00,Pile Driver Operators,2023,20.39,-1.6365,-3.576,-0.56,Construction and Extraction,27,15,0.2405,0.6917
47-2072.00,Pile Driver Operators,2024,22.67,-1.7895,-3.0461,-0.7664,Construction and Extraction,29,12,0.1576,0.7637
47-2072.00,Pile Driver Operators,2025,26.27,-1.8352,-2.2096,-0.7036,Construction and Extraction,33,6,0.0877,0.8325
47-2072.00,Pile Driver Operators,2026,28.0,-1.8076,-1.8076,-0.6662,Construction and Extraction,35,3,0.0498,0.866
47-2073.00,Operating Engineers and Other Construction Equipment Operators,2020,21.26,-0.9369,-3.3738,0.8577,Construction and Extraction,27,16,0.2758,0.6586
47-2073.00,Operating Engineers and Other Construction Equipment Operators,2021,21.2,-1.0396,-3.3877,0.7685,Construction and Extraction,25,18,0.3066,0.6278
47-2073.00,Operating Engineers and Other Construction Equipment Operators,2022,21.44,-0.4866,-3.332,1.224,Construction and Extraction,25,18,0.3119,0.623
47-2073.00,Operating Engineers and Other Construction Equipment Operators,2023,22.14,-1.1687,-3.1693,0.2564,Construction and Extraction,27,15,0.2398,0.6843
47-2073.00,Operating Engineers and Other Construction Equipment Operators,2024,24.15,-1.4565,-2.7022,-0.1581,Construction and Extraction,29,12,0.1619,0.7581
47-2073.00,Operating Engineers and Other Construction Equipment Operators,2025,28.1,-1.4202,-1.7843,0.0287,Construction and Extraction,33,6,0.0831,0.8329
47-2073.00,Operating Engineers and Other Construction Equipment Operators,2026,29.98,-1.3475,-1.3475,0.1528,Construction and Extraction,35,3,0.0451,0.865
47-2081.00,Drywall and Ceiling Tile Installers,2020,18.96,-1.9361,-3.9083,-0.8693,Construction and Extraction,26,16,0.2733,0.6615
47-2081.00,Drywall and Ceiling Tile Installers,2021,18.54,-1.9335,-4.0058,-0.7514,Construction and Extraction,24,18,0.3678,0.5736
47-2081.00,Drywall and Ceiling Tile Installers,2022,18.07,-1.9818,-4.1151,-1.0188,Construction and Extraction,25,18,0.3091,0.63
47-2081.00,Drywall and Ceiling Tile Installers,2023,20.74,-1.543,-3.4946,-0.3967,Construction and Extraction,26,15,0.296,0.6353
47-2081.00,Drywall and Ceiling Tile Installers,2024,23.48,-1.6072,-2.8579,-0.4335,Construction and Extraction,29,12,0.1985,0.7301
47-2081.00,Drywall and Ceiling Tile Installers,2025,27.44,-1.5699,-1.9377,-0.2354,Construction and Extraction,34,6,0.1104,0.8086
47-2081.00,Drywall and Ceiling Tile Installers,2026,28.72,-1.6403,-1.6403,-0.3684,Construction and Extraction,35,3,0.0553,0.8513
47-2082.00,Tapers,2020,20.41,-1.3061,-3.5713,0.2195,Construction and Extraction,26,16,0.2533,0.682
47-2082.00,Tapers,2021,19.83,-1.5,-3.7061,-0.0143,Construction and Extraction,24,18,0.3256,0.6128
47-2082.00,Tapers,2022,18.66,-1.72,-3.978,-0.6261,Construction and Extraction,24,18,0.2963,0.6374
47-2082.00,Tapers,2023,20.65,-1.567,-3.5155,-0.4387,Construction and Extraction,26,15,0.276,0.6595
47-2082.00,Tapers,2024,24.31,-1.4205,-2.665,-0.0924,Construction and Extraction,28,12,0.1869,0.7398
47-2082.00,Tapers,2025,27.79,-1.4905,-1.8564,-0.0954,Construction and Extraction,33,6,0.0953,0.8208
47-2082.00,Tapers,2026,29.69,-1.4148,-1.4148,0.0328,Construction and Extraction,35,3,0.0469,0.8657
47-2111.00,Electricians,2020,21.03,-1.0368,-3.4272,0.685,Construction and Extraction,28,16,0.2413,0.6927
47-2111.00,Electricians,2021,21.57,-0.9152,-3.3017,0.9799,Construction and Extraction,25,18,0.3287,0.6069
47-2111.00,Electricians,2022,21.11,-0.633,-3.4086,1.0044,Construction and Extraction,27,18,0.283,0.6586
47-2111.00,Electricians,2023,24.14,-0.634,-2.7045,1.1895,Construction and Extraction,28,15,0.2679,0.6677
47-2111.00,Electricians,2024,28.41,-0.4979,-1.7123,1.5928,Construction and Extraction,31,12,0.198,0.7356
47-2111.00,Electricians,2025,31.24,-0.7083,-1.0547,1.285,Construction and Extraction,35,6,0.0991,0.8149
47-2111.00,Electricians,2026,32.62,-0.734,-0.734,1.2448,Construction and Extraction,37,3,0.06,0.849
47-2121.00,Glaziers,2020,20.61,-1.2193,-3.5248,0.3696,Construction and Extraction,26,16,0.2574,0.673
47-2121.00,Glaziers,2021,20.57,-1.2513,-3.5341,0.4085,Construction and Extraction,24,18,0.3373,0.6003
47-2121.00,Glaziers,2022,19.18,-1.4893,-3.8571,-0.2801,Construction and Extraction,25,18,0.2984,0.6349
47-2121.00,Glaziers,2023,22.35,-1.1126,-3.1205,0.3544,Construction and Extraction,27,15,0.2715,0.6626
47-2121.00,Glaziers,2024,25.58,-1.1347,-2.3699,0.4296,Construction and Extraction,29,12,0.1807,0.7455
47-2121.00,Glaziers,2025,29.34,-1.1391,-1.4962,0.5248,Construction and Extraction,33,6,0.0982,0.8148
47-2121.00,Glaziers,2026,30.78,-1.1616,-1.1616,0.4837,Construction and Extraction,35,3,0.0473,0.8606
47-2131.00,"Insulation Workers, Floor, Ceiling, and Wall",2020,19.09,-1.8796,-3.878,-0.7717,Construction and Extraction,28,16,0.2743,0.6575
47-2131.00,"Insulation Workers, Floor, Ceiling, and Wall",2021,18.85,-1.8293,-3.9338,-0.5743,Construction and Extraction,27,18,0.343,0.6028
47-2131.00,"Insulation Workers, Floor, Ceiling, and Wall",2022,18.48,-1.7999,-4.0198,-0.7459,Construction and Extraction,27,18,0.3036,0.6354
47-2131.00,"Insulation Workers, Floor, Ceiling, and Wall",2023,19.23,-1.9467,-3.8455,-1.1012,Construction and Extraction,29,15,0.2761,0.6587
47-2131.00,"Insulation Workers, Floor, Ceiling, and Wall",2024,21.95,-1.9515,-3.2134,-1.0624,Construction and Extraction,31,12,0.1868,0.7432
47-2131.00,"Insulation Workers, Floor, Ceiling, and Wall",2025,26.35,-1.817,-2.191,-0.6715,Construction and Extraction,36,6,0.105,0.812
47-2131.00,"Insulation Workers, Floor, Ceiling, and Wall",2026,27.56,-1.9098,-1.9098,-0.8482,Construction and Extraction,38,3,0.0466,0.8621
47-2132.00,"Insulation Workers, Mechanical",2020,21.0,-1.0498,-3.4342,0.6625,Construction and Extraction,26,16,0.2613,0.6728
47-2132.00,"Insulation Workers, Mechanical",2021,20.6,-1.2412,-3.5272,0.4256,Construction and Extraction,24,18,0.3474,0.5927
47-2132.00,"Insulation Workers, Mechanical",2022,20.12,-1.0723,-3.6387,0.3455,Construction and Extraction,25,18,0.3003,0.638
47-2132.00,"Insulation Workers, Mechanical",2023,22.92,-0.9602,-2.988,0.6203,Construction and Extraction,27,15,0.287,0.646
47-2132.00,"Insulation Workers, Mechanical",2024,26.24,-0.9862,-2.2165,0.7009,Construction and Extraction,29,12,0.1966,0.7325
47-2132.00,"Insulation Workers, Mechanical",2025,29.41,-1.1232,-1.4799,0.5528,Construction and Extraction,33,6,0.1126,0.8027
47-2132.00,"Insulation Workers, Mechanical",2026,30.45,-1.2382,-1.2382,0.3472,Construction and Extraction,35,3,0.0503,0.8621
47-2141.00,"Painters, Construction and Maintenance",2020,20.31,-1.3496,-3.5945,0.1444,Construction and Extraction,25,16,0.2537,0.6776
47-2141.00,"Painters, Construction and Maintenance",2021,19.21,-1.7083,-3.8502,-0.3686,Construction and Extraction,23,18,0.3486,0.5913
47-2141.00,"Painters, Construction and Maintenance",2022,19.03,-1.5559,-3.892,-0.3799,Construction and Extraction,24,18,0.3125,0.6251
47-2141.00,"Painters, Construction and Maintenance",2023,20.51,-1.6045,-3.5481,-0.504,Construction and Extraction,26,15,0.2973,0.6413
47-2141.00,"Painters, Construction and Maintenance",2024,23.4,-1.6252,-2.8765,-0.4664,Construction and Extraction,28,12,0.2017,0.725
47-2141.00,"Painters, Construction and Maintenance",2025,27.55,-1.5449,-1.9121,-0.1914,Construction and Extraction,32,6,0.1115,0.8095
47-2141.00,"Painters, Construction and Maintenance",2026,29.07,-1.5589,-1.5589,-0.2236,Construction and Extraction,33,3,0.0476,0.8607
47-2142.00,Paperhangers,2020,19.64,-1.6407,-3.7502,-0.3587,Construction and Extraction,24,16,0.2602,0.6748
47-2142.00,Paperhangers,2021,18.83,-1.836,-3.9385,-0.5857,Construction and Extraction,22,18,0.3637,0.578
47-2142.00,Paperhangers,2022,18.15,-1.9463,-4.0965,-0.9655,Construction and Extraction,22,18,0.3056,0.6267
47-2142.00,Paperhangers,2023,20.24,-1.6766,-3.6108,-0.63,Construction and Extraction,24,15,0.2956,0.6371
47-2142.00,Paperhangers,2024,23.38,-1.6297,-2.8811,-0.4746,Construction and Extraction,26,12,0.1985,0.7277
47-2142.00,Paperhangers,2025,27.26,-1.6107,-1.9795,-0.3074,Construction and Extraction,30,6,0.1068,0.8099
47-2142.00,Paperhangers,2026,29.7,-1.4125,-1.4125,0.037,Construction and Extraction,32,3,0.0485,0.8649
47-2151.00,Pipelayers,2020,20.67,-1.1932,-3.5109,0.4147,Construction and Extraction,27,16,0.2641,0.6648
47-2151.00,Pipelayers,2021,20.47,-1.2849,-3.5574,0.3514,Construction and Extraction,26,18,0.3087,0.63
47-2151.00,Pipelayers,2022,19.97,-1.1388,-3.6736,0.2457,Construction and Extraction,26,18,0.3018,0.6369
47-2151.00,Pipelayers,2023,21.86,-1.2436,-3.2344,0.1258,Construction and Extraction,28,15,0.2605,0.6707
47-2151.00,Pipelayers,2024,24.35,-1.4115,-2.6557,-0.0759,Construction and Extraction,29,12,0.1723,0.745
47-2151.00,Pipelayers,2025,29.31,-1.1459,-1.5032,0.5128,Construction and Extraction,35,6,0.104,0.8124
47-2151.00,Pipelayers,2026,30.91,-1.1313,-1.1313,0.5375,Construction and Extraction,37,3,0.0475,0.8608
47-2152.00,"Plumbers, Pipefitters, and Steamfitters",2020,20.35,-1.3322,-3.5852,0.1744,Construction and Extraction,28,16,0.2529,0.6746
47-2152.00,"Plumbers, Pipefitters, and Steamfitters",2021,20.4,-1.3084,-3.5736,0.3114,Construction and Extraction,26,18,0.3433,0.5946
47-2152.00,"Plumbers, Pipefitters, and Steamfitters",2022,20.25,-1.0146,-3.6085,0.432,Construction and Extraction,27,18,0.2878,0.6472
47-2152.00,"Plumbers, Pipefitters, and Steamfitters",2023,22.01,-1.2034,-3.1995,0.1958,Construction and Extraction,29,15,0.2594,0.6755
47-2152.00,"Plumbers, Pipefitters, and Steamfitters",2024,25.52,-1.1482,-2.3839,0.4049,Construction and Extraction,32,12,0.1851,0.7457
47-2152.00,"Plumbers, Pipefitters, and Steamfitters",2025,28.7,-1.2842,-1.6449,0.2687,Construction and Extraction,36,6,0.1127,0.8029
47-2152.00,"Plumbers, Pipefitters, and Steamfitters",2026,30.11,-1.3173,-1.3173,0.2066,Construction and Extraction,38,3,0.0699,0.8408
47-2152.04,Solar Thermal Installers and Technicians,2020,21.37,-0.8891,-3.3482,0.9403,Construction and Extraction,28,16,0.2621,0.674
47-2152.04,Solar Thermal Installers and Technicians,2021,21.28,-1.0127,-3.3691,0.8142,Construction and Extraction,26,18,0.3389,0.6085
47-2152.04,Solar Thermal Installers and Technicians,2022,21.44,-0.4866,-3.332,1.224,Construction and Extraction,27,18,0.3036,0.6369
47-2152.04,Solar Thermal Installers and Technicians,2023,24.1,-0.6447,-2.7138,1.1708,Construction and Extraction,28,15,0.2776,0.6555
47-2152.04,Solar Thermal Installers and Technicians,2024,27.0,-0.8152,-2.0399,1.0133,Construction and Extraction,31,12,0.2005,0.7289
47-2152.04,Solar Thermal Installers and Technicians,2025,30.65,-0.8421,-1.1918,1.049,Construction and Extraction,36,6,0.1052,0.8156
47-2152.04,Solar Thermal Installers and Technicians,2026,32.29,-0.8107,-0.8107,1.1083,Construction and Extraction,38,3,0.0633,0.8531
47-2161.00,Plasterers and Stucco Masons,2020,18.95,-1.9404,-3.9106,-0.8768,Construction and Extraction,27,16,0.2926,0.6462
47-2161.00,Plasterers and Stucco Masons,2021,18.54,-1.9335,-4.0058,-0.7514,Construction and Extraction,25,18,0.3661,0.5743
47-2161.00,Plasterers and Stucco Masons,2022,17.49,-2.2391,-4.2498,-1.4047,Construction and Extraction,25,18,0.3338,0.6001
47-2161.00,Plasterers and Stucco Masons,2023,19.82,-1.7889,-3.7084,-0.8259,Construction and Extraction,27,15,0.293,0.6368
47-2161.00,Plasterers and Stucco Masons,2024,23.11,-1.6905,-2.9439,-0.5856,Construction and Extraction,30,12,0.2062,0.7194
47-2161.00,Plasterers and Stucco Masons,2025,26.79,-1.7173,-2.0887,-0.4955,Construction and Extraction,34,6,0.1176,0.7961
47-2161.00,Plasterers and Stucco Masons,2026,28.4,-1.7146,-1.7146,-0.5008,Construction and Extraction,36,3,0.0539,0.8538
47-2171.00,Reinforcing Iron and Rebar Workers,2020,18.03,-2.3401,-4.1244,-1.5676,Construction and Extraction,26,16,0.3094,0.6239
47-2171.00,Reinforcing Iron and Rebar Workers,2021,17.77,-2.1922,-4.1848,-1.1914,Construction and Extraction,25,18,0.3687,0.5775
47-2171.00,Reinforcing Iron and Rebar Workers,2022,17.06,-2.4299,-4.3498,-1.6909,Construction and Extraction,25,18,0.3306,0.6051
47-2171.00,Reinforcing Iron and Rebar Workers,2023,18.74,-2.0776,-3.9594,-1.3298,Construction and Extraction,27,15,0.3008,0.6344
47-2171.00,Reinforcing Iron and Rebar Workers,2024,21.56,-2.0393,-3.3041,-1.2227,Construction and Extraction,30,12,0.2213,0.7134
47-2171.00,Reinforcing Iron and Rebar Workers,2025,24.84,-2.1594,-2.5419,-1.2757,Construction and Extraction,35,6,0.1352,0.7889
47-2171.00,Reinforcing Iron and Rebar Workers,2026,26.71,-2.1073,-2.1073,-1.1998,Construction and Extraction,36,3,0.061,0.8495
47-2181.00,Roofers,2020,19.7,-1.6146,-3.7363,-0.3136,Construction and Extraction,26,16,0.2969,0.6388
47-2181.00,Roofers,2021,19.02,-1.7722,-3.8943,-0.4772,Construction and Extraction,24,18,0.3557,0.5824
47-2181.00,Roofers,2022,18.09,-1.9729,-4.1104,-1.0054,Construction and Extraction,25,18,0.3279,0.6157
47-2181.00,Roofers,2023,20.05,-1.7274,-3.655,-0.7186,Construction and Extraction,27,15,0.3175,0.6201
47-2181.00,Roofers,2024,23.17,-1.677,-2.9299,-0.5609,Construction and Extraction,29,12,0.2012,0.7282
47-2181.00,Roofers,2025,26.07,-1.8805,-2.2561,-0.7836,Construction and Extraction,34,6,0.1084,0.8105
47-2181.00,Roofers,2026,27.67,-1.8843,-1.8843,-0.8027,Construction and Extraction,36,3,0.0494,0.8655
47-2211.00,Sheet Metal Workers,2020,21.15,-0.9847,-3.3993,0.7751,Construction and Extraction,27,16,0.2755,0.6602
47-2211.00,Sheet Metal Workers,2021,20.72,-1.2009,-3.4993,0.4942,Construction and Extraction,25,18,0.3551,0.5884
47-2211.00,Sheet Metal Workers,2022,21.37,-0.5177,-3.3482,1.1774,Construction and Extraction,26,18,0.2991,0.6382
47-2211.00,Sheet Metal Workers,2023,23.91,-0.6955,-2.758,1.0822,Construction and Extraction,27,15,0.2682,0.6614
47-2211.00,Sheet Metal Workers,2024,26.08,-1.0222,-2.2537,0.6351,Construction and Extraction,30,12,0.1875,0.736
47-2211.00,Sheet Metal Workers,2025,29.08,-1.198,-1.5566,0.4208,Construction and Extraction,35,6,0.108,0.811
47-2211.00,Sheet Metal Workers,2026,30.63,-1.1964,-1.1964,0.4216,Construction and Extraction,37,3,0.0643,0.8529
47-2221.00,Structural Iron and Steel Workers,2020,19.38,-1.7536,-3.8107,-0.5539,Construction and Extraction,27,16,0.3137,0.6274
47-2221.00,Structural Iron and Steel Workers,2021,18.43,-1.9704,-4.0314,-0.8143,Construction and Extraction,25,18,0.3749,0.5663
47-2221.00,Structural Iron and Steel Workers,2022,18.66,-1.72,-3.978,-0.6261,Construction and Extraction,26,18,0.3346,0.6081
47-2221.00,Structural Iron and Steel Workers,2023,19.92,-1.7622,-3.6852,-0.7793,Construction and Extraction,28,15,0.2828,0.6526
47-2221.00,Structural Iron and Steel Workers,2024,22.22,-1.8907,-3.1507,-0.9514,Construction and Extraction,30,12,0.2151,0.7147
47-2221.00,Structural Iron and Steel Workers,2025,25.34,-2.046,-2.4257,-1.0757,Construction and Extraction,35,6,0.117,0.8019
47-2221.00,Structural Iron and Steel Workers,2026,26.57,-2.1399,-2.1399,-1.2578,Construction and Extraction,37,3,0.0541,0.8595
47-2231.00,Solar Photovoltaic Installers,2020,21.03,-1.0368,-3.4272,0.685,Construction and Extraction,27,16,0.2457,0.6818
47-2231.00,Solar Photovoltaic Installers,2021,20.74,-1.1942,-3.4946,0.5056,Construction and Extraction,26,18,0.3522,0.5929
47-2231.00,Solar Photovoltaic Installers,2022,20.23,-1.0235,-3.6131,0.4187,Construction and Extraction,26,18,0.2932,0.6429
47-2231.00,Solar Photovoltaic Installers,2023,23.29,-0.8613,-2.9021,0.7929,Construction and Extraction,28,15,0.2766,0.6548
47-2231.00,Solar Photovoltaic Installers,2024,25.83,-1.0784,-2.3118,0.5324,Construction and Extraction,30,12,0.1862,0.741
47-2231.00,Solar Photovoltaic Installers,2025,29.99,-0.9917,-1.3451,0.7849,Construction and Extraction,35,6,0.0998,0.821
47-2231.00,Solar Photovoltaic Installers,2026,31.15,-1.0756,-1.0756,0.6367,Construction and Extraction,37,3,0.0535,0.8622
47-3011.00,"Helpers--Brickmasons, Blockmasons, Stonemasons, and Tile and Marble Setters",2020,18.42,-2.1707,-4.0337,-1.2747,Construction and Extraction,27,16,0.3116,0.626
47-3011.00,"Helpers--Brickmasons, Blockmasons, Stonemasons, and Tile and Marble Setters",2021,18.82,-1.8394,-3.9408,-0.5914,Construction and Extraction,26,18,0.3759,0.5728
47-3011.00,"Helpers--Brickmasons, Blockmasons, Stonemasons, and Tile and Marble Setters",2022,18.62,-1.7378,-3.9873,-0.6527,Construction and Extraction,26,18,0.3477,0.5942
47-3011.00,"Helpers--Brickmasons, Blockmasons, Stonemasons, and Tile and Marble Setters",2023,19.84,-1.7836,-3.7038,-0.8166,Construction and Extraction,28,15,0.3194,0.6195
47-3011.00,"Helpers--Brickmasons, Blockmasons, Stonemasons, and Tile and Marble Setters",2024,21.9,-1.9628,-3.2251,-1.0829,Construction and Extraction,30,12,0.2274,0.7027
47-3011.00,"Helpers--Brickmasons, Blockmasons, Stonemasons, and Tile and Marble Setters",2025,24.9,-2.1458,-2.5279,-1.2517,Construction and Extraction,35,6,0.1332,0.7876
47-3011.00,"Helpers--Brickmasons, Blockmasons, Stonemasons, and Tile and Marble Setters",2026,26.53,-2.1492,-2.1492,-1.2743,Construction and Extraction,36,3,0.0642,0.8428
47-3012.00,Helpers--Carpenters,2020,19.71,-1.6102,-3.734,-0.3061,Construction and Extraction,28,16,0.2813,0.6543
47-3012.00,Helpers--Carpenters,2021,19.3,-1.6781,-3.8292,-0.3172,Construction and Extraction,26,18,0.3459,0.592
47-3012.00,Helpers--Carpenters,2022,19.35,-1.4139,-3.8176,-0.1669,Construction and Extraction,27,18,0.3103,0.6315
47-3012.00,Helpers--Carpenters,2023,21.25,-1.4066,-3.3761,-0.1588,Construction and Extraction,29,15,0.2738,0.6642
47-3012.00,Helpers--Carpenters,2024,24.07,-1.4745,-2.7208,-0.191,Construction and Extraction,31,12,0.2025,0.7241
47-3012.00,Helpers--Carpenters,2025,26.96,-1.6787,-2.0492,-0.4275,Construction and Extraction,36,6,0.11,0.8091
47-3012.00,Helpers--Carpenters,2026,28.41,-1.7123,-1.7123,-0.4966,Construction and Extraction,38,3,0.0477,0.863
47-3013.00,Helpers--Electricians,2020,20.54,-1.2497,-3.5411,0.3171,Construction and Extraction,26,16,0.244,0.689
47-3013.00,Helpers--Electricians,2021,19.45,-1.6277,-3.7944,-0.2315,Construction and Extraction,24,18,0.3573,0.5858
47-3013.00,Helpers--Electricians,2022,19.1,-1.5248,-3.8757,-0.3333,Construction and Extraction,25,18,0.2958,0.6401
47-3013.00,Helpers--Electricians,2023,20.76,-1.5376,-3.49,-0.3874,Construction and Extraction,26,15,0.287,0.6493
47-3013.00,Helpers--Electricians,2024,24.65,-1.344,-2.586,0.0474,Construction and Extraction,29,12,0.1946,0.7344
47-3013.00,Helpers--Electricians,2025,28.34,-1.3658,-1.7286,0.1247,Construction and Extraction,33,6,0.1115,0.8068
47-3013.00,Helpers--Electricians,2026,29.77,-1.3963,-1.3963,0.0659,Construction and Extraction,35,3,0.0599,0.8542
47-3014.00,"Helpers--Painters, Paperhangers, Plasterers, and Stucco Masons",2020,18.2,-2.2662,-4.0849,-1.4399,Construction and Extraction,26,16,0.2779,0.6526
47-3014.00,"Helpers--Painters, Paperhangers, Plasterers, and Stucco Masons",2021,17.36,-2.33,-4.2801,-1.4257,Construction and Extraction,25,18,0.363,0.5819
47-3014.00,"Helpers--Painters, Paperhangers, Plasterers, and Stucco Masons",2022,18.27,-1.893,-4.0686,-0.8857,Construction and Extraction,24,18,0.3197,0.6129
47-3014.00,"Helpers--Painters, Paperhangers, Plasterers, and Stucco Masons",2023,18.77,-2.0696,-3.9524,-1.3158,Construction and Extraction,27,15,0.309,0.632
47-3014.00,"Helpers--Painters, Paperhangers, Plasterers, and Stucco Masons",2024,22.08,-1.9222,-3.1832,-1.0089,Construction and Extraction,29,12,0.2284,0.7016
47-3014.00,"Helpers--Painters, Paperhangers, Plasterers, and Stucco Masons",2025,24.76,-2.1775,-2.5605,-1.3077,Construction and Extraction,33,6,0.1317,0.7872
47-3014.00,"Helpers--Painters, Paperhangers, Plasterers, and Stucco Masons",2026,26.34,-2.1933,-2.1933,-1.3529,Construction and Extraction,35,3,0.0473,0.8651
47-3015.00,"Helpers--Pipelayers, Plumbers, Pipefitters, and Steamfitters",2020,19.38,-1.7536,-3.8107,-0.5539,Construction and Extraction,25,16,0.2694,0.6593
47-3015.00,"Helpers--Pipelayers, Plumbers, Pipefitters, and Steamfitters",2021,18.64,-1.8999,-3.9826,-0.6943,Construction and Extraction,24,18,0.3404,0.6033
47-3015.00,"Helpers--Pipelayers, Plumbers, Pipefitters, and Steamfitters",2022,18.32,-1.8709,-4.057,-0.8524,Construction and Extraction,24,18,0.2946,0.6373
47-3015.00,"Helpers--Pipelayers, Plumbers, Pipefitters, and Steamfitters",2023,19.47,-1.8825,-3.7897,-0.9892,Construction and Extraction,26,15,0.2698,0.6635
47-3015.00,"Helpers--Pipelayers, Plumbers, Pipefitters, and Steamfitters",2024,23.12,-1.6882,-2.9416,-0.5815,Construction and Extraction,28,12,0.1787,0.742
47-3015.00,"Helpers--Pipelayers, Plumbers, Pipefitters, and Steamfitters",2025,27.25,-1.613,-1.9818,-0.3114,Construction and Extraction,33,6,0.1126,0.806
47-3015.00,"Helpers--Pipelayers, Plumbers, Pipefitters, and Steamfitters",2026,28.69,-1.6472,-1.6472,-0.3808,Construction and Extraction,35,3,0.0529,0.8622
47-3016.00,Helpers--Roofers,2020,19.48,-1.7102,-3.7874,-0.4788,Construction and Extraction,28,16,0.2966,0.6453
47-3016.00,Helpers--Roofers,2021,19.33,-1.668,-3.8223,-0.3,Construction and Extraction,26,18,0.3712,0.5707
47-3016.00,Helpers--Roofers,2022,19.8,-1.2142,-3.7131,0.1326,Construction and Extraction,26,18,0.3253,0.6116
47-3016.00,Helpers--Roofers,2023,20.09,-1.7167,-3.6457,-0.6999,Construction and Extraction,28,15,0.306,0.6247
47-3016.00,Helpers--Roofers,2024,22.51,-1.8255,-3.0833,-0.8322,Construction and Extraction,30,12,0.2192,0.7027
47-3016.00,Helpers--Roofers,2025,25.03,-2.1163,-2.4977,-1.1997,Construction and Extraction,36,6,0.1296,0.7941
47-3016.00,Helpers--Roofers,2026,26.82,-2.0818,-2.0818,-1.1543,Construction and Extraction,37,3,0.0647,0.843
47-4011.00,Construction and Building Inspectors,2020,24.3,0.3838,-2.6674,3.1403,Construction and Extraction,23,16,0.2062,0.724
47-4011.00,Construction and Building Inspectors,2021,26.68,0.802,-2.1143,3.8997,Construction and Extraction,21,18,0.2468,0.68
47-4011.00,Construction and Building Inspectors,2022,23.67,0.5027,-2.8138,2.708,Construction and Extraction,21,18,0.2564,0.6706
47-4011.00,Construction and Building Inspectors,2023,29.3,0.7455,-1.5055,3.5968,Construction and Extraction,23,15,0.2337,0.6949
47-4011.00,Construction and Building Inspectors,2024,34.1,0.7824,-0.3901,3.9315,Construction and Extraction,25,12,0.1392,0.7822
47-4011.00,Construction and Building Inspectors,2025,36.35,0.4503,0.1328,3.3296,Construction and Extraction,29,6,0.051,0.8604
47-4011.00,Construction and Building Inspectors,2026,37.84,0.479,0.479,3.404,Construction and Extraction,31,3,0.0331,0.8774
47-4011.01,Energy Auditors,2020,22.87,-0.2375,-2.9997,2.0666,Construction and Extraction,24,16,0.2403,0.6866
47-4011.01,Energy Auditors,2021,23.9,-0.1322,-2.7603,2.3112,Construction and Extraction,22,18,0.2869,0.6515
47-4011.01,Energy Auditors,2022,22.63,0.0413,-3.0554,2.0159,Construction and Extraction,23,18,0.2622,0.6719
47-4011.01,Energy Auditors,2023,27.59,0.2883,-1.9028,2.799,Construction and Extraction,24,15,0.2267,0.6979
47-4011.01,Energy Auditors,2024,31.22,0.1344,-1.0593,2.7477,Construction and Extraction,27,12,0.1593,0.7669
47-4011.01,Energy Auditors,2025,35.39,0.2326,-0.0903,2.9455,Construction and Extraction,30,6,0.0756,0.8402
47-4011.01,Energy Auditors,2026,37.26,0.3442,0.3442,3.1641,Construction and Extraction,31,3,0.0567,0.8501
47-4021.00,Elevator and Escalator Installers and Repairers,2020,19.65,-1.6363,-3.7479,-0.3512,Construction and Extraction,26,16,0.2438,0.6817
47-4021.00,Elevator and Escalator Installers and Repairers,2021,19.8,-1.51,-3.7131,-0.0315,Construction and Extraction,25,18,0.3305,0.6137
47-4021.00,Elevator and Escalator Installers and Repairers,2022,18.81,-1.6535,-3.9431,-0.5263,Construction and Extraction,25,18,0.2826,0.6499
47-4021.00,Elevator and Escalator Installers and Repairers,2023,21.95,-1.2195,-3.2134,0.1678,Construction and Extraction,27,15,0.2604,0.6746
47-4021.00,Elevator and Escalator Installers and Repairers,2024,25.91,-1.0604,-2.2932,0.5652,Construction and Extraction,30,12,0.1676,0.7609
47-4021.00,Elevator and Escalator Installers and Repairers,2025,29.49,-1.1051,-1.4613,0.5848,Construction and Extraction,34,6,0.0974,0.8224
47-4021.00,Elevator and Escalator Installers and Repairers,2026,31.0,-1.1104,-1.1104,0.5747,Construction and Extraction,36,3,0.0653,0.8524
47-4031.00,Fence Erectors,2020,18.9,-1.9621,-3.9222,-0.9143,Construction and Extraction,27,16,0.2931,0.6451
47-4031.00,Fence Erectors,2021,18.08,-2.0881,-4.1127,-1.0143,Construction and Extraction,25,18,0.3485,0.5875
47-4031.00,Fence Erectors,2022,18.06,-1.9862,-4.1174,-1.0254,Construction and Extraction,26,18,0.3138,0.6265
47-4031.00,Fence Erectors,2023,19.4,-1.9012,-3.806,-1.0218,Construction and Extraction,28,15,0.2841,0.6534
47-4031.00,Fence Erectors,2024,22.02,-1.9357,-3.1972,-1.0336,Construction and Extraction,30,12,0.214,0.7145
47-4031.00,Fence Erectors,2025,25.75,-1.953,-2.3304,-0.9116,Construction and Extraction,35,6,0.1268,0.7902
47-4031.00,Fence Erectors,2026,27.53,-1.9168,-1.9168,-0.8607,Construction and Extraction,37,3,0.0563,0.8569
47-4041.00,Hazardous Materials Removal Workers,2020,21.31,-0.9152,-3.3622,0.8953,Construction and Extraction,27,16,0.2591,0.6708
47-4041.00,Hazardous Materials Removal Workers,2021,21.65,-0.8883,-3.2832,1.0256,Construction and Extraction,25,18,0.3001,0.6364
47-4041.00,Hazardous Materials Removal Workers,2022,20.23,-1.0235,-3.6131,0.4187,Construction and Extraction,26,18,0.2956,0.6431
47-4041.00,Hazardous Materials Removal Workers,2023,22.66,-1.0297,-3.0485,0.499,Construction and Extraction,28,15,0.2532,0.6837
47-4041.00,Hazardous Materials Removal Workers,2024,26.65,-0.8939,-2.1213,0.8694,Construction and Extraction,30,12,0.16,0.7642
47-4041.00,Hazardous Materials Removal Workers,2025,31.17,-0.7242,-1.0709,1.257,Construction and Extraction,34,6,0.0867,0.829
47-4041.00,Hazardous Materials Removal Workers,2026,31.96,-0.8874,-0.8874,0.9718,Construction and Extraction,36,3,0.0478,0.8618
47-4051.00,Highway Maintenance Workers,2020,20.26,-1.3713,-3.6062,0.1068,Construction and Extraction,28,16,0.3011,0.6392
47-4051.00,Highway Maintenance Workers,2021,20.14,-1.3958,-3.634,0.1628,Construction and Extraction,26,18,0.3414,0.6023
47-4051.00,Highway Maintenance Workers,2022,20.2,-1.0368,-3.6201,0.3988,Construction and Extraction,26,18,0.3298,0.6042
47-4051.00,Highway Maintenance Workers,2023,21.01,-1.4708,-3.4319,-0.2707,Construction and Extraction,28,15,0.2823,0.6517
47-4051.00,Highway Maintenance Workers,2024,23.68,-1.5622,-2.8114,-0.3513,Construction and Extraction,30,12,0.2031,0.7249
47-4051.00,Highway Maintenance Workers,2025,27.71,-1.5087,-1.875,-0.1274,Construction and Extraction,34,6,0.1101,0.8033
47-4051.00,Highway Maintenance Workers,2026,29.63,-1.4288,-1.4288,0.008,Construction and Extraction,36,3,0.0565,0.8511
47-4061.00,Rail-Track Laying and Maintenance Equipment Operators,2020,19.5,-1.7015,-3.7828,-0.4638,Construction and Extraction,27,16,0.3006,0.6307
47-4061.00,Rail-Track Laying and Maintenance Equipment Operators,2021,18.7,-1.8797,-3.9687,-0.66,Construction and Extraction,26,18,0.3403,0.6052
47-4061.00,Rail-Track Laying and Maintenance Equipment Operators,2022,18.86,-1.6313,-3.9315,-0.493,Construction and Extraction,26,18,0.3315,0.611
47-4061.00,Rail-Track Laying and Maintenance Equipment Operators,2023,20.35,-1.6472,-3.5852,-0.5786,Construction and Extraction,28,15,0.2762,0.6596
47-4061.00,Rail-Track Laying and Maintenance Equipment Operators,2024,22.81,-1.758,-3.0136,-0.7089,Construction and Extraction,30,12,0.2028,0.7225
47-4061.00,Rail-Track Laying and Maintenance Equipment Operators,2025,26.1,-1.8737,-2.2491,-0.7716,Construction and Extraction,35,6,0.1143,0.8047
47-4061.00,Rail-Track Laying and Maintenance Equipment Operators,2026,28.2,-1.7611,-1.7611,-0.5835,Construction and Extraction,37,3,0.0596,0.8541
47-4071.00,Septic Tank Servicers and Sewer Pipe Cleaners,2020,19.76,-1.5885,-3.7223,-0.2686,Construction and Extraction,29,16,0.2869,0.6539
47-4071.00,Septic Tank Servicers and Sewer Pipe Cleaners,2021,19.58,-1.584,-3.7642,-0.1572,Construction and Extraction,27,18,0.3312,0.6096
47-4071.00,Septic Tank Servicers and Sewer Pipe Cleaners,2022,19.12,-1.5159,-3.8711,-0.32,Construction and Extraction,27,18,0.312,0.6247
47-4071.00,Septic Tank Servicers and Sewer Pipe Cleaners,2023,20.85,-1.5136,-3.4691,-0.3454,Construction and Extraction,29,15,0.2672,0.663
47-4071.00,Septic Tank Servicers and Sewer Pipe Cleaners,2024,23.57,-1.587,-2.837,-0.3965,Construction and Extraction,32,12,0.1982,0.7333
47-4071.00,Septic Tank Servicers and Sewer Pipe Cleaners,2025,26.95,-1.681,-2.0516,-0.4315,Construction and Extraction,36,6,0.1114,0.801
47-4071.00,Septic Tank Servicers and Sewer Pipe Cleaners,2026,28.44,-1.7053,-1.7053,-0.4842,Construction and Extraction,39,3,0.0624,0.8562
47-4091.00,Segmental Pavers,2020,21.32,-0.9108,-3.3598,0.9028,Construction and Extraction,27,16,0.2804,0.6526
47-4091.00,Segmental Pavers,2021,21.42,-0.9656,-3.3366,0.8942,Construction and Extraction,25,18,0.3231,0.6145
47-4091.00,Segmental Pavers,2022,20.72,-0.8061,-3.4993,0.7448,Construction and Extraction,26,18,0.31,0.6291
47-4091.00,Segmental Pavers,2023,22.1,-1.1794,-3.1786,0.2378,Construction and Extraction,28,15,0.2618,0.6744
47-4091.00,Segmental Pavers,2024,25.26,-1.2067,-2.4443,0.2981,Construction and Extraction,29,12,0.1827,0.7357
47-4091.00,Segmental Pavers,2025,29.64,-1.0711,-1.4265,0.6448,Construction and Extraction,34,6,0.0942,0.8171
47-4091.00,Segmental Pavers,2026,30.57,-1.2104,-1.2104,0.3968,Construction and Extraction,36,3,0.0455,0.8622
47-4099.03,Weatherization Installers and Technicians,2020,21.51,-0.8283,-3.3157,1.0454,Construction and Extraction,27,16,0.2566,0.6715
47-4099.03,Weatherization Installers and Technicians,2021,20.91,-1.137,-3.4551,0.6028,Construction and Extraction,25,18,0.3314,0.603
47-4099.03,Weatherization Installers and Technicians,2022,20.99,-0.6863,-3.4365,0.9245,Construction and Extraction,26,18,0.2929,0.6409
47-4099.03,Weatherization Installers and Technicians,2023,23.73,-0.7436,-2.7998,0.9982,Construction and Extraction,28,15,0.2608,0.6707
47-4099.03,Weatherization Installers and Technicians,2024,26.88,-0.8422,-2.0678,0.9639,Construction and Extraction,30,12,0.1898,0.7335
47-4099.03,Weatherization Installers and Technicians,2025,29.99,-0.9917,-1.3451,0.7849,Construction and Extraction,35,6,0.1004,0.8178
47-4099.03,Weatherization Installers and Technicians,2026,31.36,-1.0268,-1.0268,0.7236,Construction and Extraction,37,3,0.0587,0.8545
47-5011.00,"Derrick Operators, Oil and Gas",2020,19.79,-1.5755,-3.7154,-0.2461,Construction and Extraction,28,16,0.3083,0.6279
47-5011.00,"Derrick Operators, Oil and Gas",2021,18.96,-1.7923,-3.9083,-0.5114,Construction and Extraction,26,18,0.3503,0.5859
47-5011.00,"Derrick Operators, Oil and Gas",2022,19.6,-1.303,-3.7595,-0.0005,Construction and Extraction,26,18,0.3401,0.5951
47-5011.00,"Derrick Operators, Oil and Gas",2023,20.97,-1.4815,-3.4412,-0.2894,Construction and Extraction,29,15,0.29,0.6524
47-5011.00,"Derrick Operators, Oil and Gas",2024,23.17,-1.677,-2.9299,-0.5609,Construction and Extraction,31,12,0.2092,0.7197
47-5011.00,"Derrick Operators, Oil and Gas",2025,25.75,-1.953,-2.3304,-0.9116,Construction and Extraction,35,6,0.1163,0.7992
47-5011.00,"Derrick Operators, Oil and Gas",2026,27.8,-1.854,-1.854,-0.749,Construction and Extraction,37,3,0.06,0.8505
47-5012.00,"Rotary Drill Operators, Oil and Gas",2020,21.49,-0.837,-3.3203,1.0304,Construction and Extraction,27,16,0.2737,0.6547
47-5012.00,"Rotary Drill Operators, Oil and Gas",2021,20.81,-1.1706,-3.4784,0.5456,Construction and Extraction,25,18,0.3203,0.6127
47-5012.00,"Rotary Drill Operators, Oil and Gas",2022,20.58,-0.8682,-3.5318,0.6516,Construction and Extraction,26,18,0.3112,0.6206
47-5012.00,"Rotary Drill Operators, Oil and Gas",2023,22.28,-1.1313,-3.1368,0.3218,Construction and Extraction,28,15,0.2564,0.6747
47-5012.00,"Rotary Drill Operators, Oil and Gas",2024,26.5,-0.9277,-2.1561,0.8077,Construction and Extraction,30,12,0.1689,0.7553
47-5012.00,"Rotary Drill Operators, Oil and Gas",2025,30.04,-0.9804,-1.3335,0.8049,Construction and Extraction,34,6,0.096,0.8164
47-5012.00,"Rotary Drill Operators, Oil and Gas",2026,31.35,-1.0291,-1.0291,0.7195,Construction and Extraction,37,3,0.051,0.8657
47-5013.00,"Service Unit Operators, Oil and Gas",2020,20.86,-1.1107,-3.4667,0.5574,Construction and Extraction,29,16,0.2923,0.6463
47-5013.00,"Service Unit Operators, Oil and Gas",2021,21.18,-1.0463,-3.3924,0.757,Construction and Extraction,27,18,0.3371,0.605
47-5013.00,"Service Unit Operators, Oil and Gas",2022,20.58,-0.8682,-3.5318,0.6516,Construction and Extraction,27,18,0.3281,0.6095
47-5013.00,"Service Unit Operators, Oil and Gas",2023,24.6,-0.511,-2.5976,1.4041,Construction and Extraction,30,15,0.2696,0.6694
47-5013.00,"Service Unit Operators, Oil and Gas",2024,26.0,-1.0402,-2.2723,0.6022,Construction and Extraction,32,12,0.1876,0.7385
47-5013.00,"Service Unit Operators, Oil and Gas",2025,29.46,-1.1119,-1.4683,0.5728,Construction and Extraction,36,6,0.0984,0.8126
47-5013.00,"Service Unit Operators, Oil and Gas",2026,31.32,-1.0361,-1.0361,0.7071,Construction and Extraction,39,3,0.0548,0.8626
47-5022.00,"Excavating and Loading Machine and Dragline Operators, Surface Mining",2020,21.2,-0.9629,-3.3877,0.8127,Construction and Extraction,29,16,0.287,0.6534
47-5022.00,"Excavating and Loading Machine and Dragline Operators, Surface Mining",2021,21.27,-1.016,-3.3715,0.8085,Construction and Extraction,27,18,0.306,0.6344
47-5022.00,"Excavating and Loading Machine and Dragline Operators, Surface Mining",2022,20.73,-0.8016,-3.4969,0.7515,Construction and Extraction,26,18,0.3289,0.6046
47-5022.00,"Excavating and Loading Machine and Dragline Operators, Surface Mining",2023,22.46,-1.0831,-3.0949,0.4057,Construction and Extraction,29,15,0.2364,0.691
47-5022.00,"Excavating and Loading Machine and Dragline Operators, Surface Mining",2024,23.64,-1.5712,-2.8207,-0.3678,Construction and Extraction,31,12,0.1752,0.7464
47-5022.00,"Excavating and Loading Machine and Dragline Operators, Surface Mining",2025,26.18,-1.8556,-2.2305,-0.7396,Construction and Extraction,35,6,0.1029,0.82
47-5022.00,"Excavating and Loading Machine and Dragline Operators, Surface Mining",2026,27.96,-1.8169,-1.8169,-0.6828,Construction and Extraction,37,3,0.0593,0.8565
47-5023.00,"Earth Drillers, Except Oil and Gas",2020,21.39,-0.8804,-3.3436,0.9553,Construction and Extraction,26,16,0.269,0.6583
47-5023.00,"Earth Drillers, Except Oil and Gas",2021,21.14,-1.0597,-3.4017,0.7342,Construction and Extraction,25,18,0.3216,0.6218
47-5023.00,"Earth Drillers, Except Oil and Gas",2022,21.31,-0.5443,-3.3622,1.1375,Construction and Extraction,25,18,0.3011,0.6395
47-5023.00,"Earth Drillers, Except Oil and Gas",2023,22.7,-1.019,-3.0392,0.5177,Construction and Extraction,27,15,0.2351,0.6901
47-5023.00,"Earth Drillers, Except Oil and Gas",2024,25.47,-1.1594,-2.3955,0.3844,Construction and Extraction,29,12,0.1524,0.7648
47-5023.00,"Earth Drillers, Except Oil and Gas",2025,28.82,-1.257,-1.617,0.3167,Construction and Extraction,33,6,0.0775,0.8337
47-5023.00,"Earth Drillers, Except Oil and Gas",2026,30.84,-1.1476,-1.1476,0.5085,Construction and Extraction,35,3,0.0542,0.8566
47-5032.00,"Explosives Workers, Ordnance Handling Experts, and Blasters",2020,20.85,-1.115,-3.4691,0.5499,Construction and Extraction,26,16,0.2486,0.679
47-5032.00,"Explosives Workers, Ordnance Handling Experts, and Blasters",2021,20.73,-1.1975,-3.4969,0.4999,Construction and Extraction,25,18,0.3334,0.6065
47-5032.00,"Explosives Workers, Ordnance Handling Experts, and Blasters",2022,20.21,-1.0323,-3.6178,0.4054,Construction and Extraction,25,18,0.2903,0.643
47-5032.00,"Explosives Workers, Ordnance Handling Experts, and Blasters",2023,22.52,-1.0671,-3.081,0.4337,Construction and Extraction,28,15,0.2475,0.6871
47-5032.00,"Explosives Workers, Ordnance Handling Experts, and Blasters",2024,26.61,-0.9029,-2.1306,0.853,Construction and Extraction,29,12,0.1816,0.7404
47-5032.00,"Explosives Workers, Ordnance Handling Experts, and Blasters",2025,30.01,-0.9872,-1.3405,0.7929,Construction and Extraction,34,6,0.0903,0.8208
47-5032.00,"Explosives Workers, Ordnance Handling Experts, and Blasters",2026,31.85,-0.9129,-0.9129,0.9263,Construction and Extraction,36,3,0.058,0.8496
47-5041.00,Continuous Mining Machine Operators,2020,18.6,-2.0925,-3.9919,-1.1396,Construction and Extraction,28,16,0.2846,0.6444
47-5041.00,Continuous Mining Machine Operators,2021,19.27,-1.6882,-3.8362,-0.3343,Construction and Extraction,27,18,0.3149,0.6286
47-5041.00,Continuous Mining Machine Operators,2022,19.34,-1.4183,-3.8199,-0.1736,Construction and Extraction,26,18,0.3265,0.6128
47-5041.00,Continuous Mining Machine Operators,2023,21.04,-1.4628,-3.4249,-0.2567,Construction and Extraction,29,15,0.2494,0.6895
47-5041.00,Continuous Mining Machine Operators,2024,23.57,-1.587,-2.837,-0.3965,Construction and Extraction,30,12,0.188,0.7327
47-5041.00,Continuous Mining Machine Operators,2025,26.3,-1.8283,-2.2026,-0.6915,Construction and Extraction,34,6,0.1038,0.8097
47-5041.00,Continuous Mining Machine Operators,2026,28.09,-1.7867,-1.7867,-0.629,Construction and Extraction,37,3,0.0511,0.8623
47-5043.00,"Roof Bolters, Mining",2020,19.26,-1.8057,-3.8385,-0.644,Construction and Extraction,28,16,0.2998,0.6365
47-5043.00,"Roof Bolters, Mining",2021,18.65,-1.8965,-3.9803,-0.6886,Construction and Extraction,26,18,0.3301,0.6061
47-5043.00,"Roof Bolters, Mining",2022,18.93,-1.6002,-3.9152,-0.4464,Construction and Extraction,26,18,0.3336,0.6031
47-5043.00,"Roof Bolters, Mining",2023,20.29,-1.6633,-3.5992,-0.6066,Construction and Extraction,28,15,0.2688,0.6614
47-5043.00,"Roof Bolters, Mining",2024,22.61,-1.803,-3.0601,-0.7911,Construction and Extraction,31,12,0.1884,0.7402
47-5043.00,"Roof Bolters, Mining",2025,25.35,-2.0437,-2.4234,-1.0717,Construction and Extraction,35,6,0.1125,0.8077
47-5043.00,"Roof Bolters, Mining",2026,26.89,-2.0655,-2.0655,-1.1254,Construction and Extraction,37,3,0.052,0.8571
47-5044.00,"Loading and Moving Machine Operators, Underground Mining",2020,20.55,-1.2453,-3.5388,0.3246,Construction and Extraction,28,16,0.27,0.6678
47-5044.00,"Loading and Moving Machine Operators, Underground Mining",2021,20.11,-1.4059,-3.641,0.1457,Construction and Extraction,26,18,0.311,0.6283
47-5044.00,"Loading and Moving Machine Operators, Underground Mining",2022,20.74,-0.7972,-3.4946,0.7581,Construction and Extraction,26,18,0.3039,0.6318
47-5044.00,"Loading and Moving Machine Operators, Underground Mining",2023,20.61,-1.5777,-3.5248,-0.4573,Construction and Extraction,28,15,0.2456,0.6897
47-5044.00,"Loading and Moving Machine Operators, Underground Mining",2024,23.97,-1.497,-2.744,-0.2321,Construction and Extraction,29,12,0.1789,0.739
47-5044.00,"Loading and Moving Machine Operators, Underground Mining",2025,27.07,-1.6538,-2.0237,-0.3835,Construction and Extraction,33,6,0.0896,0.8217
47-5044.00,"Loading and Moving Machine Operators, Underground Mining",2026,28.93,-1.5915,-1.5915,-0.2815,Construction and Extraction,36,3,0.044,0.8673
47-5051.00,"Rock Splitters, Quarry",2020,18.24,-2.2489,-4.0756,-1.4099,Construction and Extraction,26,16,0.2946,0.6416
47-5051.00,"Rock Splitters, Quarry",2021,17.64,-2.2359,-4.215,-1.2657,Construction and Extraction,24,18,0.3562,0.5892
47-5051.00,"Rock Splitters, Quarry",2022,17.4,-2.279,-4.2708,-1.4646,Construction and Extraction,25,18,0.3273,0.6108
47-5051.00,"Rock Splitters, Quarry",2023,19.16,-1.9654,-3.8618,-1.1338,Construction and Extraction,26,15,0.2984,0.639
47-5051.00,"Rock Splitters, Quarry",2024,22.02,-1.9357,-3.1972,-1.0336,Construction and Extraction,29,12,0.2097,0.7236
47-5051.00,"Rock Splitters, Quarry",2025,25.43,-2.0256,-2.4048,-1.0397,Construction and Extraction,32,6,0.1227,0.7932
47-5051.00,"Rock Splitters, Quarry",2026,27.52,-1.9191,-1.9191,-0.8648,Construction and Extraction,34,3,0.0548,0.8559
47-5071.00,"Roustabouts, Oil and Gas",2020,19.79,-1.5755,-3.7154,-0.2461,Construction and Extraction,27,16,0.2965,0.6375
47-5071.00,"Roustabouts, Oil and Gas",2021,18.8,-1.8461,-3.9454,-0.6029,Construction and Extraction,26,18,0.3601,0.5836
47-5071.00,"Roustabouts, Oil and Gas",2022,19.15,-1.5026,-3.8641,-0.3,Construction and Extraction,25,18,0.326,0.6093
47-5071.00,"Roustabouts, Oil and Gas",2023,20.48,-1.6125,-3.555,-0.518,Construction and Extraction,28,15,0.2893,0.6467
47-5071.00,"Roustabouts, Oil and Gas",2024,23.27,-1.6545,-2.9067,-0.5198,Construction and Extraction,30,12,0.2053,0.7211
47-5071.00,"Roustabouts, Oil and Gas",2025,26.31,-1.8261,-2.2003,-0.6875,Construction and Extraction,34,6,0.116,0.796
47-5071.00,"Roustabouts, Oil and Gas",2026,27.8,-1.854,-1.854,-0.749,Construction and Extraction,37,3,0.0556,0.8584
47-5081.00,Helpers--Extraction Workers,2020,19.39,-1.7493,-3.8083,-0.5464,Construction and Extraction,28,16,0.298,0.6399
47-5081.00,Helpers--Extraction Workers,2021,19.19,-1.715,-3.8548,-0.38,Construction and Extraction,26,18,0.3411,0.5969
47-5081.00,Helpers--Extraction Workers,2022,19.13,-1.5115,-3.8687,-0.3133,Construction and Extraction,26,18,0.3251,0.6104
47-5081.00,Helpers--Extraction Workers,2023,19.94,-1.7568,-3.6805,-0.7699,Construction and Extraction,28,15,0.2742,0.6566
47-5081.00,Helpers--Extraction Workers,2024,22.81,-1.758,-3.0136,-0.7089,Construction and Extraction,31,12,0.2057,0.7222
47-5081.00,Helpers--Extraction Workers,2025,25.51,-2.0075,-2.3862,-1.0076,Construction and Extraction,36,6,0.1132,0.8081
47-5081.00,Helpers--Extraction Workers,2026,27.54,-1.9145,-1.9145,-0.8565,Construction and Extraction,37,3,0.0551,0.8506
49-1011.00,"First-Line Supervisors of Mechanics, Installers, and Repairers",2020,24.27,0.3707,-2.6743,2.6123,"Installation, Maintenance, and Repair",26,16,0.229,0.7008
49-1011.00,"First-Line Supervisors of Mechanics, Installers, and Repairers",2021,24.59,0.0997,-2.6,2.3883,"Installation, Maintenance, and Repair",23,18,0.2835,0.6484
49-1011.00,"First-Line Supervisors of Mechanics, Installers, and Repairers",2022,24.18,0.729,-2.6952,2.845,"Installation, Maintenance, and Repair",25,18,0.2594,0.681
49-1011.00,"First-Line Supervisors of Mechanics, Installers, and Repairers",2023,26.94,0.1145,-2.0539,2.6484,"Installation, Maintenance, and Repair",27,15,0.2221,0.7161
49-1011.00,"First-Line Supervisors of Mechanics, Installers, and Repairers",2024,30.57,-0.0119,-1.2104,2.4189,"Installation, Maintenance, and Repair",29,12,0.1522,0.7794
49-1011.00,"First-Line Supervisors of Mechanics, Installers, and Repairers",2025,34.63,0.0603,-0.2669,2.2214,"Installation, Maintenance, and Repair",32,6,0.0764,0.8328
49-1011.00,"First-Line Supervisors of Mechanics, Installers, and Repairers",2026,35.45,-0.0764,-0.0764,1.8527,"Installation, Maintenance, and Repair",34,3,0.0548,0.8616
49-2011.00,"Computer, Automated Teller, and Office Machine Repairers",2020,22.78,-0.2766,-3.0206,1.3498,"Installation, Maintenance, and Repair",25,16,0.2301,0.7007
49-2011.00,"Computer, Automated Teller, and Office Machine Repairers",2021,23.88,-0.1389,-2.765,1.9016,"Installation, Maintenance, and Repair",23,18,0.3259,0.61
49-2011.00,"Computer, Automated Teller, and Office Machine Repairers",2022,21.37,-0.5177,-3.3482,0.5902,"Installation, Maintenance, and Repair",23,18,0.2824,0.6462
49-2011.00,"Computer, Automated Teller, and Office Machine Repairers",2023,24.11,-0.642,-2.7115,0.8817,"Installation, Maintenance, and Repair",25,15,0.244,0.6823
49-2011.00,"Computer, Automated Teller, and Office Machine Repairers",2024,27.78,-0.6397,-1.8587,0.9104,"Installation, Maintenance, and Repair",28,12,0.1641,0.7622
49-2011.00,"Computer, Automated Teller, and Office Machine Repairers",2025,32.66,-0.3864,-0.7247,1.2741,"Installation, Maintenance, and Repair",31,6,0.0906,0.8251
49-2011.00,"Computer, Automated Teller, and Office Machine Repairers",2026,34.29,-0.3459,-0.3459,1.303,"Installation, Maintenance, and Repair",33,3,0.0693,0.8443
49-2021.00,"Radio, Cellular, and Tower Equipment Installers and Repairers",2020,21.59,-0.7935,-3.2971,0.3415,"Installation, Maintenance, and Repair",28,16,0.2453,0.6912
49-2021.00,"Radio, Cellular, and Tower Equipment Installers and Repairers",2021,21.64,-0.8917,-3.2855,0.3658,"Installation, Maintenance, and Repair",25,18,0.3243,0.6085
49-2021.00,"Radio, Cellular, and Tower Equipment Installers and Repairers",2022,21.22,-0.5842,-3.3831,0.4699,"Installation, Maintenance, and Repair",26,18,0.2822,0.6469
49-2021.00,"Radio, Cellular, and Tower Equipment Installers and Repairers",2023,24.46,-0.5485,-2.6302,1.1002,"Installation, Maintenance, and Repair",28,15,0.2619,0.6694
49-2021.00,"Radio, Cellular, and Tower Equipment Installers and Repairers",2024,27.94,-0.6037,-1.8215,0.9969,"Installation, Maintenance, and Repair",31,12,0.1748,0.7516
49-2021.00,"Radio, Cellular, and Tower Equipment Installers and Repairers",2025,31.64,-0.6176,-0.9617,0.7836,"Installation, Maintenance, and Repair",35,6,0.1006,0.8146
49-2021.00,"Radio, Cellular, and Tower Equipment Installers and Repairers",2026,32.47,-0.7688,-0.7688,0.4407,"Installation, Maintenance, and Repair",37,3,0.0622,0.8485
49-2022.00,"Telecommunications Equipment Installers and Repairers, Except Line Installers",2020,21.56,-0.8066,-3.3041,0.3161,"Installation, Maintenance, and Repair",28,16,0.2397,0.69
49-2022.00,"Telecommunications Equipment Installers and Repairers, Except Line Installers",2021,21.46,-0.9522,-3.3273,0.2424,"Installation, Maintenance, and Repair",26,18,0.3361,0.6063
49-2022.00,"Telecommunications Equipment Installers and Repairers, Except Line Installers",2022,20.31,-0.988,-3.5945,-0.2603,"Installation, Maintenance, and Repair",27,18,0.2918,0.6503
49-2022.00,"Telecommunications Equipment Installers and Repairers, Except Line Installers",2023,23.32,-0.8532,-2.8951,0.3885,"Installation, Maintenance, and Repair",28,15,0.2845,0.6479
49-2022.00,"Telecommunications Equipment Installers and Repairers, Except Line Installers",2024,25.85,-1.0739,-2.3072,-0.1331,"Installation, Maintenance, and Repair",31,12,0.1991,0.7322
49-2022.00,"Telecommunications Equipment Installers and Repairers, Except Line Installers",2025,29.27,-1.155,-1.5124,-0.356,"Installation, Maintenance, and Repair",35,6,0.105,0.8142
49-2022.00,"Telecommunications Equipment Installers and Repairers, Except Line Installers",2026,30.41,-1.2475,-1.2475,-0.5354,"Installation, Maintenance, and Repair",37,3,0.0602,0.8522
49-2091.00,Avionics Technicians,2020,23.8,0.1666,-2.7835,2.2141,"Installation, Maintenance, and Repair",23,16,0.2162,0.7064
49-2091.00,Avionics Technicians,2021,24.12,-0.0583,-2.7092,2.0661,"Installation, Maintenance, and Repair",21,18,0.3179,0.6212
49-2091.00,Avionics Technicians,2022,22.72,0.0813,-3.0345,1.6735,"Installation, Maintenance, and Repair",23,18,0.2504,0.6868
49-2091.00,Avionics Technicians,2023,25.75,-0.2036,-2.3304,1.9055,"Installation, Maintenance, and Repair",23,15,0.2273,0.6956
49-2091.00,Avionics Technicians,2024,30.24,-0.0861,-1.287,2.2404,"Installation, Maintenance, and Repair",26,12,0.1604,0.7621
49-2091.00,Avionics Technicians,2025,34.99,0.1419,-0.1833,2.3946,"Installation, Maintenance, and Repair",29,6,0.0857,0.8259
49-2091.00,Avionics Technicians,2026,36.26,0.1119,0.1119,2.2365,"Installation, Maintenance, and Repair",31,3,0.0692,0.8487
49-2092.00,"Electric Motor, Power Tool, and Related Repairers",2020,20.98,-1.0585,-3.4389,-0.1754,"Installation, Maintenance, and Repair",27,16,0.2546,0.6825
49-2092.00,"Electric Motor, Power Tool, and Related Repairers",2021,21.15,-1.0564,-3.3993,0.0299,"Installation, Maintenance, and Repair",25,18,0.3585,0.585
49-2092.00,"Electric Motor, Power Tool, and Related Repairers",2022,20.69,-0.8194,-3.5062,0.0446,"Installation, Maintenance, and Repair",25,18,0.3013,0.6323
49-2092.00,"Electric Motor, Power Tool, and Related Repairers",2023,22.22,-1.1473,-3.1507,-0.2982,"Installation, Maintenance, and Repair",28,15,0.2471,0.6924
49-2092.00,"Electric Motor, Power Tool, and Related Repairers",2024,26.11,-1.0154,-2.2468,0.0075,"Installation, Maintenance, and Repair",30,12,0.1993,0.7223
49-2092.00,"Electric Motor, Power Tool, and Related Repairers",2025,29.08,-1.198,-1.5566,-0.4474,"Installation, Maintenance, and Repair",34,6,0.1106,0.803
49-2092.00,"Electric Motor, Power Tool, and Related Repairers",2026,31.51,-0.9919,-0.9919,-0.0142,"Installation, Maintenance, and Repair",36,3,0.0814,0.834
49-2093.00,"Electrical and Electronics Installers and Repairers, Transportation Equipment",2020,21.48,-0.8413,-3.3227,0.2483,"Installation, Maintenance, and Repair",24,16,0.2082,0.7164
49-2093.00,"Electrical and Electronics Installers and Repairers, Transportation Equipment",2021,21.19,-1.0429,-3.3901,0.0573,"Installation, Maintenance, and Repair",22,18,0.3219,0.6173
49-2093.00,"Electrical and Electronics Installers and Repairers, Transportation Equipment",2022,20.25,-1.0146,-3.6085,-0.3084,"Installation, Maintenance, and Repair",23,18,0.2571,0.669
49-2093.00,"Electrical and Electronics Installers and Repairers, Transportation Equipment",2023,23.3,-0.8586,-2.8997,0.3761,"Installation, Maintenance, and Repair",25,15,0.2376,0.6971
49-2093.00,"Electrical and Electronics Installers and Repairers, Transportation Equipment",2024,27.3,-0.7477,-1.9702,0.6509,"Installation, Maintenance, and Repair",27,12,0.1647,0.7591
49-2093.00,"Electrical and Electronics Installers and Repairers, Transportation Equipment",2025,31.22,-0.7129,-1.0593,0.5817,"Installation, Maintenance, and Repair",31,6,0.0914,0.8256
49-2093.00,"Electrical and Electronics Installers and Repairers, Transportation Equipment",2026,32.76,-0.7015,-0.7015,0.5781,"Installation, Maintenance, and Repair",33,3,0.0679,0.8481
49-2094.00,"Electrical and Electronics Repairers, Commercial and Industrial Equipment",2020,22.09,-0.5763,-3.1809,0.7651,"Installation, Maintenance, and Repair",25,16,0.2176,0.7077
49-2094.00,"Electrical and Electronics Repairers, Commercial and Industrial Equipment",2021,22.98,-0.4414,-2.9741,1.2845,"Installation, Maintenance, and Repair",23,18,0.3355,0.6056
49-2094.00,"Electrical and Electronics Repairers, Commercial and Industrial Equipment",2022,22.46,-0.0341,-3.0949,1.4649,"Installation, Maintenance, and Repair",24,18,0.2507,0.6773
49-2094.00,"Electrical and Electronics Repairers, Commercial and Industrial Equipment",2023,25.04,-0.3934,-2.4954,1.4623,"Installation, Maintenance, and Repair",26,15,0.2397,0.694
49-2094.00,"Electrical and Electronics Repairers, Commercial and Industrial Equipment",2024,29.67,-0.2144,-1.4195,1.9323,"Installation, Maintenance, and Repair",29,12,0.1726,0.7587
49-2094.00,"Electrical and Electronics Repairers, Commercial and Industrial Equipment",2025,33.21,-0.2617,-0.5969,1.5386,"Installation, Maintenance, and Repair",32,6,0.1015,0.8192
49-2094.00,"Electrical and Electronics Repairers, Commercial and Industrial Equipment",2026,34.49,-0.2994,-0.2994,1.3978,"Installation, Maintenance, and Repair",33,3,0.077,0.8348
49-2095.00,"Electrical and Electronics Repairers, Powerhouse, Substation, and Relay",2020,22.47,-0.4112,-3.0926,1.0871,"Installation, Maintenance, and Repair",26,16,0.2357,0.6936
49-2095.00,"Electrical and Electronics Repairers, Powerhouse, Substation, and Relay",2021,22.69,-0.5388,-3.0415,1.0857,"Installation, Maintenance, and Repair",24,18,0.3137,0.6254
49-2095.00,"Electrical and Electronics Repairers, Powerhouse, Substation, and Relay",2022,21.75,-0.3491,-3.2599,0.8952,"Installation, Maintenance, and Repair",25,18,0.277,0.6567
49-2095.00,"Electrical and Electronics Repairers, Powerhouse, Substation, and Relay",2023,25.49,-0.2731,-2.3908,1.7432,"Installation, Maintenance, and Repair",26,15,0.2538,0.6722
49-2095.00,"Electrical and Electronics Repairers, Powerhouse, Substation, and Relay",2024,28.53,-0.4709,-1.6844,1.3159,"Installation, Maintenance, and Repair",29,12,0.1679,0.7551
49-2095.00,"Electrical and Electronics Repairers, Powerhouse, Substation, and Relay",2025,33.08,-0.2911,-0.6271,1.4761,"Installation, Maintenance, and Repair",33,6,0.0885,0.8278
49-2095.00,"Electrical and Electronics Repairers, Powerhouse, Substation, and Relay",2026,33.96,-0.4226,-0.4226,1.1467,"Installation, Maintenance, and Repair",35,3,0.0637,0.8521
49-2096.00,"Electronic Equipment Installers and Repairers, Motor Vehicles",2020,20.66,-1.1975,-3.5132,-0.4465,"Installation, Maintenance, and Repair",26,16,0.2301,0.7003
49-2096.00,"Electronic Equipment Installers and Repairers, Motor Vehicles",2021,21.25,-1.0228,-3.3761,0.0985,"Installation, Maintenance, and Repair",24,18,0.3519,0.5864
49-2096.00,"Electronic Equipment Installers and Repairers, Motor Vehicles",2022,20.43,-0.9347,-3.5667,-0.164,"Installation, Maintenance, and Repair",24,18,0.2868,0.6444
49-2096.00,"Electronic Equipment Installers and Repairers, Motor Vehicles",2023,22.64,-1.035,-3.0531,-0.036,"Installation, Maintenance, and Repair",27,15,0.2454,0.6871
49-2096.00,"Electronic Equipment Installers and Repairers, Motor Vehicles",2024,25.92,-1.0582,-2.2909,-0.0953,"Installation, Maintenance, and Repair",29,12,0.1933,0.7349
49-2096.00,"Electronic Equipment Installers and Repairers, Motor Vehicles",2025,29.27,-1.155,-1.5124,-0.356,"Installation, Maintenance, and Repair",32,6,0.0965,0.8142
49-2096.00,"Electronic Equipment Installers and Repairers, Motor Vehicles",2026,31.46,-1.0035,-1.0035,-0.0379,"Installation, Maintenance, and Repair",34,3,0.0684,0.8403
49-2097.00,Audiovisual Equipment Installers and Repairers,2020,22.46,-0.4156,-3.0949,1.0787,"Installation, Maintenance, and Repair",27,16,0.2205,0.7122
49-2097.00,Audiovisual Equipment Installers and Repairers,2021,23.4,-0.3002,-2.8765,1.5725,"Installation, Maintenance, and Repair",25,18,0.3453,0.6005
49-2097.00,Audiovisual Equipment Installers and Repairers,2022,22.61,0.0325,-3.0601,1.5852,"Installation, Maintenance, and Repair",25,18,0.2643,0.6677
49-2097.00,Audiovisual Equipment Installers and Repairers,2023,25.18,-0.356,-2.4629,1.5497,"Installation, Maintenance, and Repair",27,15,0.2324,0.6997
49-2097.00,Audiovisual Equipment Installers and Repairers,2024,28.71,-0.4304,-1.6426,1.4132,"Installation, Maintenance, and Repair",29,12,0.1979,0.729
49-2097.00,Audiovisual Equipment Installers and Repairers,2025,32.23,-0.4839,-0.8246,1.0673,"Installation, Maintenance, and Repair",33,6,0.1018,0.8117
49-2097.00,Audiovisual Equipment Installers and Repairers,2026,33.29,-0.5783,-0.5783,0.8292,"Installation, Maintenance, and Repair",35,3,0.0735,0.8393
49-2098.00,Security and Fire Alarm Systems Installers,2020,21.81,-0.6979,-3.246,0.5279,"Installation, Maintenance, and Repair",26,16,0.2343,0.6955
49-2098.00,Security and Fire Alarm Systems Installers,2021,21.92,-0.7976,-3.2204,0.5578,"Installation, Maintenance, and Repair",24,18,0.3233,0.6147
49-2098.00,Security and Fire Alarm Systems Installers,2022,21.04,-0.6641,-3.4249,0.3255,"Installation, Maintenance, and Repair",25,18,0.2712,0.6645
49-2098.00,Security and Fire Alarm Systems Installers,2023,23.78,-0.7303,-2.7882,0.6757,"Installation, Maintenance, and Repair",26,15,0.248,0.6792
49-2098.00,Security and Fire Alarm Systems Installers,2024,27.13,-0.7859,-2.0097,0.559,"Installation, Maintenance, and Repair",28,12,0.1642,0.7533
49-2098.00,Security and Fire Alarm Systems Installers,2025,31.15,-0.7287,-1.0756,0.548,"Installation, Maintenance, and Repair",33,6,0.0853,0.8319
49-2098.00,Security and Fire Alarm Systems Installers,2026,32.22,-0.8269,-0.8269,0.3222,"Installation, Maintenance, and Repair",35,3,0.0592,0.8554
49-3011.00,Aircraft Mechanics and Service Technicians,2020,21.57,-0.8022,-3.3017,0.3245,"Installation, Maintenance, and Repair",27,16,0.2484,0.6822
49-3011.00,Aircraft Mechanics and Service Technicians,2021,21.93,-0.7942,-3.2181,0.5647,"Installation, Maintenance, and Repair",25,18,0.3261,0.6131
49-3011.00,Aircraft Mechanics and Service Technicians,2022,20.71,-0.8105,-3.5016,0.0607,"Installation, Maintenance, and Repair",26,18,0.2787,0.6618
49-3011.00,Aircraft Mechanics and Service Technicians,2023,22.53,-1.0644,-3.0787,-0.1046,"Installation, Maintenance, and Repair",28,15,0.2305,0.7065
49-3011.00,Aircraft Mechanics and Service Technicians,2024,26.72,-0.8782,-2.105,0.3373,"Installation, Maintenance, and Repair",30,12,0.1721,0.7476
49-3011.00,Aircraft Mechanics and Service Technicians,2025,31.63,-0.6199,-0.964,0.7788,"Installation, Maintenance, and Repair",34,6,0.1027,0.8137
49-3011.00,Aircraft Mechanics and Service Technicians,2026,33.17,-0.6062,-0.6062,0.7724,"Installation, Maintenance, and Repair",36,3,0.073,0.8437
49-3021.00,Automotive Body and Related Repairers,2020,20.54,-1.2497,-3.5411,-0.5482,"Installation, Maintenance, and Repair",27,16,0.2581,0.6752
49-3021.00,Automotive Body and Related Repairers,2021,20.36,-1.3219,-3.5829,-0.5117,"Installation, Maintenance, and Repair",25,18,0.3677,0.5702
49-3021.00,Automotive Body and Related Repairers,2022,19.99,-1.1299,-3.6689,-0.5171,"Installation, Maintenance, and Repair",26,18,0.305,0.6332
49-3021.00,Automotive Body and Related Repairers,2023,21.59,-1.3157,-3.2971,-0.6914,"Installation, Maintenance, and Repair",28,15,0.281,0.6564
49-3021.00,Automotive Body and Related Repairers,2024,24.47,-1.3845,-2.6279,-0.8792,"Installation, Maintenance, and Repair",30,12,0.2048,0.7196
49-3021.00,Automotive Body and Related Repairers,2025,28.22,-1.393,-1.7564,-0.861,"Installation, Maintenance, and Repair",35,6,0.113,0.802
49-3021.00,Automotive Body and Related Repairers,2026,29.7,-1.4125,-1.4125,-0.8719,"Installation, Maintenance, and Repair",37,3,0.0672,0.8418
49-3022.00,Automotive Glass Installers and Repairers,2020,21.78,-0.711,-3.2529,0.5025,"Installation, Maintenance, and Repair",26,16,0.2663,0.6621
49-3022.00,Automotive Glass Installers and Repairers,2021,20.66,-1.221,-3.5132,-0.306,"Installation, Maintenance, and Repair",25,18,0.335,0.6056
49-3022.00,Automotive Glass Installers and Repairers,2022,20.83,-0.7573,-3.4737,0.1569,"Installation, Maintenance, and Repair",25,18,0.3083,0.6257
49-3022.00,Automotive Glass Installers and Repairers,2023,22.51,-1.0698,-3.0833,-0.1171,"Installation, Maintenance, and Repair",27,15,0.2594,0.6701
49-3022.00,Automotive Glass Installers and Repairers,2024,25.71,-1.1054,-2.3397,-0.2088,"Installation, Maintenance, and Repair",29,12,0.205,0.7204
49-3022.00,Automotive Glass Installers and Repairers,2025,29.47,-1.1096,-1.466,-0.2599,"Installation, Maintenance, and Repair",33,6,0.1092,0.8024
49-3022.00,Automotive Glass Installers and Repairers,2026,31.21,-1.0616,-1.0616,-0.1564,"Installation, Maintenance, and Repair",35,3,0.0542,0.8515
49-3023.00,Automotive Service Technicians and Mechanics,2020,20.27,-1.367,-3.6038,-0.777,"Installation, Maintenance, and Repair",28,16,0.2432,0.6903
49-3023.00,Automotive Service Technicians and Mechanics,2021,20.56,-1.2546,-3.5364,-0.3746,"Installation, Maintenance, and Repair",26,18,0.3431,0.5992
49-3023.00,Automotive Service Technicians and Mechanics,2022,19.86,-1.1876,-3.6991,-0.6214,"Installation, Maintenance, and Repair",26,18,0.2883,0.648
49-3023.00,Automotive Service Technicians and Mechanics,2023,21.24,-1.4093,-3.3784,-0.9099,"Installation, Maintenance, and Repair",28,15,0.2504,0.6788
49-3023.00,Automotive Service Technicians and Mechanics,2024,25.21,-1.218,-2.4559,-0.4791,"Installation, Maintenance, and Repair",31,12,0.1791,0.7437
49-3023.00,Automotive Service Technicians and Mechanics,2025,28.71,-1.2819,-1.6426,-0.6253,"Installation, Maintenance, and Repair",35,6,0.1081,0.8068
49-3023.00,Automotive Service Technicians and Mechanics,2026,31.16,-1.0733,-1.0733,-0.1801,"Installation, Maintenance, and Repair",37,3,0.0782,0.8357
49-3031.00,Bus and Truck Mechanics and Diesel Engine Specialists,2020,21.2,-0.9629,-3.3877,0.011,"Installation, Maintenance, and Repair",27,16,0.2774,0.6629
49-3031.00,Bus and Truck Mechanics and Diesel Engine Specialists,2021,20.55,-1.258,-3.5388,-0.3815,"Installation, Maintenance, and Repair",25,18,0.3596,0.583
49-3031.00,Bus and Truck Mechanics and Diesel Engine Specialists,2022,20.49,-0.9081,-3.5527,-0.1159,"Installation, Maintenance, and Repair",25,18,0.2996,0.6421
49-3031.00,Bus and Truck Mechanics and Diesel Engine Specialists,2023,22.47,-1.0805,-3.0926,-0.1421,"Installation, Maintenance, and Repair",27,15,0.2485,0.682
49-3031.00,Bus and Truck Mechanics and Diesel Engine Specialists,2024,24.99,-1.2675,-2.507,-0.5981,"Installation, Maintenance, and Repair",30,12,0.2036,0.7237
49-3031.00,Bus and Truck Mechanics and Diesel Engine Specialists,2025,28.36,-1.3613,-1.7239,-0.7936,"Installation, Maintenance, and Repair",34,6,0.1043,0.8128
49-3031.00,Bus and Truck Mechanics and Diesel Engine Specialists,2026,29.85,-1.3777,-1.3777,-0.8008,"Installation, Maintenance, and Repair",36,3,0.0679,0.8466
49-3041.00,Farm Equipment Mechanics and Service Technicians,2020,20.4,-1.3105,-3.5736,-0.6669,"Installation, Maintenance, and Repair",28,16,0.2678,0.6682
49-3041.00,Farm Equipment Mechanics and Service Technicians,2021,19.81,-1.5067,-3.7107,-0.8888,"Installation, Maintenance, and Repair",26,18,0.3518,0.5924
49-3041.00,Farm Equipment Mechanics and Service Technicians,2022,20.14,-1.0634,-3.634,-0.3967,"Installation, Maintenance, and Repair",26,18,0.3038,0.632
49-3041.00,Farm Equipment Mechanics and Service Technicians,2023,21.35,-1.3799,-3.3529,-0.8413,"Installation, Maintenance, and Repair",28,15,0.2552,0.6793
49-3041.00,Farm Equipment Mechanics and Service Technicians,2024,24.75,-1.3215,-2.5628,-0.7279,"Installation, Maintenance, and Repair",31,12,0.1927,0.7377
49-3041.00,Farm Equipment Mechanics and Service Technicians,2025,28.15,-1.4089,-1.7727,-0.8946,"Installation, Maintenance, and Repair",35,6,0.1111,0.8052
49-3041.00,Farm Equipment Mechanics and Service Technicians,2026,30.81,-1.1546,-1.1546,-0.3459,"Installation, Maintenance, and Repair",37,3,0.0752,0.8414
49-3042.00,"Mobile Heavy Equipment Mechanics, Except Engines",2020,19.73,-1.6016,-3.7293,-1.2346,"Installation, Maintenance, and Repair",28,16,0.2778,0.6541
49-3042.00,"Mobile Heavy Equipment Mechanics, Except Engines",2021,19.37,-1.6545,-3.813,-1.1905,"Installation, Maintenance, and Repair",27,18,0.354,0.5946
49-3042.00,"Mobile Heavy Equipment Mechanics, Except Engines",2022,19.06,-1.5426,-3.885,-1.2633,"Installation, Maintenance, and Repair",27,18,0.314,0.6285
49-3042.00,"Mobile Heavy Equipment Mechanics, Except Engines",2023,20.64,-1.5697,-3.5179,-1.2845,"Installation, Maintenance, and Repair",29,15,0.2625,0.6737
49-3042.00,"Mobile Heavy Equipment Mechanics, Except Engines",2024,24.02,-1.4857,-2.7324,-1.1225,"Installation, Maintenance, and Repair",32,12,0.1951,0.7369
49-3042.00,"Mobile Heavy Equipment Mechanics, Except Engines",2025,27.73,-1.5041,-1.8703,-1.0966,"Installation, Maintenance, and Repair",36,6,0.1155,0.7989
49-3042.00,"Mobile Heavy Equipment Mechanics, Except Engines",2026,29.28,-1.5101,-1.5101,-1.0709,"Installation, Maintenance, and Repair",38,3,0.0703,0.8405
49-3043.00,Rail Car Repairers,2020,19.11,-1.8709,-3.8734,-1.7599,"Installation, Maintenance, and Repair",28,16,0.2768,0.6596
49-3043.00,Rail Car Repairers,2021,18.26,-2.0276,-4.0709,-1.9515,"Installation, Maintenance, and Repair",26,18,0.3676,0.573
49-3043.00,Rail Car Repairers,2022,18.61,-1.7422,-3.9896,-1.6244,"Installation, Maintenance, and Repair",26,18,0.3203,0.619
49-3043.00,Rail Car Repairers,2023,20.04,-1.7301,-3.6573,-1.6591,"Installation, Maintenance, and Repair",28,15,0.2756,0.6525
49-3043.00,Rail Car Repairers,2024,22.84,-1.7512,-3.0066,-1.7605,"Installation, Maintenance, and Repair",31,12,0.2073,0.7196
49-3043.00,Rail Car Repairers,2025,26.62,-1.7558,-2.1282,-1.6304,"Installation, Maintenance, and Repair",36,6,0.1253,0.7996
49-3043.00,Rail Car Repairers,2026,28.06,-1.7936,-1.7936,-1.6489,"Installation, Maintenance, and Repair",38,3,0.0692,0.8498
49-3051.00,Motorboat Mechanics and Service Technicians,2020,21.17,-0.976,-3.3947,-0.0144,"Installation, Maintenance, and Repair",26,16,0.2506,0.6805
49-3051.00,Motorboat Mechanics and Service Technicians,2021,20.26,-1.3555,-3.6062,-0.5803,"Installation, Maintenance, and Repair",24,18,0.3261,0.6082
49-3051.00,Motorboat Mechanics and Service Technicians,2022,21.32,-0.5399,-3.3598,0.5501,"Installation, Maintenance, and Repair",24,18,0.2739,0.6567
49-3051.00,Motorboat Mechanics and Service Technicians,2023,22.32,-1.1206,-3.1275,-0.2357,"Installation, Maintenance, and Repair",27,15,0.2274,0.7045
49-3051.00,Motorboat Mechanics and Service Technicians,2024,26.42,-0.9457,-2.1747,0.1751,"Installation, Maintenance, and Repair",29,12,0.1794,0.7452
49-3051.00,Motorboat Mechanics and Service Technicians,2025,29.99,-0.9917,-1.3451,-0.0098,"Installation, Maintenance, and Repair",33,6,0.1034,0.8075
49-3051.00,Motorboat Mechanics and Service Technicians,2026,31.45,-1.0059,-1.0059,-0.0426,"Installation, Maintenance, and Repair",35,3,0.0692,0.8399
49-3052.00,Motorcycle Mechanics,2020,20.99,-1.0542,-3.4365,-0.1669,"Installation, Maintenance, and Repair",26,16,0.2709,0.6634
49-3052.00,Motorcycle Mechanics,2021,20.12,-1.4025,-3.6387,-0.6763,"Installation, Maintenance, and Repair",23,18,0.3553,0.581
49-3052.00,Motorcycle Mechanics,2022,21.33,-0.5354,-3.3575,0.5581,"Installation, Maintenance, and Repair",24,18,0.2757,0.6554
49-3052.00,Motorcycle Mechanics,2023,22.34,-1.1152,-3.1228,-0.2232,"Installation, Maintenance, and Repair",25,15,0.2289,0.6944
49-3052.00,Motorcycle Mechanics,2024,25.72,-1.1032,-2.3374,-0.2034,"Installation, Maintenance, and Repair",28,12,0.199,0.7257
49-3052.00,Motorcycle Mechanics,2025,29.45,-1.1142,-1.4706,-0.2695,"Installation, Maintenance, and Repair",32,6,0.1054,0.809
49-3052.00,Motorcycle Mechanics,2026,30.86,-1.143,-1.143,-0.3222,"Installation, Maintenance, and Repair",34,3,0.0699,0.8442
49-3053.00,Outdoor Power Equipment and Other Small Engine Mechanics,2020,20.64,-1.2062,-3.5179,-0.4635,"Installation, Maintenance, and Repair",26,16,0.2495,0.6791
49-3053.00,Outdoor Power Equipment and Other Small Engine Mechanics,2021,20.19,-1.379,-3.6224,-0.6283,"Installation, Maintenance, and Repair",24,18,0.3566,0.5811
49-3053.00,Outdoor Power Equipment and Other Small Engine Mechanics,2022,20.45,-0.9259,-3.562,-0.148,"Installation, Maintenance, and Repair",25,18,0.2806,0.6608
49-3053.00,Outdoor Power Equipment and Other Small Engine Mechanics,2023,21.83,-1.2516,-3.2413,-0.5416,"Installation, Maintenance, and Repair",26,15,0.238,0.6863
49-3053.00,Outdoor Power Equipment and Other Small Engine Mechanics,2024,25.19,-1.2225,-2.4605,-0.49,"Installation, Maintenance, and Repair",29,12,0.183,0.7372
49-3053.00,Outdoor Power Equipment and Other Small Engine Mechanics,2025,28.9,-1.2389,-1.5984,-0.534,"Installation, Maintenance, and Repair",33,6,0.1212,0.7962
49-3053.00,Outdoor Power Equipment and Other Small Engine Mechanics,2026,30.74,-1.1709,-1.1709,-0.3791,"Installation, Maintenance, and Repair",35,3,0.0859,0.8325
49-3091.00,Bicycle Repairers,2020,22.01,-0.6111,-3.1995,0.6974,"Installation, Maintenance, and Repair",24,16,0.2415,0.6889
49-3091.00,Bicycle Repairers,2021,21.57,-0.9152,-3.3017,0.3178,"Installation, Maintenance, and Repair",22,18,0.3652,0.5818
49-3091.00,Bicycle Repairers,2022,20.39,-0.9525,-3.576,-0.1961,"Installation, Maintenance, and Repair",23,18,0.2748,0.6593
49-3091.00,Bicycle Repairers,2023,22.33,-1.1179,-3.1251,-0.2295,"Installation, Maintenance, and Repair",24,15,0.2421,0.691
49-3091.00,Bicycle Repairers,2024,26.29,-0.9749,-2.2049,0.1048,"Installation, Maintenance, and Repair",27,12,0.1766,0.7469
49-3091.00,Bicycle Repairers,2025,30.67,-0.8376,-1.1871,0.3172,"Installation, Maintenance, and Repair",31,6,0.115,0.8036
49-3091.00,Bicycle Repairers,2026,32.18,-0.8362,-0.8362,0.3033,"Installation, Maintenance, and Repair",32,3,0.0808,0.8286
49-3092.00,Recreational Vehicle Service Technicians,2020,22.0,-0.6154,-3.2018,0.6889,"Installation, Maintenance, and Repair",26,16,0.2479,0.6891
49-3092.00,Recreational Vehicle Service Technicians,2021,21.41,-0.969,-3.3389,0.2081,"Installation, Maintenance, and Repair",23,18,0.3341,0.6024
49-3092.00,Recreational Vehicle Service Technicians,2022,21.22,-0.5842,-3.3831,0.4699,"Installation, Maintenance, and Repair",24,18,0.2895,0.6491
49-3092.00,Recreational Vehicle Service Technicians,2023,22.78,-0.9976,-3.0206,0.0514,"Installation, Maintenance, and Repair",26,15,0.2402,0.6945
49-3092.00,Recreational Vehicle Service Technicians,2024,26.26,-0.9817,-2.2119,0.0886,"Installation, Maintenance, and Repair",29,12,0.1711,0.7578
49-3092.00,Recreational Vehicle Service Technicians,2025,30.51,-0.8738,-1.2243,0.2402,"Installation, Maintenance, and Repair",32,6,0.1038,0.8151
49-3092.00,Recreational Vehicle Service Technicians,2026,31.67,-0.9547,-0.9547,0.0616,"Installation, Maintenance, and Repair",33,3,0.0713,0.8368
49-3093.00,Tire Repairers and Changers,2020,18.72,-2.0403,-3.964,-2.0904,"Installation, Maintenance, and Repair",27,16,0.2872,0.6428
49-3093.00,Tire Repairers and Changers,2021,18.58,-1.92,-3.9966,-1.7321,"Installation, Maintenance, and Repair",25,18,0.3383,0.5959
49-3093.00,Tire Repairers and Changers,2022,17.52,-2.2258,-4.2429,-2.499,"Installation, Maintenance, and Repair",26,18,0.3222,0.6148
49-3093.00,Tire Repairers and Changers,2023,19.97,-1.7488,-3.6736,-1.7028,"Installation, Maintenance, and Repair",28,15,0.2726,0.6616
49-3093.00,Tire Repairers and Changers,2024,23.14,-1.6837,-2.9369,-1.5983,"Installation, Maintenance, and Repair",30,12,0.2017,0.7223
49-3093.00,Tire Repairers and Changers,2025,26.63,-1.7535,-2.1259,-1.6255,"Installation, Maintenance, and Repair",35,6,0.1227,0.7978
49-3093.00,Tire Repairers and Changers,2026,28.3,-1.7379,-1.7379,-1.5352,"Installation, Maintenance, and Repair",37,3,0.0558,0.8565
49-9011.00,Mechanical Door Repairers,2020,19.71,-1.6102,-3.734,-1.2515,"Installation, Maintenance, and Repair",27,16,0.2553,0.6728
49-9011.00,Mechanical Door Repairers,2021,19.64,-1.5638,-3.7502,-1.0054,"Installation, Maintenance, and Repair",25,18,0.3439,0.5918
49-9011.00,Mechanical Door Repairers,2022,19.26,-1.4538,-3.8385,-1.1028,"Installation, Maintenance, and Repair",26,18,0.3003,0.6401
49-9011.00,Mechanical Door Repairers,2023,21.0,-1.4735,-3.4342,-1.0598,"Installation, Maintenance, and Repair",27,15,0.2719,0.656
49-9011.00,Mechanical Door Repairers,2024,24.3,-1.4227,-2.6674,-0.9712,"Installation, Maintenance, and Repair",30,12,0.2032,0.7213
49-9011.00,Mechanical Door Repairers,2025,28.26,-1.384,-1.7471,-0.8417,"Installation, Maintenance, and Repair",35,6,0.1187,0.8017
49-9011.00,Mechanical Door Repairers,2026,29.52,-1.4544,-1.4544,-0.9571,"Installation, Maintenance, and Repair",37,3,0.0564,0.8572
49-9012.00,"Control and Valve Installers and Repairers, Except Mechanical Door",2020,21.73,-0.7327,-3.2646,0.4601,"Installation, Maintenance, and Repair",26,16,0.2494,0.683
49-9012.00,"Control and Valve Installers and Repairers, Except Mechanical Door",2021,21.65,-0.8883,-3.2832,0.3727,"Installation, Maintenance, and Repair",24,18,0.3224,0.6146
49-9012.00,"Control and Valve Installers and Repairers, Except Mechanical Door",2022,20.73,-0.8016,-3.4969,0.0767,"Installation, Maintenance, and Repair",25,18,0.2825,0.6533
49-9012.00,"Control and Valve Installers and Repairers, Except Mechanical Door",2023,22.85,-0.9789,-3.0043,0.0951,"Installation, Maintenance, and Repair",27,15,0.2527,0.6828
49-9012.00,"Control and Valve Installers and Repairers, Except Mechanical Door",2024,26.67,-0.8894,-2.1166,0.3102,"Installation, Maintenance, and Repair",29,12,0.1692,0.7609
49-9012.00,"Control and Valve Installers and Repairers, Except Mechanical Door",2025,30.22,-0.9396,-1.2917,0.1008,"Installation, Maintenance, and Repair",33,6,0.0867,0.827
49-9012.00,"Control and Valve Installers and Repairers, Except Mechanical Door",2026,32.03,-0.8711,-0.8711,0.2322,"Installation, Maintenance, and Repair",35,3,0.0582,0.8508
49-9021.00,"Heating, Air Conditioning, and Refrigeration Mechanics and Installers",2020,20.65,-1.2019,-3.5155,-0.455,"Installation, Maintenance, and Repair",28,16,0.2418,0.6924
49-9021.00,"Heating, Air Conditioning, and Refrigeration Mechanics and Installers",2021,20.8,-1.174,-3.4807,-0.2101,"Installation, Maintenance, and Repair",26,18,0.3439,0.6015
49-9021.00,"Heating, Air Conditioning, and Refrigeration Mechanics and Installers",2022,20.3,-0.9924,-3.5969,-0.2683,"Installation, Maintenance, and Repair",26,18,0.2825,0.6486
49-9021.00,"Heating, Air Conditioning, and Refrigeration Mechanics and Installers",2023,23.0,-0.9388,-2.9694,0.1888,"Installation, Maintenance, and Repair",28,15,0.2631,0.6705
49-9021.00,"Heating, Air Conditioning, and Refrigeration Mechanics and Installers",2024,26.48,-0.9322,-2.1608,0.2075,"Installation, Maintenance, and Repair",31,12,0.2022,0.7264
49-9021.00,"Heating, Air Conditioning, and Refrigeration Mechanics and Installers",2025,30.35,-0.9101,-1.2615,0.1633,"Installation, Maintenance, and Repair",35,6,0.1142,0.8053
49-9021.00,"Heating, Air Conditioning, and Refrigeration Mechanics and Installers",2026,31.51,-0.9919,-0.9919,-0.0142,"Installation, Maintenance, and Repair",37,3,0.072,0.841
49-9031.00,Home Appliance Repairers,2020,21.37,-0.8891,-3.3482,0.1551,"Installation, Maintenance, and Repair",26,16,0.2584,0.6734
49-9031.00,Home Appliance Repairers,2021,21.01,-1.1034,-3.4319,-0.0661,"Installation, Maintenance, and Repair",24,18,0.3708,0.5687
49-9031.00,Home Appliance Repairers,2022,21.59,-0.4201,-3.2971,0.7668,"Installation, Maintenance, and Repair",25,18,0.2846,0.6532
49-9031.00,Home Appliance Repairers,2023,23.85,-0.7115,-2.7719,0.7194,"Installation, Maintenance, and Repair",26,15,0.254,0.6727
49-9031.00,Home Appliance Repairers,2024,26.45,-0.9389,-2.1677,0.1913,"Installation, Maintenance, and Repair",29,12,0.2129,0.7149
49-9031.00,Home Appliance Repairers,2025,30.31,-0.9192,-1.2708,0.1441,"Installation, Maintenance, and Repair",33,6,0.1136,0.8094
49-9031.00,Home Appliance Repairers,2026,31.75,-0.9362,-0.9362,0.0995,"Installation, Maintenance, and Repair",35,3,0.0743,0.8431
49-9041.00,Industrial Machinery Mechanics,2020,20.27,-1.367,-3.6038,-0.777,"Installation, Maintenance, and Repair",28,16,0.2795,0.657
49-9041.00,Industrial Machinery Mechanics,2021,20.31,-1.3387,-3.5945,-0.546,"Installation, Maintenance, and Repair",26,18,0.3581,0.5858
49-9041.00,Industrial Machinery Mechanics,2022,20.0,-1.1255,-3.6666,-0.509,"Installation, Maintenance, and Repair",26,18,0.313,0.6293
49-9041.00,Industrial Machinery Mechanics,2023,21.17,-1.428,-3.3947,-0.9536,"Installation, Maintenance, and Repair",28,15,0.2534,0.6809
49-9041.00,Industrial Machinery Mechanics,2024,24.46,-1.3867,-2.6302,-0.8847,"Installation, Maintenance, and Repair",31,12,0.1962,0.726
49-9041.00,Industrial Machinery Mechanics,2025,28.0,-1.4429,-1.8076,-0.9667,"Installation, Maintenance, and Repair",35,6,0.1135,0.7995
49-9041.00,Industrial Machinery Mechanics,2026,29.35,-1.4939,-1.4939,-1.0377,"Installation, Maintenance, and Repair",37,3,0.0733,0.8361
49-9043.00,"Maintenance Workers, Machinery",2020,20.33,-1.3409,-3.5899,-0.7262,"Installation, Maintenance, and Repair",26,16,0.2513,0.6766
49-9043.00,"Maintenance Workers, Machinery",2021,19.95,-1.4596,-3.6782,-0.7928,"Installation, Maintenance, and Repair",25,18,0.3386,0.6042
49-9043.00,"Maintenance Workers, Machinery",2022,19.52,-1.3385,-3.7781,-0.8942,"Installation, Maintenance, and Repair",25,18,0.2936,0.6421
49-9043.00,"Maintenance Workers, Machinery",2023,21.73,-1.2783,-3.2646,-0.604,"Installation, Maintenance, and Repair",27,15,0.2584,0.675
49-9043.00,"Maintenance Workers, Machinery",2024,25.71,-1.1054,-2.3397,-0.2088,"Installation, Maintenance, and Repair",29,12,0.18,0.7381
49-9043.00,"Maintenance Workers, Machinery",2025,28.46,-1.3386,-1.7007,-0.7455,"Installation, Maintenance, and Repair",34,6,0.1051,0.8115
49-9043.00,"Maintenance Workers, Machinery",2026,30.04,-1.3335,-1.3335,-0.7108,"Installation, Maintenance, and Repair",36,3,0.0639,0.8478
49-9044.00,Millwrights,2020,19.48,-1.7102,-3.7874,-1.4464,"Installation, Maintenance, and Repair",28,16,0.2835,0.6529
49-9044.00,Millwrights,2021,18.74,-1.8663,-3.9594,-1.6224,"Installation, Maintenance, and Repair",26,18,0.3592,0.5778
49-9044.00,Millwrights,2022,18.91,-1.6091,-3.9199,-1.3837,"Installation, Maintenance, and Repair",27,18,0.3022,0.64
49-9044.00,Millwrights,2023,20.93,-1.4922,-3.4505,-1.1035,"Installation, Maintenance, and Repair",29,15,0.2551,0.6793
49-9044.00,Millwrights,2024,23.17,-1.677,-2.9299,-1.5821,"Installation, Maintenance, and Repair",31,12,0.2028,0.7231
49-9044.00,Millwrights,2025,27.6,-1.5336,-1.9005,-1.1591,"Installation, Maintenance, and Repair",36,6,0.1197,0.8012
49-9044.00,Millwrights,2026,29.38,-1.4869,-1.4869,-1.0235,"Installation, Maintenance, and Repair",38,3,0.0662,0.8486
49-9045.00,"Refractory Materials Repairers, Except Brickmasons",2020,20.84,-1.1193,-3.4714,-0.294,"Installation, Maintenance, and Repair",26,16,0.2637,0.6668
49-9045.00,"Refractory Materials Repairers, Except Brickmasons",2021,19.61,-1.5739,-3.7572,-1.0259,"Installation, Maintenance, and Repair",25,18,0.3301,0.6138
49-9045.00,"Refractory Materials Repairers, Except Brickmasons",2022,19.88,-1.1787,-3.6945,-0.6053,"Installation, Maintenance, and Repair",25,18,0.2993,0.6376
49-9045.00,"Refractory Materials Repairers, Except Brickmasons",2023,21.14,-1.436,-3.4017,-0.9724,"Installation, Maintenance, and Repair",27,15,0.2608,0.6681
49-9045.00,"Refractory Materials Repairers, Except Brickmasons",2024,24.46,-1.3867,-2.6302,-0.8847,"Installation, Maintenance, and Repair",29,12,0.1722,0.7544
49-9045.00,"Refractory Materials Repairers, Except Brickmasons",2025,27.8,-1.4883,-1.854,-1.0629,"Installation, Maintenance, and Repair",33,6,0.0932,0.8173
49-9045.00,"Refractory Materials Repairers, Except Brickmasons",2026,29.49,-1.4613,-1.4613,-0.9714,"Installation, Maintenance, and Repair",35,3,0.0517,0.8541
49-9051.00,Electrical Power-Line Installers and Repairers,2020,20.33,-1.3409,-3.5899,-0.7262,"Installation, Maintenance, and Repair",27,16,0.2774,0.6565
49-9051.00,Electrical Power-Line Installers and Repairers,2021,20.55,-1.258,-3.5388,-0.3815,"Installation, Maintenance, and Repair",25,18,0.3321,0.603
49-9051.00,Electrical Power-Line Installers and Repairers,2022,19.46,-1.3651,-3.7921,-0.9423,"Installation, Maintenance, and Repair",26,18,0.3133,0.6299
49-9051.00,Electrical Power-Line Installers and Repairers,2023,21.42,-1.3612,-3.3366,-0.7976,"Installation, Maintenance, and Repair",28,15,0.2727,0.6631
49-9051.00,Electrical Power-Line Installers and Repairers,2024,25.16,-1.2292,-2.4675,-0.5062,"Installation, Maintenance, and Repair",30,12,0.1915,0.7358
49-9051.00,Electrical Power-Line Installers and Repairers,2025,28.76,-1.2706,-1.631,-0.6013,"Installation, Maintenance, and Repair",34,6,0.108,0.8033
49-9051.00,Electrical Power-Line Installers and Repairers,2026,29.92,-1.3614,-1.3614,-0.7676,"Installation, Maintenance, and Repair",36,3,0.0608,0.8474
49-9052.00,Telecommunications Line Installers and Repairers,2020,20.59,-1.228,-3.5295,-0.5059,"Installation, Maintenance, and Repair",27,16,0.2609,0.6666
49-9052.00,Telecommunications Line Installers and Repairers,2021,19.84,-1.4966,-3.7038,-0.8682,"Installation, Maintenance, and Repair",25,18,0.3295,0.6062
49-9052.00,Telecommunications Line Installers and Repairers,2022,18.78,-1.6668,-3.9501,-1.488,"Installation, Maintenance, and Repair",26,18,0.3031,0.6323
49-9052.00,Telecommunications Line Installers and Repairers,2023,21.46,-1.3505,-3.3273,-0.7726,"Installation, Maintenance, and Repair",28,15,0.274,0.6596
49-9052.00,Telecommunications Line Installers and Repairers,2024,24.15,-1.4565,-2.7022,-1.0523,"Installation, Maintenance, and Repair",30,12,0.1735,0.7519
49-9052.00,Telecommunications Line Installers and Repairers,2025,28.45,-1.3409,-1.703,-0.7504,"Installation, Maintenance, and Repair",34,6,0.1013,0.8096
49-9052.00,Telecommunications Line Installers and Repairers,2026,29.57,-1.4427,-1.4427,-0.9335,"Installation, Maintenance, and Repair",37,3,0.0571,0.8593
49-9061.00,Camera and Photographic Equipment Repairers,2020,23.56,0.0623,-2.8393,2.0107,"Installation, Maintenance, and Repair",22,16,0.1797,0.7555
49-9061.00,Camera and Photographic Equipment Repairers,2021,24.36,0.0224,-2.6534,2.2307,"Installation, Maintenance, and Repair",19,18,0.3432,0.6085
49-9061.00,Camera and Photographic Equipment Repairers,2022,22.13,-0.1805,-3.1716,1.2001,"Installation, Maintenance, and Repair",21,18,0.226,0.714
49-9061.00,Camera and Photographic Equipment Repairers,2023,24.84,-0.4469,-2.5419,1.3374,"Installation, Maintenance, and Repair",21,15,0.1976,0.7239
49-9061.00,Camera and Photographic Equipment Repairers,2024,28.93,-0.3809,-1.5915,1.5322,"Installation, Maintenance, and Repair",23,12,0.1578,0.7602
49-9061.00,Camera and Photographic Equipment Repairers,2025,33.63,-0.1664,-0.4993,1.7406,"Installation, Maintenance, and Repair",26,6,0.0854,0.8242
49-9061.00,Camera and Photographic Equipment Repairers,2026,36.53,0.1746,0.1746,2.3644,"Installation, Maintenance, and Repair",27,3,0.0772,0.8399
49-9062.00,Medical Equipment Repairers,2020,21.65,-0.7675,-3.2832,0.3923,"Installation, Maintenance, and Repair",26,16,0.2234,0.71
49-9062.00,Medical Equipment Repairers,2021,22.75,-0.5187,-3.0275,1.1268,"Installation, Maintenance, and Repair",23,18,0.3319,0.6019
49-9062.00,Medical Equipment Repairers,2022,21.97,-0.2515,-3.2088,1.0717,"Installation, Maintenance, and Repair",25,18,0.2567,0.6805
49-9062.00,Medical Equipment Repairers,2023,24.94,-0.4201,-2.5186,1.3999,"Installation, Maintenance, and Repair",26,15,0.2264,0.702
49-9062.00,Medical Equipment Repairers,2024,28.47,-0.4844,-1.6983,1.2835,"Installation, Maintenance, and Repair",28,12,0.1805,0.7386
49-9062.00,Medical Equipment Repairers,2025,32.8,-0.3546,-0.6922,1.3414,"Installation, Maintenance, and Repair",32,6,0.1002,0.8159
49-9062.00,Medical Equipment Repairers,2026,34.27,-0.3506,-0.3506,1.2936,"Installation, Maintenance, and Repair",34,3,0.0763,0.8385
49-9063.00,Musical Instrument Repairers and Tuners,2020,22.95,-0.2027,-2.9811,1.4938,"Installation, Maintenance, and Repair",24,16,0.2611,0.6726
49-9063.00,Musical Instrument Repairers and Tuners,2021,23.0,-0.4347,-2.9694,1.2982,"Installation, Maintenance, and Repair",22,18,0.3852,0.5601
49-9063.00,Musical Instrument Repairers and Tuners,2022,23.04,0.2232,-2.9602,1.9302,"Installation, Maintenance, and Repair",22,18,0.268,0.6634
49-9063.00,Musical Instrument Repairers and Tuners,2023,23.69,-0.7543,-2.8091,0.6195,"Installation, Maintenance, and Repair",23,15,0.2128,0.7102
49-9063.00,Musical Instrument Repairers and Tuners,2024,27.64,-0.6712,-1.8912,0.8347,"Installation, Maintenance, and Repair",27,12,0.2079,0.7184
49-9063.00,Musical Instrument Repairers and Tuners,2025,31.83,-0.5745,-0.9176,0.875,"Installation, Maintenance, and Repair",30,6,0.1113,0.8053
49-9063.00,Musical Instrument Repairers and Tuners,2026,33.97,-0.4203,-0.4203,1.1514,"Installation, Maintenance, and Repair",31,3,0.0911,0.8193
49-9064.00,Watch and Clock Repairers,2020,23.04,-0.1636,-2.9602,1.5701,"Installation, Maintenance, and Repair",21,16,0.2135,0.725
49-9064.00,Watch and Clock Repairers,2021,22.41,-0.6329,-3.1066,0.8937,"Installation, Maintenance, and Repair",18,18,0.3413,0.6017
49-9064.00,Watch and Clock Repairers,2022,21.71,-0.3668,-3.2692,0.8631,"Installation, Maintenance, and Repair",20,18,0.25,0.6885
49-9064.00,Watch and Clock Repairers,2023,22.91,-0.9628,-2.9904,0.1326,"Installation, Maintenance, and Repair",20,15,0.1847,0.7338
49-9064.00,Watch and Clock Repairers,2024,27.27,-0.7544,-1.9772,0.6346,"Installation, Maintenance, and Repair",23,12,0.1615,0.7596
49-9064.00,Watch and Clock Repairers,2025,33.3,-0.2413,-0.576,1.5819,"Installation, Maintenance, and Repair",26,6,0.1172,0.8032
49-9064.00,Watch and Clock Repairers,2026,35.77,-0.002,-0.002,2.0043,"Installation, Maintenance, and Repair",26,3,0.1138,0.8032
49-9071.00,"Maintenance and Repair Workers, General",2020,21.31,-0.9152,-3.3622,0.1042,"Installation, Maintenance, and Repair",27,16,0.2452,0.693
49-9071.00,"Maintenance and Repair Workers, General",2021,21.16,-1.053,-3.397,0.0367,"Installation, Maintenance, and Repair",24,18,0.3376,0.5969
49-9071.00,"Maintenance and Repair Workers, General",2022,20.84,-0.7528,-3.4714,0.165,"Installation, Maintenance, and Repair",25,18,0.2816,0.6503
49-9071.00,"Maintenance and Repair Workers, General",2023,23.35,-0.8452,-2.8881,0.4073,"Installation, Maintenance, and Repair",27,15,0.2582,0.6742
49-9071.00,"Maintenance and Repair Workers, General",2024,26.22,-0.9907,-2.2212,0.0669,"Installation, Maintenance, and Repair",29,12,0.1871,0.7357
49-9071.00,"Maintenance and Repair Workers, General",2025,30.39,-0.901,-1.2522,0.1825,"Installation, Maintenance, and Repair",34,6,0.1067,0.8094
49-9071.00,"Maintenance and Repair Workers, General",2026,31.66,-0.9571,-0.9571,0.0569,"Installation, Maintenance, and Repair",36,3,0.0587,0.8529
49-9081.00,Wind Turbine Service Technicians,2020,20.21,-1.393,-3.6178,-0.8278,"Installation, Maintenance, and Repair",28,16,0.257,0.6809
49-9081.00,Wind Turbine Service Technicians,2021,20.2,-1.3756,-3.6201,-0.6214,"Installation, Maintenance, and Repair",25,18,0.3321,0.6049
49-9081.00,Wind Turbine Service Technicians,2022,18.83,-1.6446,-3.9385,-1.4478,"Installation, Maintenance, and Repair",26,18,0.2936,0.6406
49-9081.00,Wind Turbine Service Technicians,2023,21.31,-1.3906,-3.3622,-0.8662,"Installation, Maintenance, and Repair",27,15,0.2739,0.6548
49-9081.00,Wind Turbine Service Technicians,2024,24.73,-1.326,-2.5674,-0.7387,"Installation, Maintenance, and Repair",30,12,0.1886,0.7319
49-9081.00,Wind Turbine Service Technicians,2025,28.85,-1.2502,-1.61,-0.558,"Installation, Maintenance, and Repair",35,6,0.1037,0.8197
49-9081.00,Wind Turbine Service Technicians,2026,29.73,-1.4056,-1.4056,-0.8576,"Installation, Maintenance, and Repair",37,3,0.0639,0.858
49-9091.00,"Coin, Vending, and Amusement Machine Servicers and Repairers",2020,21.96,-0.6328,-3.2111,0.655,"Installation, Maintenance, and Repair",25,16,0.2393,0.6908
49-9091.00,"Coin, Vending, and Amusement Machine Servicers and Repairers",2021,21.89,-0.8077,-3.2274,0.5372,"Installation, Maintenance, and Repair",24,18,0.3533,0.5898
49-9091.00,"Coin, Vending, and Amusement Machine Servicers and Repairers",2022,20.83,-0.7573,-3.4737,0.1569,"Installation, Maintenance, and Repair",24,18,0.278,0.6524
49-9091.00,"Coin, Vending, and Amusement Machine Servicers and Repairers",2023,23.36,-0.8425,-2.8858,0.4135,"Installation, Maintenance, and Repair",26,15,0.2458,0.687
49-9091.00,"Coin, Vending, and Amusement Machine Servicers and Repairers",2024,27.25,-0.7589,-1.9818,0.6238,"Installation, Maintenance, and Repair",28,12,0.1825,0.7435
49-9091.00,"Coin, Vending, and Amusement Machine Servicers and Repairers",2025,31.45,-0.6607,-1.0059,0.6923,"Installation, Maintenance, and Repair",32,6,0.1082,0.8067
49-9091.00,"Coin, Vending, and Amusement Machine Servicers and Repairers",2026,33.56,-0.5156,-0.5156,0.9571,"Installation, Maintenance, and Repair",34,3,0.0763,0.8379
49-9092.00,Commercial Divers,2020,20.07,-1.4539,-3.6503,-0.9465,"Installation, Maintenance, and Repair",28,16,0.2694,0.6624
49-9092.00,Commercial Divers,2021,20.54,-1.2614,-3.5411,-0.3883,"Installation, Maintenance, and Repair",26,18,0.3218,0.6169
49-9092.00,Commercial Divers,2022,19.57,-1.3163,-3.7665,-0.8541,"Installation, Maintenance, and Repair",27,18,0.3044,0.6395
49-9092.00,Commercial Divers,2023,21.11,-1.4441,-3.4086,-0.9911,"Installation, Maintenance, and Repair",29,15,0.2677,0.6702
49-9092.00,Commercial Divers,2024,24.46,-1.3867,-2.6302,-0.8847,"Installation, Maintenance, and Repair",31,12,0.184,0.7433
49-9092.00,Commercial Divers,2025,28.61,-1.3046,-1.6658,-0.6734,"Installation, Maintenance, and Repair",35,6,0.1078,0.8073
49-9092.00,Commercial Divers,2026,29.46,-1.4683,-1.4683,-0.9856,"Installation, Maintenance, and Repair",38,3,0.0589,0.8603
49-9094.00,Locksmiths and Safe Repairers,2020,21.26,-0.9369,-3.3738,0.0619,"Installation, Maintenance, and Repair",26,16,0.2264,0.7008
49-9094.00,Locksmiths and Safe Repairers,2021,21.06,-1.0866,-3.4203,-0.0318,"Installation, Maintenance, and Repair",24,18,0.3258,0.6086
49-9094.00,Locksmiths and Safe Repairers,2022,20.99,-0.6863,-3.4365,0.2853,"Installation, Maintenance, and Repair",25,18,0.2675,0.6683
49-9094.00,Locksmiths and Safe Repairers,2023,23.28,-0.8639,-2.9044,0.3636,"Installation, Maintenance, and Repair",27,15,0.2202,0.7125
49-9094.00,Locksmiths and Safe Repairers,2024,26.31,-0.9704,-2.2003,0.1156,"Installation, Maintenance, and Repair",29,12,0.1645,0.759
49-9094.00,Locksmiths and Safe Repairers,2025,31.1,-0.7401,-1.0872,0.524,"Installation, Maintenance, and Repair",33,6,0.1133,0.8013
49-9094.00,Locksmiths and Safe Repairers,2026,32.54,-0.7526,-0.7526,0.4738,"Installation, Maintenance, and Repair",35,3,0.0833,0.8278
49-9095.00,Manufactured Building and Mobile Home Installers,2020,19.53,-1.6884,-3.7758,-1.404,"Installation, Maintenance, and Repair",29,16,0.3045,0.6368
49-9095.00,Manufactured Building and Mobile Home Installers,2021,19.72,-1.5369,-3.7316,-0.9505,"Installation, Maintenance, and Repair",27,18,0.3652,0.5798
49-9095.00,Manufactured Building and Mobile Home Installers,2022,19.56,-1.3207,-3.7688,-0.8621,"Installation, Maintenance, and Repair",27,18,0.3387,0.5955
49-9095.00,Manufactured Building and Mobile Home Installers,2023,20.34,-1.6499,-3.5876,-1.4718,"Installation, Maintenance, and Repair",29,15,0.3005,0.6332
49-9095.00,Manufactured Building and Mobile Home Installers,2024,22.79,-1.7625,-3.0182,-1.7876,"Installation, Maintenance, and Repair",32,12,0.2105,0.7161
49-9095.00,Manufactured Building and Mobile Home Installers,2025,26.57,-1.7671,-2.1399,-1.6544,"Installation, Maintenance, and Repair",37,6,0.1223,0.8012
49-9095.00,Manufactured Building and Mobile Home Installers,2026,28.18,-1.7657,-1.7657,-1.5921,"Installation, Maintenance, and Repair",39,3,0.0664,0.8504
49-9096.00,Riggers,2020,21.35,-0.8978,-3.3529,0.1381,"Installation, Maintenance, and Repair",27,16,0.2738,0.6663
49-9096.00,Riggers,2021,20.86,-1.1538,-3.4667,-0.1689,"Installation, Maintenance, and Repair",25,18,0.3297,0.6104
49-9096.00,Riggers,2022,20.76,-0.7883,-3.49,0.1008,"Installation, Maintenance, and Repair",25,18,0.3077,0.6321
49-9096.00,Riggers,2023,22.56,-1.0564,-3.0717,-0.0859,"Installation, Maintenance, and Repair",27,15,0.2734,0.6603
49-9096.00,Riggers,2024,25.53,-1.1459,-2.3815,-0.3061,"Installation, Maintenance, and Repair",30,12,0.1811,0.7486
49-9096.00,Riggers,2025,28.8,-1.2615,-1.6217,-0.582,"Installation, Maintenance, and Repair",33,6,0.107,0.8045
49-9096.00,Riggers,2026,29.9,-1.3661,-1.3661,-0.7771,"Installation, Maintenance, and Repair",36,3,0.0518,0.8651
49-9097.00,Signal and Track Switch Repairers,2020,20.51,-1.2627,-3.5481,-0.5736,"Installation, Maintenance, and Repair",28,16,0.2371,0.6868
49-9097.00,Signal and Track Switch Repairers,2021,21.06,-1.0866,-3.4203,-0.0318,"Installation, Maintenance, and Repair",27,18,0.3356,0.6079
49-9097.00,Signal and Track Switch Repairers,2022,20.71,-0.8105,-3.5016,0.0607,"Installation, Maintenance, and Repair",27,18,0.2857,0.6508
49-9097.00,Signal and Track Switch Repairers,2023,22.91,-0.9628,-2.9904,0.1326,"Installation, Maintenance, and Repair",29,15,0.2542,0.6834
49-9097.00,Signal and Track Switch Repairers,2024,26.15,-1.0064,-2.2375,0.0291,"Installation, Maintenance, and Repair",31,12,0.195,0.7305
49-9097.00,Signal and Track Switch Repairers,2025,29.73,-1.0507,-1.4056,-0.1348,"Installation, Maintenance, and Repair",35,6,0.1145,0.7992
49-9097.00,Signal and Track Switch Repairers,2026,31.01,-1.1081,-1.1081,-0.2511,"Installation, Maintenance, and Repair",38,3,0.077,0.8431
49-9098.00,"Helpers--Installation, Maintenance, and Repair Workers",2020,19.81,-1.5668,-3.7107,-1.1668,"Installation, Maintenance, and Repair",27,16,0.2752,0.6609
49-9098.00,"Helpers--Installation, Maintenance, and Repair Workers",2021,19.01,-1.7755,-3.8966,-1.4373,"Installation, Maintenance, and Repair",25,18,0.3637,0.5765
49-9098.00,"Helpers--Installation, Maintenance, and Repair Workers",2022,19.64,-1.2852,-3.7502,-0.7979,"Installation, Maintenance, and Repair",25,18,0.3158,0.6198
49-9098.00,"Helpers--Installation, Maintenance, and Repair Workers",2023,20.45,-1.6205,-3.562,-1.4031,"Installation, Maintenance, and Repair",27,15,0.2995,0.6336
49-9098.00,"Helpers--Installation, Maintenance, and Repair Workers",2024,23.14,-1.6837,-2.9369,-1.5983,"Installation, Maintenance, and Repair",29,12,0.2079,0.7131
49-9098.00,"Helpers--Installation, Maintenance, and Repair Workers",2025,27.36,-1.588,-1.9563,-1.2745,"Installation, Maintenance, and Repair",35,6,0.1193,0.8014
49-9098.00,"Helpers--Installation, Maintenance, and Repair Workers",2026,28.92,-1.5938,-1.5938,-1.2414,"Installation, Maintenance, and Repair",36,3,0.0639,0.8458
49-9099.01,Geothermal Technicians,2020,20.76,-1.1541,-3.49,-0.3618,"Installation, Maintenance, and Repair",28,16,0.2587,0.6807
49-9099.01,Geothermal Technicians,2021,21.3,-1.006,-3.3645,0.1327,"Installation, Maintenance, and Repair",26,18,0.3354,0.6104
49-9099.01,Geothermal Technicians,2022,21.76,-0.3447,-3.2576,0.9032,"Installation, Maintenance, and Repair",26,18,0.3,0.6317
49-9099.01,Geothermal Technicians,2023,25.11,-0.3747,-2.4791,1.506,"Installation, Maintenance, and Repair",29,15,0.2602,0.6804
49-9099.01,Geothermal Technicians,2024,27.43,-0.7184,-1.94,0.7212,"Installation, Maintenance, and Repair",31,12,0.1719,0.7558
49-9099.01,Geothermal Technicians,2025,30.42,-0.8942,-1.2452,0.197,"Installation, Maintenance, and Repair",35,6,0.0873,0.8288
49-9099.01,Geothermal Technicians,2026,31.93,-0.8943,-0.8943,0.1848,"Installation, Maintenance, and Repair",37,3,0.0548,0.859
51-1011.00,First-Line Supervisors of Production and Operating Workers,2020,23.39,-0.0116,-2.8788,1.965,Production,25,16,0.2442,0.6877
51-1011.00,First-Line Supervisors of Production and Operating Workers,2021,24.36,0.0224,-2.6534,2.0727,Production,23,18,0.2916,0.6475
51-1011.00,First-Line Supervisors of Production and Operating Workers,2022,23.51,0.4317,-2.8509,2.2012,Production,24,18,0.2682,0.6676
51-1011.00,First-Line Supervisors of Production and Operating Workers,2023,26.95,0.1172,-2.0516,2.1599,Production,25,15,0.2244,0.7
51-1011.00,First-Line Supervisors of Production and Operating Workers,2024,30.67,0.0106,-1.1871,2.2076,Production,27,12,0.1468,0.7693
51-1011.00,First-Line Supervisors of Production and Operating Workers,2025,34.72,0.0807,-0.246,2.1989,Production,31,6,0.0702,0.8393
51-1011.00,First-Line Supervisors of Production and Operating Workers,2026,36.02,0.0561,0.0561,1.9388,Production,33,3,0.0522,0.8611
51-2011.00,"Aircraft Structure, Surfaces, Rigging, and Systems Assemblers",2020,21.61,-0.7848,-3.2925,0.439,Production,27,16,0.2445,0.6908
51-2011.00,"Aircraft Structure, Surfaces, Rigging, and Systems Assemblers",2021,21.76,-0.8514,-3.2576,0.4612,Production,25,18,0.3511,0.5872
51-2011.00,"Aircraft Structure, Surfaces, Rigging, and Systems Assemblers",2022,20.95,-0.704,-3.4458,0.412,Production,25,18,0.2789,0.6509
51-2011.00,"Aircraft Structure, Surfaces, Rigging, and Systems Assemblers",2023,22.93,-0.9575,-2.9857,0.1154,Production,28,15,0.2483,0.6868
51-2011.00,"Aircraft Structure, Surfaces, Rigging, and Systems Assemblers",2024,26.23,-0.9884,-2.2189,0.0966,Production,30,12,0.1917,0.7336
51-2011.00,"Aircraft Structure, Surfaces, Rigging, and Systems Assemblers",2025,30.02,-0.9849,-1.3382,-0.0038,Production,34,6,0.1047,0.8067
51-2011.00,"Aircraft Structure, Surfaces, Rigging, and Systems Assemblers",2026,31.21,-1.0616,-1.0616,-0.2813,Production,36,3,0.0686,0.8386
51-2021.00,"Coil Winders, Tapers, and Finishers",2020,21.76,-0.7197,-3.2576,0.5676,Production,24,16,0.2194,0.7157
51-2021.00,"Coil Winders, Tapers, and Finishers",2021,20.54,-1.2614,-3.5411,-0.2949,Production,21,18,0.3161,0.6174
51-2021.00,"Coil Winders, Tapers, and Finishers",2022,20.3,-0.9924,-3.5969,-0.0423,Production,23,18,0.2563,0.68
51-2021.00,"Coil Winders, Tapers, and Finishers",2023,21.63,-1.305,-3.2878,-0.5457,Production,24,15,0.2283,0.706
51-2021.00,"Coil Winders, Tapers, and Finishers",2024,25.41,-1.1729,-2.4094,-0.2932,Production,26,12,0.147,0.7791
51-2021.00,"Coil Winders, Tapers, and Finishers",2025,29.49,-1.1051,-1.4613,-0.2521,Production,29,6,0.0918,0.8226
51-2021.00,"Coil Winders, Tapers, and Finishers",2026,31.59,-0.9733,-0.9733,-0.1059,Production,30,3,0.0666,0.8422
51-2022.00,Electrical and Electronic Equipment Assemblers,2020,22.13,-0.5589,-3.1716,0.8848,Production,23,16,0.2108,0.7153
51-2022.00,Electrical and Electronic Equipment Assemblers,2021,21.96,-0.7842,-3.2111,0.5852,Production,21,18,0.3521,0.5893
51-2022.00,Electrical and Electronic Equipment Assemblers,2022,20.25,-1.0146,-3.6085,-0.0772,Production,22,18,0.2602,0.6699
51-2022.00,Electrical and Electronic Equipment Assemblers,2023,22.75,-1.0056,-3.0275,0.0239,Production,24,15,0.2434,0.689
51-2022.00,Electrical and Electronic Equipment Assemblers,2024,26.21,-0.9929,-2.2235,0.0871,Production,26,12,0.1714,0.7493
51-2022.00,Electrical and Electronic Equipment Assemblers,2025,31.08,-0.7446,-1.0918,0.493,Production,29,6,0.1083,0.8063
51-2022.00,Electrical and Electronic Equipment Assemblers,2026,32.94,-0.6596,-0.6596,0.5172,Production,30,3,0.0824,0.829
51-2023.00,Electromechanical Equipment Assemblers,2020,22.01,-0.6111,-3.1995,0.782,Production,23,16,0.1976,0.7294
51-2023.00,Electromechanical Equipment Assemblers,2021,22.32,-0.6632,-3.1275,0.8083,Production,21,18,0.3353,0.6094
51-2023.00,Electromechanical Equipment Assemblers,2022,21.17,-0.6064,-3.3947,0.5658,Production,22,18,0.2297,0.7008
51-2023.00,Electromechanical Equipment Assemblers,2023,23.18,-0.8907,-2.9276,0.2425,Production,23,15,0.2086,0.7201
51-2023.00,Electromechanical Equipment Assemblers,2024,27.53,-0.6959,-1.9168,0.7147,Production,26,12,0.1624,0.7651
51-2023.00,Electromechanical Equipment Assemblers,2025,31.7,-0.604,-0.9478,0.7836,Production,29,6,0.1064,0.8112
51-2023.00,Electromechanical Equipment Assemblers,2026,33.99,-0.4156,-0.4156,1.0019,Production,30,3,0.0852,0.8279
51-2031.00,Engine and Other Machine Assemblers,2020,21.23,-0.9499,-3.3808,0.1133,Production,26,16,0.2458,0.6876
51-2031.00,Engine and Other Machine Assemblers,2021,20.9,-1.1404,-3.4574,-0.0718,Production,25,18,0.3557,0.5883
51-2031.00,Engine and Other Machine Assemblers,2022,20.61,-0.8549,-3.5248,0.1744,Production,25,18,0.2766,0.6615
51-2031.00,Engine and Other Machine Assemblers,2023,22.1,-1.1794,-3.1786,-0.3067,Production,27,15,0.2499,0.6845
51-2031.00,Engine and Other Machine Assemblers,2024,25.37,-1.1819,-2.4187,-0.3122,Production,29,12,0.1898,0.7375
51-2031.00,Engine and Other Machine Assemblers,2025,28.68,-1.2887,-1.6495,-0.6318,Production,33,6,0.1095,0.8027
51-2031.00,Engine and Other Machine Assemblers,2026,30.59,-1.2057,-1.2057,-0.5675,Production,35,3,0.0699,0.84
51-2041.00,Structural Metal Fabricators and Fitters,2020,21.4,-0.8761,-3.3413,0.259,Production,26,16,0.256,0.68
51-2041.00,Structural Metal Fabricators and Fitters,2021,20.78,-1.1807,-3.4853,-0.1461,Production,24,18,0.3303,0.6121
51-2041.00,Structural Metal Fabricators and Fitters,2022,19.69,-1.263,-3.7386,-0.4686,Production,25,18,0.2883,0.6486
51-2041.00,Structural Metal Fabricators and Fitters,2023,22.74,-1.0083,-3.0299,0.0188,Production,26,15,0.2469,0.6868
51-2041.00,Structural Metal Fabricators and Fitters,2024,25.61,-1.1279,-2.3629,-0.1981,Production,28,12,0.1676,0.7563
51-2041.00,Structural Metal Fabricators and Fitters,2025,30.07,-0.9736,-1.3265,0.0197,Production,32,6,0.1009,0.81
51-2041.00,Structural Metal Fabricators and Fitters,2026,31.82,-0.9199,-0.9199,0.0003,Production,34,3,0.0511,0.8569
51-2051.00,Fiberglass Laminators and Fabricators,2020,20.13,-1.4278,-3.6364,-0.8297,Production,27,16,0.2673,0.6649
51-2051.00,Fiberglass Laminators and Fabricators,2021,19.64,-1.5638,-3.7502,-0.8527,Production,25,18,0.3427,0.5979
51-2051.00,Fiberglass Laminators and Fabricators,2022,19.4,-1.3917,-3.806,-0.6713,Production,26,18,0.3001,0.634
51-2051.00,Fiberglass Laminators and Fabricators,2023,20.96,-1.4842,-3.4435,-0.8865,Production,28,15,0.2739,0.6628
51-2051.00,Fiberglass Laminators and Fabricators,2024,24.36,-1.4092,-2.6534,-0.7924,Production,30,12,0.1967,0.7299
51-2051.00,Fiberglass Laminators and Fabricators,2025,27.62,-1.5291,-1.8959,-1.1285,Production,34,6,0.1151,0.7976
51-2051.00,Fiberglass Laminators and Fabricators,2026,28.96,-1.5845,-1.5845,-1.3198,Production,36,3,0.0623,0.8445
51-2061.00,Timing Device Assemblers and Adjusters,2020,23.4,-0.0072,-2.8765,1.9736,Production,22,16,0.2139,0.7113
51-2061.00,Timing Device Assemblers and Adjusters,2021,22.22,-0.6968,-3.1507,0.7463,Production,20,18,0.3586,0.582
51-2061.00,Timing Device Assemblers and Adjusters,2022,23.02,0.2144,-2.9648,1.8588,Production,21,18,0.251,0.679
51-2061.00,Timing Device Assemblers and Adjusters,2023,23.8,-0.7249,-2.7835,0.5579,Production,23,15,0.2007,0.7255
51-2061.00,Timing Device Assemblers and Adjusters,2024,27.5,-0.7027,-1.9238,0.7005,Production,26,12,0.1889,0.7421
51-2061.00,Timing Device Assemblers and Adjusters,2025,31.88,-0.5632,-0.9059,0.8679,Production,28,6,0.1199,0.7939
51-2061.00,Timing Device Assemblers and Adjusters,2026,33.61,-0.5039,-0.5039,0.8265,Production,29,3,0.1112,0.8078
51-2092.00,Team Assemblers,2020,21.3,-0.9195,-3.3645,0.1733,Production,24,16,0.2376,0.6889
51-2092.00,Team Assemblers,2021,21.78,-0.8447,-3.2529,0.4736,Production,22,18,0.3398,0.5985
51-2092.00,Team Assemblers,2022,20.1,-1.0811,-3.6433,-0.182,Production,23,18,0.2767,0.6543
51-2092.00,Team Assemblers,2023,22.63,-1.0377,-3.0554,-0.0372,Production,24,15,0.2567,0.6708
51-2092.00,Team Assemblers,2024,26.62,-0.9007,-2.1282,0.2821,Production,27,12,0.1757,0.7466
51-2092.00,Team Assemblers,2025,30.22,-0.9396,-1.2917,0.09,Production,31,6,0.0961,0.8205
51-2092.00,Team Assemblers,2026,31.92,-0.8966,-0.8966,0.0464,Production,33,3,0.059,0.8571
51-3011.00,Bakers,2020,22.74,-0.2939,-3.0299,1.4078,Production,23,16,0.2404,0.693
51-3011.00,Bakers,2021,23.21,-0.3641,-2.9207,1.3599,Production,20,18,0.3657,0.5731
51-3011.00,Bakers,2022,21.89,-0.287,-3.2274,1.069,Production,22,18,0.287,0.6464
51-3011.00,Bakers,2023,24.36,-0.5752,-2.6534,0.8427,Production,23,15,0.274,0.6589
51-3011.00,Bakers,2024,27.91,-0.6104,-1.8285,0.8954,Production,25,12,0.1822,0.7376
51-3011.00,Bakers,2025,32.1,-0.5133,-0.8548,0.971,Production,29,6,0.0859,0.827
51-3011.00,Bakers,2026,33.37,-0.5597,-0.5597,0.7157,Production,31,3,0.0677,0.8499
51-3021.00,Butchers and Meat Cutters,2020,21.49,-0.837,-3.3203,0.3362,Production,26,16,0.2696,0.6662
51-3021.00,Butchers and Meat Cutters,2021,21.0,-1.1068,-3.4342,-0.0098,Production,24,18,0.3545,0.5942
51-3021.00,Butchers and Meat Cutters,2022,21.92,-0.2737,-3.2204,1.09,Production,25,18,0.3027,0.6322
51-3021.00,Butchers and Meat Cutters,2023,24.18,-0.6233,-2.6952,0.7511,Production,26,15,0.2653,0.6616
51-3021.00,Butchers and Meat Cutters,2024,26.55,-0.9164,-2.1445,0.2488,Production,29,12,0.1918,0.7333
51-3021.00,Butchers and Meat Cutters,2025,29.48,-1.1074,-1.4636,-0.2568,Production,33,6,0.1045,0.8086
51-3021.00,Butchers and Meat Cutters,2026,31.47,-1.0012,-1.0012,-0.1613,Production,35,3,0.0676,0.8491
51-3022.00,"Meat, Poultry, and Fish Cutters and Trimmers",2020,20.62,-1.2149,-3.5225,-0.4096,Production,26,16,0.259,0.6763
51-3022.00,"Meat, Poultry, and Fish Cutters and Trimmers",2021,20.31,-1.3387,-3.5945,-0.4374,Production,23,18,0.3164,0.6172
51-3022.00,"Meat, Poultry, and Fish Cutters and Trimmers",2022,19.68,-1.2675,-3.7409,-0.4756,Production,25,18,0.2886,0.6462
51-3022.00,"Meat, Poultry, and Fish Cutters and Trimmers",2023,21.81,-1.2569,-3.246,-0.4542,Production,26,15,0.2443,0.69
51-3022.00,"Meat, Poultry, and Fish Cutters and Trimmers",2024,24.7,-1.3327,-2.5744,-0.6308,Production,29,12,0.1655,0.7614
51-3022.00,"Meat, Poultry, and Fish Cutters and Trimmers",2025,29.49,-1.1051,-1.4613,-0.2521,Production,33,6,0.0988,0.8194
51-3022.00,"Meat, Poultry, and Fish Cutters and Trimmers",2026,30.92,-1.129,-1.129,-0.4152,Production,35,3,0.0662,0.849
51-3023.00,Slaughterers and Meat Packers,2020,17.8,-2.44,-4.1778,-2.8271,Production,23,16,0.2813,0.6519
51-3023.00,Slaughterers and Meat Packers,2021,16.25,-2.703,-4.538,-2.9537,Production,21,18,0.3439,0.5975
51-3023.00,Slaughterers and Meat Packers,2022,16.82,-2.5364,-4.4055,-2.4745,Production,23,18,0.3046,0.6371
51-3023.00,Slaughterers and Meat Packers,2023,18.29,-2.198,-4.0639,-2.2444,Production,23,15,0.2715,0.6641
51-3023.00,Slaughterers and Meat Packers,2024,21.22,-2.1158,-3.3831,-2.2854,Production,26,12,0.1865,0.7423
51-3023.00,Slaughterers and Meat Packers,2025,26.42,-1.8011,-2.1747,-1.6909,Production,30,6,0.1369,0.7866
51-3023.00,Slaughterers and Meat Packers,2026,27.62,-1.8959,-1.8959,-1.9383,Production,31,3,0.079,0.8342
51-3091.00,"Food and Tobacco Roasting, Baking, and Drying Machine Operators and Tenders",2020,21.32,-0.9108,-3.3598,0.1904,Production,24,16,0.2386,0.6928
51-3091.00,"Food and Tobacco Roasting, Baking, and Drying Machine Operators and Tenders",2021,21.82,-0.8312,-3.2437,0.4984,Production,22,18,0.329,0.6113
51-3091.00,"Food and Tobacco Roasting, Baking, and Drying Machine Operators and Tenders",2022,20.43,-0.9347,-3.5667,0.0486,Production,23,18,0.2811,0.6604
51-3091.00,"Food and Tobacco Roasting, Baking, and Drying Machine Operators and Tenders",2023,23.07,-0.9201,-2.9532,0.1866,Production,24,15,0.2525,0.6813
51-3091.00,"Food and Tobacco Roasting, Baking, and Drying Machine Operators and Tenders",2024,26.51,-0.9254,-2.1538,0.2298,Production,27,12,0.1663,0.757
51-3091.00,"Food and Tobacco Roasting, Baking, and Drying Machine Operators and Tenders",2025,30.61,-0.8512,-1.2011,0.2727,Production,31,6,0.093,0.8264
51-3091.00,"Food and Tobacco Roasting, Baking, and Drying Machine Operators and Tenders",2026,32.29,-0.8107,-0.8107,0.2172,Production,32,3,0.0657,0.8428
51-3092.00,Food Batchmakers,2020,21.84,-0.6849,-3.239,0.6362,Production,25,16,0.2269,0.6965
51-3092.00,Food Batchmakers,2021,22.34,-0.6565,-3.1228,0.8207,Production,23,18,0.2945,0.6391
51-3092.00,Food Batchmakers,2022,21.52,-0.4511,-3.3134,0.8104,Production,24,18,0.2468,0.6811
51-3092.00,Food Batchmakers,2023,24.25,-0.6046,-2.679,0.7867,Production,26,15,0.232,0.701
51-3092.00,Food Batchmakers,2024,28.22,-0.5407,-1.7564,1.0428,Production,28,12,0.1524,0.765
51-3092.00,Food Batchmakers,2025,32.37,-0.4521,-0.7921,1.0976,Production,32,6,0.0829,0.8258
51-3092.00,Food Batchmakers,2026,34.06,-0.3994,-0.3994,1.0342,Production,34,3,0.0554,0.8529
51-3093.00,Food Cooking Machine Operators and Tenders,2020,22.18,-0.5372,-3.16,0.9277,Production,25,16,0.2478,0.6877
51-3093.00,Food Cooking Machine Operators and Tenders,2021,22.43,-0.6262,-3.1019,0.8765,Production,22,18,0.3103,0.6243
51-3093.00,Food Cooking Machine Operators and Tenders,2022,20.42,-0.9392,-3.569,0.0416,Production,24,18,0.2775,0.659
51-3093.00,Food Cooking Machine Operators and Tenders,2023,23.16,-0.896,-2.9323,0.2324,Production,25,15,0.2593,0.6761
51-3093.00,Food Cooking Machine Operators and Tenders,2024,27.46,-0.7117,-1.933,0.6814,Production,27,12,0.1648,0.754
51-3093.00,Food Cooking Machine Operators and Tenders,2025,31.15,-0.7287,-1.0756,0.5258,Production,32,6,0.0882,0.8309
51-3093.00,Food Cooking Machine Operators and Tenders,2026,32.7,-0.7154,-0.7154,0.4064,Production,33,3,0.0528,0.8541
51-4021.00,"Extruding and Drawing Machine Setters, Operators, and Tenders, Metal and Plastic",2020,20.02,-1.4756,-3.6619,-0.924,Production,27,16,0.278,0.6629
51-4021.00,"Extruding and Drawing Machine Setters, Operators, and Tenders, Metal and Plastic",2021,19.66,-1.5571,-3.7456,-0.8403,Production,24,18,0.3407,0.5956
51-4021.00,"Extruding and Drawing Machine Setters, Operators, and Tenders, Metal and Plastic",2022,18.88,-1.6224,-3.9268,-1.0347,Production,25,18,0.319,0.6133
51-4021.00,"Extruding and Drawing Machine Setters, Operators, and Tenders, Metal and Plastic",2023,21.19,-1.4227,-3.3901,-0.7695,Production,27,15,0.2722,0.6621
51-4021.00,"Extruding and Drawing Machine Setters, Operators, and Tenders, Metal and Plastic",2024,23.71,-1.5555,-2.8045,-1.1015,Production,29,12,0.1828,0.7367
51-4021.00,"Extruding and Drawing Machine Setters, Operators, and Tenders, Metal and Plastic",2025,27.27,-1.6084,-1.9772,-1.2925,Production,34,6,0.1136,0.8034
51-4021.00,"Extruding and Drawing Machine Setters, Operators, and Tenders, Metal and Plastic",2026,29.21,-1.5264,-1.5264,-1.2044,Production,36,3,0.0667,0.8458
51-4022.00,"Forging Machine Setters, Operators, and Tenders, Metal and Plastic",2020,21.39,-0.8804,-3.3436,0.2505,Production,26,16,0.2564,0.6727
51-4022.00,"Forging Machine Setters, Operators, and Tenders, Metal and Plastic",2021,21.05,-1.09,-3.4226,0.0212,Production,24,18,0.3136,0.6214
51-4022.00,"Forging Machine Setters, Operators, and Tenders, Metal and Plastic",2022,20.28,-1.0013,-3.6015,-0.0562,Production,25,18,0.2822,0.652
51-4022.00,"Forging Machine Setters, Operators, and Tenders, Metal and Plastic",2023,22.47,-1.0805,-3.0926,-0.1185,Production,27,15,0.2353,0.6957
51-4022.00,"Forging Machine Setters, Operators, and Tenders, Metal and Plastic",2024,25.81,-1.0829,-2.3165,-0.103,Production,29,12,0.1519,0.7671
51-4022.00,"Forging Machine Setters, Operators, and Tenders, Metal and Plastic",2025,29.94,-1.0031,-1.3568,-0.0413,Production,33,6,0.0982,0.812
51-4022.00,"Forging Machine Setters, Operators, and Tenders, Metal and Plastic",2026,31.42,-1.0128,-1.0128,-0.1844,Production,36,3,0.0651,0.8508
51-4023.00,"Rolling Machine Setters, Operators, and Tenders, Metal and Plastic",2020,20.14,-1.4234,-3.634,-0.8211,Production,28,16,0.2936,0.6463
51-4023.00,"Rolling Machine Setters, Operators, and Tenders, Metal and Plastic",2021,19.89,-1.4798,-3.6921,-0.6977,Production,25,18,0.3289,0.6071
51-4023.00,"Rolling Machine Setters, Operators, and Tenders, Metal and Plastic",2022,19.13,-1.5115,-3.8687,-0.86,Production,26,18,0.3235,0.6117
51-4023.00,"Rolling Machine Setters, Operators, and Tenders, Metal and Plastic",2023,21.41,-1.3639,-3.3389,-0.6576,Production,27,15,0.2679,0.6608
51-4023.00,"Rolling Machine Setters, Operators, and Tenders, Metal and Plastic",2024,24.25,-1.434,-2.679,-0.8447,Production,30,12,0.1756,0.7477
51-4023.00,"Rolling Machine Setters, Operators, and Tenders, Metal and Plastic",2025,27.94,-1.4565,-1.8215,-0.9786,Production,34,6,0.1089,0.8067
51-4023.00,"Rolling Machine Setters, Operators, and Tenders, Metal and Plastic",2026,30.13,-1.3126,-1.3126,-0.7798,Production,36,3,0.0647,0.8466
51-4031.00,"Cutting, Punching, and Press Machine Setters, Operators, and Tenders, Metal and Plastic",2020,20.83,-1.1237,-3.4737,-0.2296,Production,26,16,0.2498,0.6843
51-4031.00,"Cutting, Punching, and Press Machine Setters, Operators, and Tenders, Metal and Plastic",2021,20.34,-1.3286,-3.5876,-0.4188,Production,23,18,0.3018,0.6284
51-4031.00,"Cutting, Punching, and Press Machine Setters, Operators, and Tenders, Metal and Plastic",2022,19.3,-1.4361,-3.8292,-0.7412,Production,24,18,0.2917,0.6391
51-4031.00,"Cutting, Punching, and Press Machine Setters, Operators, and Tenders, Metal and Plastic",2023,21.35,-1.3799,-3.3529,-0.6881,Production,26,15,0.2349,0.6954
51-4031.00,"Cutting, Punching, and Press Machine Setters, Operators, and Tenders, Metal and Plastic",2024,24.73,-1.326,-2.5674,-0.6165,Production,28,12,0.1502,0.7684
51-4031.00,"Cutting, Punching, and Press Machine Setters, Operators, and Tenders, Metal and Plastic",2025,28.51,-1.3273,-1.6891,-0.7114,Production,33,6,0.0983,0.818
51-4031.00,"Cutting, Punching, and Press Machine Setters, Operators, and Tenders, Metal and Plastic",2026,30.33,-1.2661,-1.2661,-0.6875,Production,35,3,0.0615,0.8531
51-4032.00,"Drilling and Boring Machine Tool Setters, Operators, and Tenders, Metal and Plastic",2020,21.38,-0.8848,-3.3459,0.2419,Production,26,16,0.259,0.6752
51-4032.00,"Drilling and Boring Machine Tool Setters, Operators, and Tenders, Metal and Plastic",2021,20.95,-1.1236,-3.4458,-0.0408,Production,24,18,0.34,0.6028
51-4032.00,"Drilling and Boring Machine Tool Setters, Operators, and Tenders, Metal and Plastic",2022,21.89,-0.287,-3.2274,1.069,Production,25,18,0.2839,0.6503
51-4032.00,"Drilling and Boring Machine Tool Setters, Operators, and Tenders, Metal and Plastic",2023,24.37,-0.5725,-2.6511,0.8477,Production,27,15,0.2386,0.6978
51-4032.00,"Drilling and Boring Machine Tool Setters, Operators, and Tenders, Metal and Plastic",2024,26.86,-0.8467,-2.0725,0.3962,Production,29,12,0.1815,0.748
51-4032.00,"Drilling and Boring Machine Tool Setters, Operators, and Tenders, Metal and Plastic",2025,30.5,-0.8761,-1.2266,0.2212,Production,33,6,0.101,0.8197
51-4032.00,"Drilling and Boring Machine Tool Setters, Operators, and Tenders, Metal and Plastic",2026,32.64,-0.7293,-0.7293,0.3787,Production,34,3,0.0655,0.8433
51-4033.00,"Grinding, Lapping, Polishing, and Buffing Machine Tool Setters, Operators, and Tenders, Metal and Plastic",2020,20.45,-1.2888,-3.562,-0.5554,Production,26,16,0.2749,0.6629
51-4033.00,"Grinding, Lapping, Polishing, and Buffing Machine Tool Setters, Operators, and Tenders, Metal and Plastic",2021,19.95,-1.4596,-3.6782,-0.6606,Production,23,18,0.3327,0.604
51-4033.00,"Grinding, Lapping, Polishing, and Buffing Machine Tool Setters, Operators, and Tenders, Metal and Plastic",2022,20.22,-1.0279,-3.6155,-0.0982,Production,25,18,0.3018,0.6386
51-4033.00,"Grinding, Lapping, Polishing, and Buffing Machine Tool Setters, Operators, and Tenders, Metal and Plastic",2023,21.47,-1.3478,-3.325,-0.6271,Production,26,15,0.246,0.6881
51-4033.00,"Grinding, Lapping, Polishing, and Buffing Machine Tool Setters, Operators, and Tenders, Metal and Plastic",2024,24.5,-1.3777,-2.6209,-0.7259,Production,28,12,0.1565,0.7607
51-4033.00,"Grinding, Lapping, Polishing, and Buffing Machine Tool Setters, Operators, and Tenders, Metal and Plastic",2025,29.2,-1.1708,-1.5287,-0.3881,Production,33,6,0.1084,0.814
51-4033.00,"Grinding, Lapping, Polishing, and Buffing Machine Tool Setters, Operators, and Tenders, Metal and Plastic",2026,31.53,-0.9873,-0.9873,-0.1336,Production,34,3,0.0718,0.8408
51-4034.00,"Lathe and Turning Machine Tool Setters, Operators, and Tenders, Metal and Plastic",2020,20.81,-1.1324,-3.4784,-0.2468,Production,26,16,0.2551,0.6796
51-4034.00,"Lathe and Turning Machine Tool Setters, Operators, and Tenders, Metal and Plastic",2021,20.41,-1.3051,-3.5713,-0.3755,Production,24,18,0.3155,0.6267
51-4034.00,"Lathe and Turning Machine Tool Setters, Operators, and Tenders, Metal and Plastic",2022,20.35,-0.9702,-3.5852,-0.0073,Production,25,18,0.2788,0.6529
51-4034.00,"Lathe and Turning Machine Tool Setters, Operators, and Tenders, Metal and Plastic",2023,23.36,-0.8425,-2.8858,0.3341,Production,26,15,0.2349,0.6928
51-4034.00,"Lathe and Turning Machine Tool Setters, Operators, and Tenders, Metal and Plastic",2024,26.18,-0.9997,-2.2305,0.0729,Production,28,12,0.1506,0.7667
51-4034.00,"Lathe and Turning Machine Tool Setters, Operators, and Tenders, Metal and Plastic",2025,29.94,-1.0031,-1.3568,-0.0413,Production,32,6,0.107,0.8044
51-4034.00,"Lathe and Turning Machine Tool Setters, Operators, and Tenders, Metal and Plastic",2026,31.62,-0.9664,-0.9664,-0.0921,Production,34,3,0.0661,0.8422
51-4035.00,"Milling and Planing Machine Setters, Operators, and Tenders, Metal and Plastic",2020,20.94,-1.0759,-3.4481,-0.1353,Production,26,16,0.2519,0.6836
51-4035.00,"Milling and Planing Machine Setters, Operators, and Tenders, Metal and Plastic",2021,20.51,-1.2714,-3.5481,-0.3135,Production,24,18,0.3309,0.6152
51-4035.00,"Milling and Planing Machine Setters, Operators, and Tenders, Metal and Plastic",2022,19.89,-1.1743,-3.6921,-0.3288,Production,25,18,0.2763,0.657
51-4035.00,"Milling and Planing Machine Setters, Operators, and Tenders, Metal and Plastic",2023,23.06,-0.9227,-2.9555,0.1815,Production,26,15,0.2433,0.6852
51-4035.00,"Milling and Planing Machine Setters, Operators, and Tenders, Metal and Plastic",2024,25.74,-1.0987,-2.3327,-0.1363,Production,29,12,0.1564,0.7698
51-4035.00,"Milling and Planing Machine Setters, Operators, and Tenders, Metal and Plastic",2025,30.16,-0.9532,-1.3056,0.0618,Production,33,6,0.1029,0.8174
51-4035.00,"Milling and Planing Machine Setters, Operators, and Tenders, Metal and Plastic",2026,32.18,-0.8362,-0.8362,0.1664,Production,34,3,0.067,0.8417
51-4041.00,Machinists,2020,21.08,-1.0151,-3.4156,-0.0153,Production,27,16,0.27,0.67
51-4041.00,Machinists,2021,20.8,-1.174,-3.4807,-0.1337,Production,24,18,0.3499,0.5876
51-4041.00,Machinists,2022,20.96,-0.6996,-3.4435,0.419,Production,26,18,0.2928,0.6475
51-4041.00,Machinists,2023,23.65,-0.765,-2.8184,0.4816,Production,28,15,0.237,0.703
51-4041.00,Machinists,2024,26.36,-0.9592,-2.1887,0.1585,Production,30,12,0.1729,0.7511
51-4041.00,Machinists,2025,30.48,-0.8806,-1.2313,0.2118,Production,34,6,0.1048,0.8131
51-4041.00,Machinists,2026,32.27,-0.8153,-0.8153,0.208,Production,35,3,0.0794,0.8286
51-4051.00,Metal-Refining Furnace Operators and Tenders,2020,19.78,-1.5798,-3.7177,-1.1298,Production,28,16,0.2888,0.6477
51-4051.00,Metal-Refining Furnace Operators and Tenders,2021,19.06,-1.7587,-3.885,-1.2122,Production,26,18,0.331,0.6055
51-4051.00,Metal-Refining Furnace Operators and Tenders,2022,19.02,-1.5603,-3.8943,-0.9369,Production,27,18,0.3193,0.621
51-4051.00,Metal-Refining Furnace Operators and Tenders,2023,20.79,-1.5296,-3.483,-0.9729,Production,28,15,0.2561,0.6699
51-4051.00,Metal-Refining Furnace Operators and Tenders,2024,24.07,-1.4745,-2.7208,-0.9303,Production,30,12,0.2015,0.7191
51-4051.00,Metal-Refining Furnace Operators and Tenders,2025,28.26,-1.384,-1.7471,-0.8286,Production,35,6,0.1026,0.8152
51-4051.00,Metal-Refining Furnace Operators and Tenders,2026,30.0,-1.3428,-1.3428,-0.8398,Production,37,3,0.0558,0.855
51-4052.00,"Pourers and Casters, Metal",2020,20.27,-1.367,-3.6038,-0.7097,Production,27,16,0.2548,0.6784
51-4052.00,"Pourers and Casters, Metal",2021,19.83,-1.5,-3.7061,-0.7349,Production,26,18,0.3351,0.6076
51-4052.00,"Pourers and Casters, Metal",2022,19.31,-1.4316,-3.8269,-0.7342,Production,25,18,0.3022,0.6299
51-4052.00,"Pourers and Casters, Metal",2023,21.02,-1.4681,-3.4296,-0.856,Production,28,15,0.2649,0.6701
51-4052.00,"Pourers and Casters, Metal",2024,24.8,-1.3102,-2.5512,-0.5832,Production,30,12,0.1799,0.745
51-4052.00,"Pourers and Casters, Metal",2025,27.94,-1.4565,-1.8215,-0.9786,Production,34,6,0.1071,0.806
51-4052.00,"Pourers and Casters, Metal",2026,29.71,-1.4102,-1.4102,-0.9737,Production,37,3,0.0623,0.8521
51-4061.00,"Model Makers, Metal and Plastic",2020,20.59,-1.228,-3.5295,-0.4354,Production,25,16,0.2574,0.6696
51-4061.00,"Model Makers, Metal and Plastic",2021,21.1,-1.0732,-3.411,0.0522,Production,23,18,0.344,0.5972
51-4061.00,"Model Makers, Metal and Plastic",2022,20.44,-0.9303,-3.5643,0.0556,Production,24,18,0.2877,0.6426
51-4061.00,"Model Makers, Metal and Plastic",2023,23.15,-0.8987,-2.9346,0.2273,Production,26,15,0.2404,0.6906
51-4061.00,"Model Makers, Metal and Plastic",2024,25.74,-1.0987,-2.3327,-0.1363,Production,29,12,0.1625,0.767
51-4061.00,"Model Makers, Metal and Plastic",2025,30.85,-0.7967,-1.1453,0.3852,Production,32,6,0.1066,0.807
51-4061.00,"Model Makers, Metal and Plastic",2026,32.24,-0.8223,-0.8223,0.1941,Production,34,3,0.0745,0.8425
51-4062.00,"Patternmakers, Metal and Plastic",2020,22.11,-0.5676,-3.1763,0.8677,Production,25,16,0.2443,0.6855
51-4062.00,"Patternmakers, Metal and Plastic",2021,22.34,-0.6565,-3.1228,0.8207,Production,23,18,0.345,0.5939
51-4062.00,"Patternmakers, Metal and Plastic",2022,21.23,-0.5798,-3.3808,0.6077,Production,25,18,0.2804,0.6616
51-4062.00,"Patternmakers, Metal and Plastic",2023,23.53,-0.7971,-2.8463,0.4205,Production,26,15,0.2392,0.6892
51-4062.00,"Patternmakers, Metal and Plastic",2024,27.11,-0.7904,-2.0144,0.515,Production,28,12,0.1717,0.7508
51-4062.00,"Patternmakers, Metal and Plastic",2025,30.85,-0.7967,-1.1453,0.3852,Production,32,6,0.083,0.8318
51-4062.00,"Patternmakers, Metal and Plastic",2026,33.2,-0.5992,-0.5992,0.6372,Production,34,3,0.0606,0.8563
51-4071.00,Foundry Mold and Coremakers,2020,18.93,-1.9491,-3.9152,-1.8584,Production,25,16,0.2606,0.6684
51-4071.00,Foundry Mold and Coremakers,2021,18.28,-2.0208,-4.0663,-1.6956,Production,24,18,0.352,0.5923
51-4071.00,Foundry Mold and Coremakers,2022,18.35,-1.8576,-4.05,-1.4051,Production,24,18,0.2956,0.6367
51-4071.00,Foundry Mold and Coremakers,2023,19.66,-1.8317,-3.7456,-1.5476,Production,26,15,0.2644,0.6699
51-4071.00,Foundry Mold and Coremakers,2024,22.92,-1.7332,-2.988,-1.4771,Production,28,12,0.197,0.7317
51-4071.00,Foundry Mold and Coremakers,2025,26.36,-1.8147,-2.1887,-1.719,Production,33,6,0.1203,0.7998
51-4071.00,Foundry Mold and Coremakers,2026,27.86,-1.8401,-1.8401,-1.8276,Production,34,3,0.058,0.851
51-4072.00,"Molding, Coremaking, and Casting Machine Setters, Operators, and Tenders, Metal and Plastic",2020,21.11,-1.002,-3.4086,0.0104,Production,26,16,0.2757,0.6534
51-4072.00,"Molding, Coremaking, and Casting Machine Setters, Operators, and Tenders, Metal and Plastic",2021,20.85,-1.1572,-3.4691,-0.1028,Production,24,18,0.3398,0.5964
51-4072.00,"Molding, Coremaking, and Casting Machine Setters, Operators, and Tenders, Metal and Plastic",2022,20.34,-0.9747,-3.5876,-0.0143,Production,25,18,0.3039,0.6316
51-4072.00,"Molding, Coremaking, and Casting Machine Setters, Operators, and Tenders, Metal and Plastic",2023,22.08,-1.1847,-3.1832,-0.3169,Production,27,15,0.2679,0.6694
51-4072.00,"Molding, Coremaking, and Casting Machine Setters, Operators, and Tenders, Metal and Plastic",2024,25.18,-1.2247,-2.4629,-0.4026,Production,29,12,0.19,0.7325
51-4072.00,"Molding, Coremaking, and Casting Machine Setters, Operators, and Tenders, Metal and Plastic",2025,28.11,-1.418,-1.782,-0.8989,Production,34,6,0.1145,0.8036
51-4072.00,"Molding, Coremaking, and Casting Machine Setters, Operators, and Tenders, Metal and Plastic",2026,29.57,-1.4427,-1.4427,-1.0383,Production,36,3,0.0655,0.8514
51-4081.00,"Multiple Machine Tool Setters, Operators, and Tenders, Metal and Plastic",2020,20.91,-1.0889,-3.4551,-0.161,Production,25,16,0.2638,0.6631
51-4081.00,"Multiple Machine Tool Setters, Operators, and Tenders, Metal and Plastic",2021,20.82,-1.1673,-3.476,-0.1213,Production,24,18,0.3381,0.6052
51-4081.00,"Multiple Machine Tool Setters, Operators, and Tenders, Metal and Plastic",2022,20.46,-0.9214,-3.5597,0.0696,Production,24,18,0.2941,0.6362
51-4081.00,"Multiple Machine Tool Setters, Operators, and Tenders, Metal and Plastic",2023,22.72,-1.0136,-3.0345,0.0086,Production,26,15,0.2385,0.6898
51-4081.00,"Multiple Machine Tool Setters, Operators, and Tenders, Metal and Plastic",2024,26.01,-1.0379,-2.27,-0.008,Production,28,12,0.1697,0.7483
51-4081.00,"Multiple Machine Tool Setters, Operators, and Tenders, Metal and Plastic",2025,30.6,-0.8534,-1.2034,0.268,Production,32,6,0.0912,0.8213
51-4081.00,"Multiple Machine Tool Setters, Operators, and Tenders, Metal and Plastic",2026,32.04,-0.8688,-0.8688,0.1018,Production,34,3,0.0581,0.8543
51-4111.00,Tool and Die Makers,2020,21.36,-0.8934,-3.3505,0.2247,Production,25,16,0.2413,0.6912
51-4111.00,Tool and Die Makers,2021,21.83,-0.8279,-3.2413,0.5046,Production,23,18,0.3271,0.6122
51-4111.00,Tool and Die Makers,2022,21.1,-0.6375,-3.411,0.5169,Production,24,18,0.2744,0.6604
51-4111.00,Tool and Die Makers,2023,24.22,-0.6126,-2.6859,0.7715,Production,26,15,0.2255,0.709
51-4111.00,Tool and Die Makers,2024,27.86,-0.6217,-1.8401,0.8716,Production,28,12,0.1455,0.7803
51-4111.00,Tool and Die Makers,2025,32.71,-0.375,-0.7131,1.2569,Production,32,6,0.0844,0.8333
51-4111.00,Tool and Die Makers,2026,34.28,-0.3482,-0.3482,1.1357,Production,33,3,0.0601,0.8485
51-4121.00,"Welders, Cutters, Solderers, and Brazers",2020,20.25,-1.3757,-3.6085,-0.7268,Production,26,16,0.2464,0.6814
51-4121.00,"Welders, Cutters, Solderers, and Brazers",2021,19.53,-1.6008,-3.7758,-0.9209,Production,25,18,0.323,0.616
51-4121.00,"Welders, Cutters, Solderers, and Brazers",2022,19.26,-1.4538,-3.8385,-0.7691,Production,25,18,0.2943,0.6444
51-4121.00,"Welders, Cutters, Solderers, and Brazers",2023,21.33,-1.3852,-3.3575,-0.6983,Production,28,15,0.2372,0.6979
51-4121.00,"Welders, Cutters, Solderers, and Brazers",2024,25.32,-1.1932,-2.4303,-0.336,Production,29,12,0.1789,0.7391
51-4121.00,"Welders, Cutters, Solderers, and Brazers",2025,28.17,-1.4044,-1.7681,-0.8708,Production,34,6,0.1053,0.8068
51-4121.00,"Welders, Cutters, Solderers, and Brazers",2026,29.71,-1.4102,-1.4102,-0.9737,Production,36,3,0.0691,0.8414
51-4122.00,"Welding, Soldering, and Brazing Machine Setters, Operators, and Tenders",2020,21.38,-0.8848,-3.3459,0.2419,Production,25,16,0.2494,0.6766
51-4122.00,"Welding, Soldering, and Brazing Machine Setters, Operators, and Tenders",2021,20.58,-1.2479,-3.5318,-0.2701,Production,24,18,0.3062,0.6346
51-4122.00,"Welding, Soldering, and Brazing Machine Setters, Operators, and Tenders",2022,20.56,-0.8771,-3.5364,0.1395,Production,24,18,0.2806,0.6503
51-4122.00,"Welding, Soldering, and Brazing Machine Setters, Operators, and Tenders",2023,22.37,-1.1072,-3.1158,-0.1694,Production,26,15,0.2213,0.706
51-4122.00,"Welding, Soldering, and Brazing Machine Setters, Operators, and Tenders",2024,25.56,-1.1392,-2.3746,-0.2219,Production,28,12,0.1476,0.7737
51-4122.00,"Welding, Soldering, and Brazing Machine Setters, Operators, and Tenders",2025,29.02,-1.2117,-1.5705,-0.4724,Production,32,6,0.0998,0.812
51-4122.00,"Welding, Soldering, and Brazing Machine Setters, Operators, and Tenders",2026,30.96,-1.1197,-1.1197,-0.3967,Production,34,3,0.0612,0.8482
51-4191.00,"Heat Treating Equipment Setters, Operators, and Tenders, Metal and Plastic",2020,20.23,-1.3843,-3.6131,-0.744,Production,27,16,0.2656,0.6626
51-4191.00,"Heat Treating Equipment Setters, Operators, and Tenders, Metal and Plastic",2021,19.45,-1.6277,-3.7944,-0.9704,Production,25,18,0.332,0.6048
51-4191.00,"Heat Treating Equipment Setters, Operators, and Tenders, Metal and Plastic",2022,19.43,-1.3784,-3.799,-0.6503,Production,26,18,0.3008,0.6325
51-4191.00,"Heat Treating Equipment Setters, Operators, and Tenders, Metal and Plastic",2023,21.89,-1.2355,-3.2274,-0.4135,Production,28,15,0.2644,0.674
51-4191.00,"Heat Treating Equipment Setters, Operators, and Tenders, Metal and Plastic",2024,24.2,-1.4452,-2.6906,-0.8685,Production,29,12,0.1889,0.7316
51-4191.00,"Heat Treating Equipment Setters, Operators, and Tenders, Metal and Plastic",2025,28.41,-1.35,-1.7123,-0.7583,Production,34,6,0.1099,0.811
51-4191.00,"Heat Treating Equipment Setters, Operators, and Tenders, Metal and Plastic",2026,29.83,-1.3823,-1.3823,-0.9183,Production,35,3,0.059,0.8472
51-4192.00,"Layout Workers, Metal and Plastic",2020,21.86,-0.6762,-3.2344,0.6534,Production,25,16,0.2221,0.7009
51-4192.00,"Layout Workers, Metal and Plastic",2021,21.77,-0.848,-3.2553,0.4674,Production,23,18,0.3418,0.594
51-4192.00,"Layout Workers, Metal and Plastic",2022,22.01,-0.2337,-3.1995,1.1529,Production,24,18,0.2509,0.6788
51-4192.00,"Layout Workers, Metal and Plastic",2023,25.19,-0.3533,-2.4605,1.2648,Production,26,15,0.2329,0.7012
51-4192.00,"Layout Workers, Metal and Plastic",2024,28.22,-0.5407,-1.7564,1.0428,Production,28,12,0.1685,0.7573
51-4192.00,"Layout Workers, Metal and Plastic",2025,31.47,-0.6562,-1.0012,0.6758,Production,32,6,0.0949,0.8229
51-4192.00,"Layout Workers, Metal and Plastic",2026,33.28,-0.5806,-0.5806,0.6741,Production,33,3,0.0658,0.8419
51-4193.00,"Plating Machine Setters, Operators, and Tenders, Metal and Plastic",2020,22.11,-0.5676,-3.1763,0.8677,Production,25,16,0.2545,0.6835
51-4193.00,"Plating Machine Setters, Operators, and Tenders, Metal and Plastic",2021,21.96,-0.7842,-3.2111,0.5852,Production,22,18,0.3293,0.6067
51-4193.00,"Plating Machine Setters, Operators, and Tenders, Metal and Plastic",2022,20.95,-0.704,-3.4458,0.412,Production,24,18,0.288,0.6558
51-4193.00,"Plating Machine Setters, Operators, and Tenders, Metal and Plastic",2023,22.78,-0.9976,-3.0206,0.0391,Production,25,15,0.2652,0.6688
51-4193.00,"Plating Machine Setters, Operators, and Tenders, Metal and Plastic",2024,26.55,-0.9164,-2.1445,0.2488,Production,27,12,0.1702,0.7515
51-4193.00,"Plating Machine Setters, Operators, and Tenders, Metal and Plastic",2025,31.03,-0.7559,-1.1035,0.4696,Production,31,6,0.1045,0.8073
51-4193.00,"Plating Machine Setters, Operators, and Tenders, Metal and Plastic",2026,32.28,-0.813,-0.813,0.2126,Production,33,3,0.0638,0.8485
51-4194.00,"Tool Grinders, Filers, and Sharpeners",2020,21.31,-0.9152,-3.3622,0.1819,Production,26,16,0.2621,0.6755
51-4194.00,"Tool Grinders, Filers, and Sharpeners",2021,21.14,-1.0597,-3.4017,0.077,Production,23,18,0.3643,0.5723
51-4194.00,"Tool Grinders, Filers, and Sharpeners",2022,21.8,-0.3269,-3.2483,1.0061,Production,25,18,0.284,0.6551
51-4194.00,"Tool Grinders, Filers, and Sharpeners",2023,24.2,-0.618,-2.6906,0.7613,Production,26,15,0.2382,0.6931
51-4194.00,"Tool Grinders, Filers, and Sharpeners",2024,26.75,-0.8714,-2.098,0.3439,Production,29,12,0.1826,0.7455
51-4194.00,"Tool Grinders, Filers, and Sharpeners",2025,30.53,-0.8693,-1.2197,0.2352,Production,32,6,0.1183,0.7957
51-4194.00,"Tool Grinders, Filers, and Sharpeners",2026,32.97,-0.6527,-0.6527,0.5311,Production,34,3,0.0853,0.8328
51-5111.00,Prepress Technicians and Workers,2020,23.06,-0.1549,-2.9555,1.6821,Production,20,16,0.1885,0.7355
51-5111.00,Prepress Technicians and Workers,2021,24.7,0.1366,-2.5744,2.2834,Production,18,18,0.3153,0.6277
51-5111.00,Prepress Technicians and Workers,2022,22.14,-0.1761,-3.1693,1.2437,Production,19,18,0.2534,0.6751
51-5111.00,Prepress Technicians and Workers,2023,25.98,-0.1421,-2.277,1.6666,Production,21,15,0.2158,0.719
51-5111.00,Prepress Technicians and Workers,2024,30.7,0.0174,-1.1801,2.2219,Production,22,12,0.1331,0.7812
51-5111.00,Prepress Technicians and Workers,2025,35.49,0.2553,-0.0671,2.5597,Production,25,6,0.0761,0.8424
51-5111.00,Prepress Technicians and Workers,2026,37.75,0.4581,0.4581,2.7374,Production,25,3,0.0745,0.8424
51-5112.00,Printing Press Operators,2020,21.89,-0.6632,-3.2274,0.6791,Production,25,16,0.2551,0.6848
51-5112.00,Printing Press Operators,2021,21.92,-0.7976,-3.2204,0.5604,Production,22,18,0.3329,0.6066
51-5112.00,Printing Press Operators,2022,20.67,-0.8283,-3.5109,0.2163,Production,24,18,0.2961,0.6456
51-5112.00,Printing Press Operators,2023,23.26,-0.8693,-2.909,0.2832,Production,25,15,0.2532,0.6824
51-5112.00,Printing Press Operators,2024,25.86,-1.0717,-2.3049,-0.0793,Production,28,12,0.169,0.7632
51-5112.00,Printing Press Operators,2025,30.11,-0.9645,-1.3173,0.0384,Production,31,6,0.1029,0.8141
51-5112.00,Printing Press Operators,2026,32.19,-0.8339,-0.8339,0.171,Production,32,3,0.068,0.8399
51-5113.00,Print Binding and Finishing Workers,2020,20.91,-1.0889,-3.4551,-0.161,Production,27,16,0.2484,0.6853
51-5113.00,Print Binding and Finishing Workers,2021,21.17,-1.0496,-3.3947,0.0956,Production,25,18,0.3319,0.61
51-5113.00,Print Binding and Finishing Workers,2022,20.09,-1.0856,-3.6457,-0.189,Production,25,18,0.2884,0.6428
51-5113.00,Print Binding and Finishing Workers,2023,22.28,-1.1313,-3.1368,-0.2152,Production,27,15,0.2531,0.678
51-5113.00,Print Binding and Finishing Workers,2024,25.49,-1.1549,-2.3908,-0.2552,Production,30,12,0.1783,0.7479
51-5113.00,Print Binding and Finishing Workers,2025,29.31,-1.1459,-1.5032,-0.3365,Production,34,6,0.1033,0.8113
51-5113.00,Print Binding and Finishing Workers,2026,31.1,-1.0872,-1.0872,-0.3321,Production,36,3,0.0681,0.8437
51-6011.00,Laundry and Dry-Cleaning Workers,2020,20.1,-1.4408,-3.6433,-0.8554,Production,24,16,0.2492,0.6803
51-6011.00,Laundry and Dry-Cleaning Workers,2021,20.37,-1.3185,-3.5806,-0.4003,Production,22,18,0.3143,0.6318
51-6011.00,Laundry and Dry-Cleaning Workers,2022,19.27,-1.4494,-3.8362,-0.7621,Production,23,18,0.2969,0.643
51-6011.00,Laundry and Dry-Cleaning Workers,2023,21.32,-1.3879,-3.3598,-0.7034,Production,24,15,0.2547,0.681
51-6011.00,Laundry and Dry-Cleaning Workers,2024,24.83,-1.3035,-2.5442,-0.569,Production,26,12,0.1735,0.7439
51-6011.00,Laundry and Dry-Cleaning Workers,2025,29.89,-1.0144,-1.3684,-0.0647,Production,31,6,0.0959,0.8254
51-6011.00,Laundry and Dry-Cleaning Workers,2026,31.64,-0.9617,-0.9617,-0.0828,Production,32,3,0.0616,0.8464
51-6021.00,"Pressers, Textile, Garment, and Related Materials",2020,16.96,-2.8049,-4.373,-3.5472,Production,24,16,0.2725,0.6656
51-6021.00,"Pressers, Textile, Garment, and Related Materials",2021,15.21,-3.0525,-4.7797,-3.5983,Production,21,18,0.3498,0.5883
51-6021.00,"Pressers, Textile, Garment, and Related Materials",2022,15.76,-3.0066,-4.6519,-3.2153,Production,23,18,0.3042,0.6385
51-6021.00,"Pressers, Textile, Garment, and Related Materials",2023,17.54,-2.3985,-4.2382,-2.6258,Production,23,15,0.2528,0.6823
51-6021.00,"Pressers, Textile, Garment, and Related Materials",2024,20.89,-2.19,-3.4598,-2.4422,Production,26,12,0.1766,0.7471
51-6021.00,"Pressers, Textile, Garment, and Related Materials",2025,24.36,-2.2682,-2.6534,-2.6563,Production,29,6,0.1193,0.8014
51-6021.00,"Pressers, Textile, Garment, and Related Materials",2026,27.16,-2.0028,-2.0028,-2.1506,Production,31,3,0.0808,0.8399
51-6031.00,Sewing Machine Operators,2020,19.99,-1.4886,-3.6689,-0.9497,Production,24,16,0.2397,0.6901
51-6031.00,Sewing Machine Operators,2021,20.06,-1.4227,-3.6526,-0.5924,Production,22,18,0.3398,0.6032
51-6031.00,Sewing Machine Operators,2022,19.15,-1.5026,-3.8641,-0.846,Production,23,18,0.2852,0.6467
51-6031.00,Sewing Machine Operators,2023,20.97,-1.4815,-3.4412,-0.8814,Production,24,15,0.2284,0.7011
51-6031.00,Sewing Machine Operators,2024,24.79,-1.3125,-2.5535,-0.588,Production,26,12,0.1517,0.7638
51-6031.00,Sewing Machine Operators,2025,28.43,-1.3454,-1.7076,-0.7489,Production,29,6,0.1059,0.8062
51-6031.00,Sewing Machine Operators,2026,30.74,-1.1709,-1.1709,-0.4982,Production,31,3,0.0837,0.8311
51-6041.00,Shoe and Leather Workers and Repairers,2020,21.1,-1.0064,-3.411,0.0018,Production,24,16,0.226,0.7052
51-6041.00,Shoe and Leather Workers and Repairers,2021,21.63,-0.8951,-3.2878,0.3807,Production,22,18,0.3293,0.6149
51-6041.00,Shoe and Leather Workers and Repairers,2022,20.29,-0.9968,-3.5992,-0.0493,Production,23,18,0.2699,0.6645
51-6041.00,Shoe and Leather Workers and Repairers,2023,22.73,-1.011,-3.0322,0.0137,Production,25,15,0.2237,0.7111
51-6041.00,Shoe and Leather Workers and Repairers,2024,26.6,-0.9052,-2.1329,0.2726,Production,27,12,0.1625,0.7585
51-6041.00,Shoe and Leather Workers and Repairers,2025,30.25,-0.9328,-1.2847,0.104,Production,31,6,0.0917,0.8274
51-6041.00,Shoe and Leather Workers and Repairers,2026,32.44,-0.7758,-0.7758,0.2864,Production,32,3,0.0692,0.8429
51-6042.00,Shoe Machine Operators and Tenders,2020,20.06,-1.4582,-3.6526,-0.8897,Production,24,16,0.2464,0.6851
51-6042.00,Shoe Machine Operators and Tenders,2021,20.07,-1.4193,-3.6503,-0.5862,Production,22,18,0.3205,0.6201
51-6042.00,Shoe Machine Operators and Tenders,2022,18.73,-1.689,-3.9617,-1.1395,Production,23,18,0.2749,0.6562
51-6042.00,Shoe Machine Operators and Tenders,2023,20.7,-1.5537,-3.5039,-1.0187,Production,24,15,0.2261,0.6977
51-6042.00,Shoe Machine Operators and Tenders,2024,23.85,-1.524,-2.7719,-1.0349,Production,27,12,0.1484,0.7725
51-6042.00,Shoe Machine Operators and Tenders,2025,28.36,-1.3613,-1.7239,-0.7817,Production,31,6,0.0953,0.8242
51-6042.00,Shoe Machine Operators and Tenders,2026,30.44,-1.2406,-1.2406,-0.6367,Production,32,3,0.0712,0.8404
51-6051.00,"Sewers, Hand",2020,22.31,-0.4807,-3.1298,1.0391,Production,21,16,0.2132,0.711
51-6051.00,"Sewers, Hand",2021,21.78,-0.8447,-3.2529,0.4736,Production,20,18,0.4123,0.5355
51-6051.00,"Sewers, Hand",2022,21.45,-0.4822,-3.3296,0.7615,Production,20,18,0.268,0.6589
51-6051.00,"Sewers, Hand",2023,22.71,-1.0163,-3.0368,0.0035,Production,22,15,0.2193,0.7076
51-6051.00,"Sewers, Hand",2024,26.51,-0.9254,-2.1538,0.2298,Production,25,12,0.1737,0.7502
51-6051.00,"Sewers, Hand",2025,31.12,-0.7355,-1.0826,0.5117,Production,27,6,0.1271,0.7882
51-6051.00,"Sewers, Hand",2026,33.63,-0.4993,-0.4993,0.8357,Production,28,3,0.1159,0.8
51-6052.00,"Tailors, Dressmakers, and Custom Sewers",2020,21.61,-0.7848,-3.2925,0.439,Production,22,16,0.2364,0.6893
51-6052.00,"Tailors, Dressmakers, and Custom Sewers",2021,21.31,-1.0026,-3.3622,0.1823,Production,20,18,0.3581,0.5799
51-6052.00,"Tailors, Dressmakers, and Custom Sewers",2022,19.75,-1.2364,-3.7247,-0.4267,Production,21,18,0.2821,0.6487
51-6052.00,"Tailors, Dressmakers, and Custom Sewers",2023,22.03,-1.1981,-3.1949,-0.3423,Production,23,15,0.2265,0.7066
51-6052.00,"Tailors, Dressmakers, and Custom Sewers",2024,25.69,-1.1099,-2.3444,-0.1601,Production,25,12,0.1626,0.7536
51-6052.00,"Tailors, Dressmakers, and Custom Sewers",2025,31.38,-0.6766,-1.0221,0.6336,Production,28,6,0.1036,0.8119
51-6052.00,"Tailors, Dressmakers, and Custom Sewers",2026,32.73,-0.7084,-0.7084,0.4203,Production,29,3,0.0928,0.823
51-6061.00,Textile Bleaching and Dyeing Machine Operators and Tenders,2020,19.95,-1.506,-3.6782,-0.984,Production,26,16,0.2706,0.6662
51-6061.00,Textile Bleaching and Dyeing Machine Operators and Tenders,2021,19.77,-1.5201,-3.72,-0.7721,Production,24,18,0.3501,0.5967
51-6061.00,Textile Bleaching and Dyeing Machine Operators and Tenders,2022,20.1,-1.0811,-3.6433,-0.182,Production,25,18,0.3179,0.6206
51-6061.00,Textile Bleaching and Dyeing Machine Operators and Tenders,2023,21.93,-1.2248,-3.2181,-0.3932,Production,26,15,0.2685,0.6585
51-6061.00,Textile Bleaching and Dyeing Machine Operators and Tenders,2024,25.67,-1.1144,-2.349,-0.1696,Production,29,12,0.1828,0.7436
51-6061.00,Textile Bleaching and Dyeing Machine Operators and Tenders,2025,29.7,-1.0575,-1.4125,-0.1537,Production,33,6,0.1093,0.8054
51-6061.00,Textile Bleaching and Dyeing Machine Operators and Tenders,2026,31.63,-0.964,-0.964,-0.0874,Production,35,3,0.0711,0.8442
51-6062.00,"Textile Cutting Machine Setters, Operators, and Tenders",2020,19.89,-1.5321,-3.6921,-1.0355,Production,26,16,0.2444,0.689
51-6062.00,"Textile Cutting Machine Setters, Operators, and Tenders",2021,19.65,-1.5605,-3.7479,-0.8465,Production,24,18,0.3248,0.6161
51-6062.00,"Textile Cutting Machine Setters, Operators, and Tenders",2022,19.87,-1.1832,-3.6968,-0.3428,Production,24,18,0.2839,0.6472
51-6062.00,"Textile Cutting Machine Setters, Operators, and Tenders",2023,20.98,-1.4788,-3.4389,-0.8763,Production,26,15,0.2423,0.6904
51-6062.00,"Textile Cutting Machine Setters, Operators, and Tenders",2024,24.0,-1.4902,-2.7371,-0.9636,Production,29,12,0.1689,0.7589
51-6062.00,"Textile Cutting Machine Setters, Operators, and Tenders",2025,27.66,-1.52,-1.8866,-1.1098,Production,33,6,0.1028,0.8165
51-6062.00,"Textile Cutting Machine Setters, Operators, and Tenders",2026,29.15,-1.5403,-1.5403,-1.2321,Production,34,3,0.0645,0.844
51-6063.00,"Textile Knitting and Weaving Machine Setters, Operators, and Tenders",2020,19.98,-1.493,-3.6712,-0.9583,Production,24,16,0.2506,0.688
51-6063.00,"Textile Knitting and Weaving Machine Setters, Operators, and Tenders",2021,19.6,-1.5773,-3.7595,-0.8775,Production,21,18,0.3544,0.5838
51-6063.00,"Textile Knitting and Weaving Machine Setters, Operators, and Tenders",2022,19.33,-1.4228,-3.8223,-0.7202,Production,23,18,0.2951,0.6464
51-6063.00,"Textile Knitting and Weaving Machine Setters, Operators, and Tenders",2023,20.91,-1.4975,-3.4551,-0.9119,Production,24,15,0.2596,0.6808
51-6063.00,"Textile Knitting and Weaving Machine Setters, Operators, and Tenders",2024,23.64,-1.5712,-2.8207,-1.1348,Production,26,12,0.1734,0.7489
51-6063.00,"Textile Knitting and Weaving Machine Setters, Operators, and Tenders",2025,28.76,-1.2706,-1.631,-0.5943,Production,29,6,0.1116,0.8092
51-6063.00,"Textile Knitting and Weaving Machine Setters, Operators, and Tenders",2026,30.3,-1.2731,-1.2731,-0.7013,Production,30,3,0.0809,0.8297
51-6064.00,"Textile Winding, Twisting, and Drawing Out Machine Setters, Operators, and Tenders",2020,18.68,-2.0577,-3.9733,-2.0727,Production,26,16,0.2691,0.6737
51-6064.00,"Textile Winding, Twisting, and Drawing Out Machine Setters, Operators, and Tenders",2021,17.77,-2.1922,-4.1848,-2.0117,Production,23,18,0.3582,0.584
51-6064.00,"Textile Winding, Twisting, and Drawing Out Machine Setters, Operators, and Tenders",2022,19.13,-1.5115,-3.8687,-0.86,Production,24,18,0.3068,0.6252
51-6064.00,"Textile Winding, Twisting, and Drawing Out Machine Setters, Operators, and Tenders",2023,19.99,-1.7435,-3.6689,-1.3798,Production,25,15,0.2759,0.6583
51-6064.00,"Textile Winding, Twisting, and Drawing Out Machine Setters, Operators, and Tenders",2024,22.81,-1.758,-3.0136,-1.5294,Production,28,12,0.1984,0.7281
51-6064.00,"Textile Winding, Twisting, and Drawing Out Machine Setters, Operators, and Tenders",2025,26.34,-1.8193,-2.1933,-1.7284,Production,32,6,0.1365,0.7876
51-6064.00,"Textile Winding, Twisting, and Drawing Out Machine Setters, Operators, and Tenders",2026,28.03,-1.8006,-1.8006,-1.7491,Production,33,3,0.087,0.8255
51-6091.00,"Extruding and Forming Machine Setters, Operators, and Tenders, Synthetic and Glass Fibers",2020,20.84,-1.1193,-3.4714,-0.221,Production,26,16,0.2582,0.6712
51-6091.00,"Extruding and Forming Machine Setters, Operators, and Tenders, Synthetic and Glass Fibers",2021,20.29,-1.3454,-3.5992,-0.4498,Production,24,18,0.3216,0.6165
51-6091.00,"Extruding and Forming Machine Setters, Operators, and Tenders, Synthetic and Glass Fibers",2022,19.9,-1.1699,-3.6898,-0.3218,Production,25,18,0.2918,0.6442
51-6091.00,"Extruding and Forming Machine Setters, Operators, and Tenders, Synthetic and Glass Fibers",2023,21.65,-1.2997,-3.2832,-0.5356,Production,27,15,0.2494,0.6856
51-6091.00,"Extruding and Forming Machine Setters, Operators, and Tenders, Synthetic and Glass Fibers",2024,25.46,-1.1617,-2.3978,-0.2695,Production,29,12,0.1635,0.7555
51-6091.00,"Extruding and Forming Machine Setters, Operators, and Tenders, Synthetic and Glass Fibers",2025,28.78,-1.2661,-1.6263,-0.5849,Production,33,6,0.1036,0.8107
51-6091.00,"Extruding and Forming Machine Setters, Operators, and Tenders, Synthetic and Glass Fibers",2026,30.96,-1.1197,-1.1197,-0.3967,Production,35,3,0.0703,0.8424
51-6092.00,Fabric and Apparel Patternmakers,2020,22.71,-0.307,-3.0368,1.382,Production,23,16,0.2527,0.6818
51-6092.00,Fabric and Apparel Patternmakers,2021,24.02,-0.0919,-2.7324,1.8619,Production,20,18,0.3684,0.5719
51-6092.00,Fabric and Apparel Patternmakers,2022,23.54,0.4451,-2.844,2.2222,Production,22,18,0.2819,0.6555
51-6092.00,Fabric and Apparel Patternmakers,2023,26.98,0.1252,-2.0446,2.1751,Production,22,15,0.2356,0.6885
51-6092.00,Fabric and Apparel Patternmakers,2024,30.93,0.0691,-1.1267,2.3313,Production,25,12,0.1696,0.7482
51-6092.00,Fabric and Apparel Patternmakers,2025,34.46,0.0217,-0.3064,2.077,Production,28,6,0.0834,0.8308
51-6092.00,Fabric and Apparel Patternmakers,2026,36.34,0.1305,0.1305,2.0865,Production,29,3,0.0683,0.843
51-6093.00,Upholsterers,2020,19.64,-1.6407,-3.7502,-1.2498,Production,27,16,0.2596,0.6773
51-6093.00,Upholsterers,2021,19.53,-1.6008,-3.7758,-0.9209,Production,25,18,0.3851,0.5589
51-6093.00,Upholsterers,2022,18.69,-1.7067,-3.971,-1.1675,Production,26,18,0.3117,0.6296
51-6093.00,Upholsterers,2023,20.62,-1.5751,-3.5225,-1.0594,Production,27,15,0.2604,0.6667
51-6093.00,Upholsterers,2024,23.65,-1.569,-2.8184,-1.13,Production,30,12,0.2099,0.7226
51-6093.00,Upholsterers,2025,28.66,-1.2933,-1.6542,-0.6411,Production,34,6,0.1188,0.7982
51-6093.00,Upholsterers,2026,30.19,-1.2987,-1.2987,-0.7521,Production,36,3,0.0728,0.8406
51-7011.00,Cabinetmakers and Bench Carpenters,2020,19.95,-1.506,-3.6782,-0.984,Production,27,16,0.2704,0.6651
51-7011.00,Cabinetmakers and Bench Carpenters,2021,19.25,-1.6949,-3.8409,-1.0944,Production,25,18,0.3675,0.58
51-7011.00,Cabinetmakers and Bench Carpenters,2022,19.19,-1.4849,-3.8548,-0.8181,Production,26,18,0.2994,0.64
51-7011.00,Cabinetmakers and Bench Carpenters,2023,20.19,-1.69,-3.6224,-1.2781,Production,27,15,0.2561,0.67
51-7011.00,Cabinetmakers and Bench Carpenters,2024,24.15,-1.4565,-2.7022,-0.8923,Production,30,12,0.2062,0.7242
51-7011.00,Cabinetmakers and Bench Carpenters,2025,27.89,-1.4679,-1.8331,-1.002,Production,34,6,0.1211,0.7948
51-7011.00,Cabinetmakers and Bench Carpenters,2026,29.26,-1.5148,-1.5148,-1.1814,Production,36,3,0.0714,0.8418
51-7021.00,Furniture Finishers,2020,20.96,-1.0672,-3.4435,-0.1182,Production,25,16,0.2641,0.6716
51-7021.00,Furniture Finishers,2021,20.68,-1.2143,-3.5086,-0.2081,Production,23,18,0.3874,0.5593
51-7021.00,Furniture Finishers,2022,20.13,-1.0678,-3.6364,-0.1611,Production,24,18,0.3262,0.6153
51-7021.00,Furniture Finishers,2023,21.69,-1.289,-3.2739,-0.5152,Production,25,15,0.2883,0.6453
51-7021.00,Furniture Finishers,2024,25.25,-1.209,-2.4466,-0.3693,Production,28,12,0.2025,0.7243
51-7021.00,Furniture Finishers,2025,28.61,-1.3046,-1.6658,-0.6646,Production,32,6,0.1146,0.8021
51-7021.00,Furniture Finishers,2026,30.21,-1.294,-1.294,-0.7429,Production,34,3,0.0714,0.8447
51-7031.00,"Model Makers, Wood",2020,21.02,-1.0411,-3.4296,-0.0667,Production,25,16,0.2498,0.6789
51-7031.00,"Model Makers, Wood",2021,21.4,-0.9724,-3.3413,0.2381,Production,23,18,0.3558,0.586
51-7031.00,"Model Makers, Wood",2022,21.0,-0.6818,-3.4342,0.447,Production,25,18,0.2769,0.6643
51-7031.00,"Model Makers, Wood",2023,23.41,-0.8292,-2.8742,0.3595,Production,26,15,0.2373,0.6946
51-7031.00,"Model Makers, Wood",2024,26.57,-0.9119,-2.1399,0.2583,Production,28,12,0.1699,0.7486
51-7031.00,"Model Makers, Wood",2025,31.1,-0.7401,-1.0872,0.5024,Production,32,6,0.1049,0.8132
51-7031.00,"Model Makers, Wood",2026,32.58,-0.7433,-0.7433,0.3511,Production,33,3,0.0805,0.8282
51-7032.00,"Patternmakers, Wood",2020,21.01,-1.0455,-3.4319,-0.0753,Production,26,16,0.2593,0.6799
51-7032.00,"Patternmakers, Wood",2021,20.48,-1.2815,-3.555,-0.3321,Production,23,18,0.3489,0.5885
51-7032.00,"Patternmakers, Wood",2022,20.76,-0.7883,-3.49,0.2792,Production,25,18,0.2867,0.6539
51-7032.00,"Patternmakers, Wood",2023,23.18,-0.8907,-2.9276,0.2425,Production,26,15,0.2346,0.6903
51-7032.00,"Patternmakers, Wood",2024,26.11,-1.0154,-2.2468,0.0396,Production,29,12,0.1689,0.758
51-7032.00,"Patternmakers, Wood",2025,30.17,-0.9509,-1.3033,0.0665,Production,33,6,0.1023,0.8197
51-7032.00,"Patternmakers, Wood",2026,32.1,-0.8548,-0.8548,0.1295,Production,34,3,0.0684,0.8448
51-7041.00,"Sawing Machine Setters, Operators, and Tenders, Wood",2020,20.8,-1.1367,-3.4807,-0.2553,Production,25,16,0.2616,0.6694
51-7041.00,"Sawing Machine Setters, Operators, and Tenders, Wood",2021,19.91,-1.4731,-3.6875,-0.6853,Production,23,18,0.3329,0.6072
51-7041.00,"Sawing Machine Setters, Operators, and Tenders, Wood",2022,19.93,-1.1566,-3.6828,-0.3009,Production,24,18,0.3002,0.6315
51-7041.00,"Sawing Machine Setters, Operators, and Tenders, Wood",2023,21.6,-1.3131,-3.2948,-0.561,Production,25,15,0.2518,0.6778
51-7041.00,"Sawing Machine Setters, Operators, and Tenders, Wood",2024,24.82,-1.3057,-2.5465,-0.5737,Production,27,12,0.1713,0.7466
51-7041.00,"Sawing Machine Setters, Operators, and Tenders, Wood",2025,28.61,-1.3046,-1.6658,-0.6646,Production,31,6,0.1066,0.8085
51-7041.00,"Sawing Machine Setters, Operators, and Tenders, Wood",2026,30.33,-1.2661,-1.2661,-0.6875,Production,33,3,0.067,0.8459
51-7042.00,"Woodworking Machine Setters, Operators, and Tenders, Except Sawing",2020,20.3,-1.3539,-3.5969,-0.684,Production,26,16,0.2549,0.6817
51-7042.00,"Woodworking Machine Setters, Operators, and Tenders, Except Sawing",2021,20.22,-1.3689,-3.6155,-0.4932,Production,23,18,0.3359,0.599
51-7042.00,"Woodworking Machine Setters, Operators, and Tenders, Except Sawing",2022,18.77,-1.6712,-3.9524,-1.1116,Production,24,18,0.2968,0.6329
51-7042.00,"Woodworking Machine Setters, Operators, and Tenders, Except Sawing",2023,20.68,-1.559,-3.5086,-1.0289,Production,26,15,0.2623,0.6754
51-7042.00,"Woodworking Machine Setters, Operators, and Tenders, Except Sawing",2024,23.52,-1.5982,-2.8486,-1.1918,Production,29,12,0.1665,0.7665
51-7042.00,"Woodworking Machine Setters, Operators, and Tenders, Except Sawing",2025,27.06,-1.656,-2.026,-1.391,Production,32,6,0.11,0.8037
51-7042.00,"Woodworking Machine Setters, Operators, and Tenders, Except Sawing",2026,29.34,-1.4962,-1.4962,-1.1444,Production,34,3,0.0684,0.845
51-8011.00,Nuclear Power Reactor Operators,2020,23.19,-0.0984,-2.9253,1.7935,Production,23,16,0.2075,0.7316
51-8011.00,Nuclear Power Reactor Operators,2021,24.56,0.0896,-2.6069,2.1966,Production,20,18,0.2787,0.6606
51-8011.00,Nuclear Power Reactor Operators,2022,23.44,0.4007,-2.8672,2.1523,Production,22,18,0.2388,0.7002
51-8011.00,Nuclear Power Reactor Operators,2023,27.54,0.2749,-1.9145,2.4599,Production,23,15,0.2269,0.7016
51-8011.00,Nuclear Power Reactor Operators,2024,31.91,0.2896,-0.899,2.7972,Production,25,12,0.1332,0.7971
51-8011.00,Nuclear Power Reactor Operators,2025,35.02,0.1487,-0.1763,2.3395,Production,28,6,0.0565,0.8601
51-8011.00,Nuclear Power Reactor Operators,2026,36.65,0.2025,0.2025,2.2296,Production,28,3,0.0565,0.8601
51-8012.00,Power Distributors and Dispatchers,2020,24.25,0.3621,-2.679,2.7022,Production,20,16,0.1896,0.738
51-8012.00,Power Distributors and Dispatchers,2021,25.67,0.4626,-2.349,2.8846,Production,17,18,0.249,0.6803
51-8012.00,Power Distributors and Dispatchers,2022,24.16,0.7201,-2.6999,2.6555,Production,19,18,0.2301,0.6982
51-8012.00,Power Distributors and Dispatchers,2023,29.56,0.815,-1.4451,3.4872,Production,20,15,0.2104,0.7142
51-8012.00,Power Distributors and Dispatchers,2024,33.91,0.7397,-0.4342,3.7481,Production,21,12,0.118,0.7965
51-8012.00,Power Distributors and Dispatchers,2025,37.36,0.6793,0.3675,3.4361,Production,24,6,0.0427,0.8623
51-8012.00,Power Distributors and Dispatchers,2026,39.46,0.8555,0.8555,3.5266,Production,24,3,0.0422,0.8623
51-8013.00,Power Plant Operators,2020,21.74,-0.7284,-3.2622,0.5505,Production,26,16,0.2345,0.6963
51-8013.00,Power Plant Operators,2021,22.22,-0.6968,-3.1507,0.7463,Production,24,18,0.3041,0.6333
51-8013.00,Power Plant Operators,2022,21.18,-0.602,-3.3924,0.5728,Production,24,18,0.2764,0.6525
51-8013.00,Power Plant Operators,2023,23.72,-0.7463,-2.8021,0.5172,Production,27,15,0.25,0.6828
51-8013.00,Power Plant Operators,2024,27.67,-0.6644,-1.8843,0.7813,Production,29,12,0.1541,0.7688
51-8013.00,Power Plant Operators,2025,30.71,-0.8285,-1.1778,0.3196,Production,33,6,0.0773,0.8395
51-8013.00,Power Plant Operators,2026,32.55,-0.7503,-0.7503,0.3372,Production,35,3,0.0566,0.8582
51-8013.03,Biomass Plant Technicians,2020,21.61,-0.7848,-3.2925,0.439,Production,27,16,0.27,0.6613
51-8013.03,Biomass Plant Technicians,2021,21.59,-0.9085,-3.2971,0.3559,Production,25,18,0.3297,0.6066
51-8013.03,Biomass Plant Technicians,2022,20.12,-1.0723,-3.6387,-0.1681,Production,26,18,0.3148,0.6246
51-8013.03,Biomass Plant Technicians,2023,22.62,-1.0404,-3.0578,-0.0423,Production,28,15,0.2635,0.6693
51-8013.03,Biomass Plant Technicians,2024,26.58,-0.9097,-2.1375,0.2631,Production,31,12,0.1712,0.7596
51-8013.03,Biomass Plant Technicians,2025,30.09,-0.9691,-1.3219,0.029,Production,34,6,0.0897,0.8206
51-8013.03,Biomass Plant Technicians,2026,31.86,-0.9106,-0.9106,0.0187,Production,36,3,0.0563,0.8502
51-8013.04,Hydroelectric Plant Technicians,2020,20.84,-1.1193,-3.4714,-0.221,Production,28,16,0.2456,0.6873
51-8013.04,Hydroelectric Plant Technicians,2021,21.21,-1.0362,-3.3854,0.1204,Production,26,18,0.3187,0.6226
51-8013.04,Hydroelectric Plant Technicians,2022,20.83,-0.7573,-3.4737,0.3282,Production,27,18,0.2844,0.656
51-8013.04,Hydroelectric Plant Technicians,2023,24.07,-0.6527,-2.7208,0.6952,Production,28,15,0.2618,0.6658
51-8013.04,Hydroelectric Plant Technicians,2024,27.44,-0.7162,-1.9377,0.6719,Production,31,12,0.1698,0.7583
51-8013.04,Hydroelectric Plant Technicians,2025,31.32,-0.6902,-1.0361,0.6055,Production,35,6,0.0838,0.8283
51-8013.04,Hydroelectric Plant Technicians,2026,32.88,-0.6736,-0.6736,0.4895,Production,37,3,0.051,0.8561
51-8021.00,Stationary Engineers and Boiler Operators,2020,21.84,-0.6849,-3.239,0.6362,Production,26,16,0.2405,0.6851
51-8021.00,Stationary Engineers and Boiler Operators,2021,22.23,-0.6934,-3.1484,0.7525,Production,25,18,0.3177,0.6243
51-8021.00,Stationary Engineers and Boiler Operators,2022,20.62,-0.8504,-3.5225,0.1814,Production,25,18,0.279,0.6573
51-8021.00,Stationary Engineers and Boiler Operators,2023,22.97,-0.9468,-2.9764,0.1357,Production,27,15,0.2564,0.6723
51-8021.00,Stationary Engineers and Boiler Operators,2024,26.82,-0.8557,-2.0818,0.3772,Production,29,12,0.1653,0.752
51-8021.00,Stationary Engineers and Boiler Operators,2025,30.71,-0.8285,-1.1778,0.3196,Production,34,6,0.0887,0.8309
51-8021.00,Stationary Engineers and Boiler Operators,2026,32.26,-0.8176,-0.8176,0.2033,Production,35,3,0.0587,0.8507
51-8031.00,Water and Wastewater Treatment Plant and System Operators,2020,21.01,-1.0455,-3.4319,-0.0753,Production,26,16,0.2328,0.6908
51-8031.00,Water and Wastewater Treatment Plant and System Operators,2021,21.91,-0.801,-3.2227,0.5542,Production,24,18,0.2902,0.6452
51-8031.00,Water and Wastewater Treatment Plant and System Operators,2022,20.34,-0.9747,-3.5876,-0.0143,Production,25,18,0.2665,0.6606
51-8031.00,Water and Wastewater Treatment Plant and System Operators,2023,24.82,-0.4522,-2.5465,1.0766,Production,27,15,0.239,0.6932
51-8031.00,Water and Wastewater Treatment Plant and System Operators,2024,27.21,-0.7679,-1.9911,0.5626,Production,29,12,0.1564,0.768
51-8031.00,Water and Wastewater Treatment Plant and System Operators,2025,31.09,-0.7423,-1.0895,0.4977,Production,33,6,0.0774,0.8394
51-8031.00,Water and Wastewater Treatment Plant and System Operators,2026,33.02,-0.641,-0.641,0.5541,Production,34,3,0.0563,0.8494
51-8091.00,Chemical Plant and System Operators,2020,21.62,-0.7805,-3.2901,0.4476,Production,26,16,0.2525,0.6881
51-8091.00,Chemical Plant and System Operators,2021,22.09,-0.7405,-3.1809,0.6658,Production,23,18,0.3114,0.6228
51-8091.00,Chemical Plant and System Operators,2022,21.7,-0.3713,-3.2715,0.9362,Production,25,18,0.2896,0.6527
51-8091.00,Chemical Plant and System Operators,2023,25.62,-0.2384,-2.3606,1.4835,Production,26,15,0.255,0.678
51-8091.00,Chemical Plant and System Operators,2024,28.09,-0.5699,-1.7867,0.981,Production,29,12,0.1606,0.7684
51-8091.00,Chemical Plant and System Operators,2025,31.97,-0.5428,-0.885,0.9101,Production,32,6,0.0831,0.829
51-8091.00,Chemical Plant and System Operators,2026,33.66,-0.4923,-0.4923,0.8495,Production,34,3,0.0596,0.8558
51-8092.00,Gas Plant Operators,2020,22.14,-0.5546,-3.1693,0.8934,Production,27,16,0.2391,0.6976
51-8092.00,Gas Plant Operators,2021,22.35,-0.6531,-3.1205,0.8269,Production,25,18,0.3187,0.6214
51-8092.00,Gas Plant Operators,2022,22.73,0.0857,-3.0322,1.6561,Production,25,18,0.2747,0.6534
51-8092.00,Gas Plant Operators,2023,25.69,-0.2196,-2.3444,1.5191,Production,28,15,0.2459,0.6859
51-8092.00,Gas Plant Operators,2024,28.33,-0.5159,-1.7309,1.0951,Production,30,12,0.1648,0.761
51-8092.00,Gas Plant Operators,2025,31.14,-0.731,-1.0779,0.5211,Production,34,6,0.0876,0.832
51-8092.00,Gas Plant Operators,2026,32.56,-0.7479,-0.7479,0.3418,Production,35,3,0.0644,0.8444
51-8093.00,"Petroleum Pump System Operators, Refinery Operators, and Gaugers",2020,21.86,-0.6762,-3.2344,0.6534,Production,27,16,0.2456,0.6818
51-8093.00,"Petroleum Pump System Operators, Refinery Operators, and Gaugers",2021,22.69,-0.5388,-3.0415,1.0376,Production,25,18,0.3231,0.6101
51-8093.00,"Petroleum Pump System Operators, Refinery Operators, and Gaugers",2022,22.42,-0.0518,-3.1042,1.4394,Production,26,18,0.2809,0.653
51-8093.00,"Petroleum Pump System Operators, Refinery Operators, and Gaugers",2023,25.72,-0.2116,-2.3374,1.5343,Production,28,15,0.2607,0.6726
51-8093.00,"Petroleum Pump System Operators, Refinery Operators, and Gaugers",2024,28.83,-0.4034,-1.6147,1.3328,Production,31,12,0.1676,0.7604
51-8093.00,"Petroleum Pump System Operators, Refinery Operators, and Gaugers",2025,30.79,-0.8103,-1.1592,0.3571,Production,35,6,0.1008,0.8212
51-8093.00,"Petroleum Pump System Operators, Refinery Operators, and Gaugers",2026,32.6,-0.7386,-0.7386,0.3603,Production,37,3,0.0703,0.8483
51-8099.01,Biofuels Processing Technicians,2020,21.03,-1.0368,-3.4272,-0.0582,Production,29,16,0.2663,0.6739
51-8099.01,Biofuels Processing Technicians,2021,21.4,-0.9724,-3.3413,0.2381,Production,27,18,0.3293,0.6162
51-8099.01,Biofuels Processing Technicians,2022,20.84,-0.7528,-3.4714,0.3351,Production,27,18,0.3098,0.6263
51-8099.01,Biofuels Processing Technicians,2023,24.1,-0.6447,-2.7138,0.7104,Production,29,15,0.2677,0.6637
51-8099.01,Biofuels Processing Technicians,2024,26.69,-0.8849,-2.112,0.3154,Production,32,12,0.1858,0.7443
51-8099.01,Biofuels Processing Technicians,2025,30.34,-0.9124,-1.2638,0.1462,Production,36,6,0.0895,0.8217
51-8099.01,Biofuels Processing Technicians,2026,32.86,-0.6782,-0.6782,0.4803,Production,38,3,0.0567,0.8509
51-9011.00,Chemical Equipment Operators and Tenders,2020,21.74,-0.7284,-3.2622,0.5505,Production,27,16,0.2564,0.6845
51-9011.00,Chemical Equipment Operators and Tenders,2021,22.04,-0.7573,-3.1925,0.6348,Production,24,18,0.3044,0.6307
51-9011.00,Chemical Equipment Operators and Tenders,2022,20.31,-0.988,-3.5945,-0.0353,Production,25,18,0.2952,0.6356
51-9011.00,Chemical Equipment Operators and Tenders,2023,23.03,-0.9308,-2.9625,0.1663,Production,27,15,0.2597,0.674
51-9011.00,Chemical Equipment Operators and Tenders,2024,26.26,-0.9817,-2.2119,0.1109,Production,29,12,0.151,0.769
51-9011.00,Chemical Equipment Operators and Tenders,2025,31.42,-0.6675,-1.0128,0.6523,Production,34,6,0.0812,0.839
51-9011.00,Chemical Equipment Operators and Tenders,2026,33.14,-0.6131,-0.6131,0.6095,Production,35,3,0.0521,0.8576
51-9012.00,"Separating, Filtering, Clarifying, Precipitating, and Still Machine Setters, Operators, and Tenders",2020,20.58,-1.2323,-3.5318,-0.4439,Production,28,16,0.2667,0.6682
51-9012.00,"Separating, Filtering, Clarifying, Precipitating, and Still Machine Setters, Operators, and Tenders",2021,20.97,-1.1169,-3.4412,-0.0284,Production,26,18,0.3343,0.6026
51-9012.00,"Separating, Filtering, Clarifying, Precipitating, and Still Machine Setters, Operators, and Tenders",2022,19.61,-1.2985,-3.7572,-0.5245,Production,27,18,0.299,0.6424
51-9012.00,"Separating, Filtering, Clarifying, Precipitating, and Still Machine Setters, Operators, and Tenders",2023,22.7,-1.019,-3.0392,-0.0016,Production,28,15,0.2777,0.6502
51-9012.00,"Separating, Filtering, Clarifying, Precipitating, and Still Machine Setters, Operators, and Tenders",2024,25.44,-1.1662,-2.4025,-0.279,Production,31,12,0.1877,0.7391
51-9012.00,"Separating, Filtering, Clarifying, Precipitating, and Still Machine Setters, Operators, and Tenders",2025,28.61,-1.3046,-1.6658,-0.6646,Production,35,6,0.1099,0.8042
51-9012.00,"Separating, Filtering, Clarifying, Precipitating, and Still Machine Setters, Operators, and Tenders",2026,30.13,-1.3126,-1.3126,-0.7798,Production,37,3,0.0606,0.8468
51-9021.00,"Crushing, Grinding, and Polishing Machine Setters, Operators, and Tenders",2020,19.89,-1.5321,-3.6921,-1.0355,Production,28,16,0.27,0.6691
51-9021.00,"Crushing, Grinding, and Polishing Machine Setters, Operators, and Tenders",2021,19.71,-1.5403,-3.734,-0.8093,Production,25,18,0.3283,0.6065
51-9021.00,"Crushing, Grinding, and Polishing Machine Setters, Operators, and Tenders",2022,19.17,-1.4937,-3.8595,-0.832,Production,26,18,0.304,0.6311
51-9021.00,"Crushing, Grinding, and Polishing Machine Setters, Operators, and Tenders",2023,21.11,-1.4441,-3.4086,-0.8102,Production,28,15,0.2509,0.6874
51-9021.00,"Crushing, Grinding, and Polishing Machine Setters, Operators, and Tenders",2024,24.02,-1.4857,-2.7324,-0.9541,Production,30,12,0.1807,0.7427
51-9021.00,"Crushing, Grinding, and Polishing Machine Setters, Operators, and Tenders",2025,27.51,-1.554,-1.9214,-1.1801,Production,34,6,0.1055,0.8121
51-9021.00,"Crushing, Grinding, and Polishing Machine Setters, Operators, and Tenders",2026,29.41,-1.4799,-1.4799,-1.1121,Production,36,3,0.0631,0.8506
51-9022.00,"Grinding and Polishing Workers, Hand",2020,20.53,-1.254,-3.5434,-0.4868,Production,26,16,0.2601,0.6754
51-9022.00,"Grinding and Polishing Workers, Hand",2021,19.62,-1.5705,-3.7549,-0.8651,Production,24,18,0.343,0.5987
51-9022.00,"Grinding and Polishing Workers, Hand",2022,19.53,-1.334,-3.7758,-0.5804,Production,25,18,0.3016,0.6425
51-9022.00,"Grinding and Polishing Workers, Hand",2023,21.16,-1.4307,-3.397,-0.7848,Production,27,15,0.2439,0.6949
51-9022.00,"Grinding and Polishing Workers, Hand",2024,24.11,-1.4655,-2.7115,-0.9113,Production,29,12,0.1734,0.7469
51-9022.00,"Grinding and Polishing Workers, Hand",2025,28.17,-1.4044,-1.7681,-0.8708,Production,33,6,0.1155,0.8079
51-9022.00,"Grinding and Polishing Workers, Hand",2026,29.81,-1.387,-1.387,-0.9275,Production,34,3,0.0816,0.8289
51-9023.00,"Mixing and Blending Machine Setters, Operators, and Tenders",2020,20.71,-1.1758,-3.5016,-0.3325,Production,26,16,0.252,0.6744
51-9023.00,"Mixing and Blending Machine Setters, Operators, and Tenders",2021,20.46,-1.2882,-3.5597,-0.3445,Production,24,18,0.323,0.613
51-9023.00,"Mixing and Blending Machine Setters, Operators, and Tenders",2022,19.53,-1.334,-3.7758,-0.5804,Production,25,18,0.3015,0.635
51-9023.00,"Mixing and Blending Machine Setters, Operators, and Tenders",2023,21.62,-1.3077,-3.2901,-0.5508,Production,27,15,0.2661,0.6688
51-9023.00,"Mixing and Blending Machine Setters, Operators, and Tenders",2024,25.31,-1.1955,-2.4327,-0.3408,Production,30,12,0.1696,0.7599
51-9023.00,"Mixing and Blending Machine Setters, Operators, and Tenders",2025,28.36,-1.3613,-1.7239,-0.7817,Production,34,6,0.0986,0.822
51-9023.00,"Mixing and Blending Machine Setters, Operators, and Tenders",2026,30.31,-1.2708,-1.2708,-0.6967,Production,35,3,0.0626,0.8482
51-9031.00,"Cutters and Trimmers, Hand",2020,20.93,-1.0802,-3.4505,-0.1439,Production,23,16,0.2472,0.6812
51-9031.00,"Cutters and Trimmers, Hand",2021,21.25,-1.0228,-3.3761,0.1452,Production,21,18,0.3461,0.5934
51-9031.00,"Cutters and Trimmers, Hand",2022,19.88,-1.1787,-3.6945,-0.3358,Production,23,18,0.2931,0.6474
51-9031.00,"Cutters and Trimmers, Hand",2023,21.56,-1.3238,-3.3041,-0.5813,Production,23,15,0.2666,0.6625
51-9031.00,"Cutters and Trimmers, Hand",2024,25.82,-1.0807,-2.3141,-0.0983,Production,26,12,0.1709,0.7515
51-9031.00,"Cutters and Trimmers, Hand",2025,30.0,-0.9895,-1.3428,-0.0131,Production,30,6,0.1143,0.8038
51-9031.00,"Cutters and Trimmers, Hand",2026,32.22,-0.8269,-0.8269,0.1849,Production,31,3,0.0671,0.8402
51-9032.00,"Cutting and Slicing Machine Setters, Operators, and Tenders",2020,20.64,-1.2062,-3.5179,-0.3925,Production,26,16,0.2519,0.6787
51-9032.00,"Cutting and Slicing Machine Setters, Operators, and Tenders",2021,19.94,-1.463,-3.6805,-0.6668,Production,24,18,0.3327,0.6088
51-9032.00,"Cutting and Slicing Machine Setters, Operators, and Tenders",2022,18.8,-1.6579,-3.9454,-1.0906,Production,25,18,0.2903,0.6466
51-9032.00,"Cutting and Slicing Machine Setters, Operators, and Tenders",2023,21.44,-1.3558,-3.332,-0.6424,Production,26,15,0.2464,0.6845
51-9032.00,"Cutting and Slicing Machine Setters, Operators, and Tenders",2024,24.05,-1.479,-2.7255,-0.9398,Production,29,12,0.162,0.7646
51-9032.00,"Cutting and Slicing Machine Setters, Operators, and Tenders",2025,28.5,-1.3295,-1.6914,-0.7161,Production,32,6,0.1193,0.7958
51-9032.00,"Cutting and Slicing Machine Setters, Operators, and Tenders",2026,30.85,-1.1453,-1.1453,-0.4475,Production,34,3,0.0812,0.833
51-9041.00,"Extruding, Forming, Pressing, and Compacting Machine Setters, Operators, and Tenders",2020,20.07,-1.4539,-3.6503,-0.8811,Production,26,16,0.2584,0.6777
51-9041.00,"Extruding, Forming, Pressing, and Compacting Machine Setters, Operators, and Tenders",2021,20.05,-1.426,-3.655,-0.5986,Production,24,18,0.3438,0.6011
51-9041.00,"Extruding, Forming, Pressing, and Compacting Machine Setters, Operators, and Tenders",2022,19.33,-1.4228,-3.8223,-0.7202,Production,25,18,0.2878,0.6522
51-9041.00,"Extruding, Forming, Pressing, and Compacting Machine Setters, Operators, and Tenders",2023,21.16,-1.4307,-3.397,-0.7848,Production,26,15,0.264,0.6707
51-9041.00,"Extruding, Forming, Pressing, and Compacting Machine Setters, Operators, and Tenders",2024,24.54,-1.3687,-2.6116,-0.7069,Production,28,12,0.1809,0.7401
51-9041.00,"Extruding, Forming, Pressing, and Compacting Machine Setters, Operators, and Tenders",2025,27.22,-1.6198,-1.9888,-1.316,Production,32,6,0.1026,0.8121
51-9041.00,"Extruding, Forming, Pressing, and Compacting Machine Setters, Operators, and Tenders",2026,28.87,-1.6054,-1.6054,-1.3614,Production,34,3,0.0619,0.8527
51-9051.00,"Furnace, Kiln, Oven, Drier, and Kettle Operators and Tenders",2020,21.61,-0.7848,-3.2925,0.439,Production,24,16,0.2425,0.6829
51-9051.00,"Furnace, Kiln, Oven, Drier, and Kettle Operators and Tenders",2021,21.17,-1.0496,-3.3947,0.0956,Production,22,18,0.2872,0.6464
51-9051.00,"Furnace, Kiln, Oven, Drier, and Kettle Operators and Tenders",2022,19.31,-1.4316,-3.8269,-0.7342,Production,24,18,0.2774,0.6622
51-9051.00,"Furnace, Kiln, Oven, Drier, and Kettle Operators and Tenders",2023,21.93,-1.2248,-3.2181,-0.3932,Production,24,15,0.2587,0.67
51-9051.00,"Furnace, Kiln, Oven, Drier, and Kettle Operators and Tenders",2024,26.07,-1.0244,-2.2561,0.0206,Production,27,12,0.1322,0.7868
51-9051.00,"Furnace, Kiln, Oven, Drier, and Kettle Operators and Tenders",2025,30.43,-0.892,-1.2429,0.1884,Production,30,6,0.0903,0.8212
51-9051.00,"Furnace, Kiln, Oven, Drier, and Kettle Operators and Tenders",2026,31.72,-0.9431,-0.9431,-0.0459,Production,32,3,0.0496,0.8603
51-9061.00,"Inspectors, Testers, Sorters, Samplers, and Weighers",2020,22.81,-0.2635,-3.0136,1.4678,Production,24,16,0.2113,0.71
51-9061.00,"Inspectors, Testers, Sorters, Samplers, and Weighers",2021,23.11,-0.3977,-2.9439,1.2979,Production,22,18,0.3138,0.6224
51-9061.00,"Inspectors, Testers, Sorters, Samplers, and Weighers",2022,21.46,-0.4778,-3.3273,0.7685,Production,23,18,0.2589,0.6678
51-9061.00,"Inspectors, Testers, Sorters, Samplers, and Weighers",2023,25.28,-0.3293,-2.4396,1.3106,Production,25,15,0.2499,0.6814
51-9061.00,"Inspectors, Testers, Sorters, Samplers, and Weighers",2024,28.36,-0.5092,-1.7239,1.1093,Production,27,12,0.1512,0.7666
51-9061.00,"Inspectors, Testers, Sorters, Samplers, and Weighers",2025,32.75,-0.366,-0.7038,1.2756,Production,31,6,0.0948,0.8162
51-9061.00,"Inspectors, Testers, Sorters, Samplers, and Weighers",2026,34.48,-0.3018,-0.3018,1.228,Production,33,3,0.0723,0.8405
51-9071.00,Jewelers and Precious Stone and Metal Workers,2020,22.94,-0.207,-2.9834,1.5792,Production,22,16,0.2143,0.7174
51-9071.00,Jewelers and Precious Stone and Metal Workers,2021,23.53,-0.2566,-2.8463,1.5583,Production,19,18,0.341,0.5953
51-9071.00,Jewelers and Precious Stone and Metal Workers,2022,21.75,-0.3491,-3.2599,0.9712,Production,21,18,0.2679,0.6667
51-9071.00,Jewelers and Precious Stone and Metal Workers,2023,24.27,-0.5993,-2.6743,0.7969,Production,22,15,0.2127,0.7167
51-9071.00,Jewelers and Precious Stone and Metal Workers,2024,28.54,-0.4687,-1.6821,1.1949,Production,25,12,0.1638,0.7622
51-9071.00,Jewelers and Precious Stone and Metal Workers,2025,33.3,-0.2413,-0.576,1.5334,Production,27,6,0.1026,0.8119
51-9071.00,Jewelers and Precious Stone and Metal Workers,2026,35.3,-0.1112,-0.1112,1.6065,Production,28,3,0.0958,0.8223
51-9071.06,Gem and Diamond Workers,2020,21.89,-0.6632,-3.2274,0.6791,Production,21,16,0.1947,0.737
51-9071.06,Gem and Diamond Workers,2021,22.38,-0.643,-3.1135,0.8455,Production,18,18,0.3292,0.6117
51-9071.06,Gem and Diamond Workers,2022,21.74,-0.3535,-3.2622,0.9642,Production,20,18,0.2547,0.6856
51-9071.06,Gem and Diamond Workers,2023,25.11,-0.3747,-2.4791,1.2241,Production,21,15,0.1981,0.7243
51-9071.06,Gem and Diamond Workers,2024,29.15,-0.3314,-1.5403,1.485,Production,24,12,0.1699,0.7626
51-9071.06,Gem and Diamond Workers,2025,33.91,-0.103,-0.4342,1.8193,Production,26,6,0.1066,0.8157
51-9071.06,Gem and Diamond Workers,2026,36.55,0.1793,0.1793,2.1835,Production,26,3,0.1032,0.8157
51-9081.00,Dental Laboratory Technicians,2020,22.44,-0.4243,-3.0996,1.1506,Production,22,16,0.2177,0.7146
51-9081.00,Dental Laboratory Technicians,2021,22.66,-0.5489,-3.0485,1.019,Production,20,18,0.3517,0.5932
51-9081.00,Dental Laboratory Technicians,2022,21.55,-0.4378,-3.3064,0.8314,Production,21,18,0.2674,0.668
51-9081.00,Dental Laboratory Technicians,2023,23.2,-0.8853,-2.923,0.2527,Production,22,15,0.2199,0.7023
51-9081.00,Dental Laboratory Technicians,2024,26.73,-0.8759,-2.1027,0.3344,Production,25,12,0.1582,0.7649
51-9081.00,Dental Laboratory Technicians,2025,32.65,-0.3886,-0.727,1.2288,Production,27,6,0.1038,0.808
51-9081.00,Dental Laboratory Technicians,2026,34.56,-0.2832,-0.2832,1.265,Production,28,3,0.0962,0.8203
51-9082.00,Medical Appliance Technicians,2020,22.91,-0.2201,-2.9904,1.5535,Production,25,16,0.2516,0.6855
51-9082.00,Medical Appliance Technicians,2021,22.97,-0.4448,-2.9764,1.2112,Production,22,18,0.3384,0.6044
51-9082.00,Medical Appliance Technicians,2022,24.02,0.658,-2.7324,2.5577,Production,24,18,0.2704,0.6624
51-9082.00,Medical Appliance Technicians,2023,26.72,0.0557,-2.105,2.0429,Production,25,15,0.2327,0.6973
51-9082.00,Medical Appliance Technicians,2024,28.99,-0.3674,-1.5775,1.4089,Production,27,12,0.1722,0.7451
51-9082.00,Medical Appliance Technicians,2025,32.94,-0.3229,-0.6596,1.3647,Production,31,6,0.0911,0.8303
51-9082.00,Medical Appliance Technicians,2026,34.38,-0.325,-0.325,1.1819,Production,32,3,0.0686,0.8459
51-9083.00,Ophthalmic Laboratory Technicians,2020,22.71,-0.307,-3.0368,1.382,Production,23,16,0.2332,0.7022
51-9083.00,Ophthalmic Laboratory Technicians,2021,22.52,-0.596,-3.081,0.9323,Production,20,18,0.3306,0.6048
51-9083.00,Ophthalmic Laboratory Technicians,2022,20.83,-0.7573,-3.4737,0.3282,Production,22,18,0.2824,0.6568
51-9083.00,Ophthalmic Laboratory Technicians,2023,23.42,-0.8265,-2.8719,0.3646,Production,23,15,0.2274,0.7033
51-9083.00,Ophthalmic Laboratory Technicians,2024,26.8,-0.8602,-2.0864,0.3677,Production,26,12,0.1438,0.7859
51-9083.00,Ophthalmic Laboratory Technicians,2025,31.43,-0.6652,-1.0105,0.657,Production,29,6,0.1085,0.8109
51-9083.00,Ophthalmic Laboratory Technicians,2026,33.84,-0.4505,-0.4505,0.9326,Production,30,3,0.0988,0.8214
51-9111.00,Packaging and Filling Machine Operators and Tenders,2020,21.03,-1.0368,-3.4272,-0.0582,Production,27,16,0.2745,0.6629
51-9111.00,Packaging and Filling Machine Operators and Tenders,2021,20.89,-1.1437,-3.4598,-0.078,Production,25,18,0.3413,0.6022
51-9111.00,Packaging and Filling Machine Operators and Tenders,2022,20.13,-1.0678,-3.6364,-0.1611,Production,25,18,0.3029,0.6295
51-9111.00,Packaging and Filling Machine Operators and Tenders,2023,22.1,-1.1794,-3.1786,-0.3067,Production,27,15,0.2593,0.6727
51-9111.00,Packaging and Filling Machine Operators and Tenders,2024,25.18,-1.2247,-2.4629,-0.4026,Production,30,12,0.1794,0.7481
51-9111.00,Packaging and Filling Machine Operators and Tenders,2025,28.85,-1.2502,-1.61,-0.5521,Production,34,6,0.1108,0.8048
51-9111.00,Packaging and Filling Machine Operators and Tenders,2026,30.77,-1.1639,-1.1639,-0.4844,Production,36,3,0.0733,0.8374
51-9123.00,"Painting, Coating, and Decorating Workers",2020,21.51,-0.8283,-3.3157,0.3533,Production,23,16,0.2141,0.7194
51-9123.00,"Painting, Coating, and Decorating Workers",2021,22.16,-0.717,-3.1646,0.7092,Production,20,18,0.3356,0.6083
51-9123.00,"Painting, Coating, and Decorating Workers",2022,20.21,-1.0323,-3.6178,-0.1052,Production,22,18,0.2842,0.6522
51-9123.00,"Painting, Coating, and Decorating Workers",2023,22.21,-1.15,-3.153,-0.2508,Production,22,15,0.2566,0.6724
51-9123.00,"Painting, Coating, and Decorating Workers",2024,26.3,-0.9727,-2.2026,0.1299,Production,25,12,0.1921,0.7359
51-9123.00,"Painting, Coating, and Decorating Workers",2025,30.29,-0.9237,-1.2754,0.1228,Production,28,6,0.0919,0.8191
51-9123.00,"Painting, Coating, and Decorating Workers",2026,32.62,-0.734,-0.734,0.3695,Production,30,3,0.0644,0.8482
51-9124.00,"Coating, Painting, and Spraying Machine Setters, Operators, and Tenders",2020,19.46,-1.7189,-3.7921,-1.4041,Production,27,16,0.2412,0.6901
51-9124.00,"Coating, Painting, and Spraying Machine Setters, Operators, and Tenders",2021,19.05,-1.7621,-3.8873,-1.2184,Production,25,18,0.3367,0.6049
51-9124.00,"Coating, Painting, and Spraying Machine Setters, Operators, and Tenders",2022,18.79,-1.6623,-3.9478,-1.0976,Production,26,18,0.3012,0.6389
51-9124.00,"Coating, Painting, and Spraying Machine Setters, Operators, and Tenders",2023,20.6,-1.5804,-3.5272,-1.0696,Production,27,15,0.2613,0.6721
51-9124.00,"Coating, Painting, and Spraying Machine Setters, Operators, and Tenders",2024,23.4,-1.6252,-2.8765,-1.2489,Production,30,12,0.1872,0.7409
51-9124.00,"Coating, Painting, and Spraying Machine Setters, Operators, and Tenders",2025,27.5,-1.5563,-1.9238,-1.1848,Production,33,6,0.1055,0.8078
51-9124.00,"Coating, Painting, and Spraying Machine Setters, Operators, and Tenders",2026,29.25,-1.5171,-1.5171,-1.186,Production,35,3,0.0686,0.8425
51-9141.00,Semiconductor Processing Technicians,2020,21.67,-0.7588,-3.2785,0.4905,Production,25,16,0.232,0.6996
51-9141.00,Semiconductor Processing Technicians,2021,22.51,-0.5993,-3.0833,0.9261,Production,23,18,0.3153,0.6259
51-9141.00,Semiconductor Processing Technicians,2022,20.3,-0.9924,-3.5969,-0.0423,Production,24,18,0.2726,0.6625
51-9141.00,Semiconductor Processing Technicians,2023,23.32,-0.8532,-2.8951,0.3137,Production,25,15,0.2462,0.6858
51-9141.00,Semiconductor Processing Technicians,2024,26.69,-0.8849,-2.112,0.3154,Production,28,12,0.1598,0.769
51-9141.00,Semiconductor Processing Technicians,2025,31.95,-0.5473,-0.8897,0.9007,Production,31,6,0.1025,0.812
51-9141.00,Semiconductor Processing Technicians,2026,33.09,-0.6248,-0.6248,0.5865,Production,33,3,0.0687,0.8455
51-9151.00,Photographic Process Workers and Processing Machine Operators,2020,21.73,-0.7327,-3.2646,0.5419,Production,25,16,0.2305,0.7081
51-9151.00,Photographic Process Workers and Processing Machine Operators,2021,22.63,-0.559,-3.0554,1.0005,Production,22,18,0.3365,0.6057
51-9151.00,Photographic Process Workers and Processing Machine Operators,2022,20.39,-0.9525,-3.576,0.0206,Production,24,18,0.2938,0.6502
51-9151.00,Photographic Process Workers and Processing Machine Operators,2023,23.44,-0.8212,-2.8672,0.3748,Production,25,15,0.2708,0.6667
51-9151.00,Photographic Process Workers and Processing Machine Operators,2024,27.36,-0.7342,-1.9563,0.6339,Production,27,12,0.1762,0.743
51-9151.00,Photographic Process Workers and Processing Machine Operators,2025,31.56,-0.6358,-0.9803,0.7179,Production,31,6,0.0829,0.827
51-9151.00,Photographic Process Workers and Processing Machine Operators,2026,34.03,-0.4063,-0.4063,1.0203,Production,33,3,0.0644,0.8535
51-9161.00,Computer Numerically Controlled Tool Operators,2020,21.28,-0.9282,-3.3691,0.1562,Production,28,16,0.2706,0.6708
51-9161.00,Computer Numerically Controlled Tool Operators,2021,21.58,-0.9119,-3.2994,0.3497,Production,25,18,0.3373,0.6002
51-9161.00,Computer Numerically Controlled Tool Operators,2022,22.04,-0.2204,-3.1925,1.1738,Production,26,18,0.3011,0.6363
51-9161.00,Computer Numerically Controlled Tool Operators,2023,24.65,-0.4977,-2.586,0.9902,Production,28,15,0.2439,0.6842
51-9161.00,Computer Numerically Controlled Tool Operators,2024,27.15,-0.7814,-2.0051,0.5341,Production,31,12,0.1809,0.7463
51-9161.00,Computer Numerically Controlled Tool Operators,2025,30.7,-0.8307,-1.1801,0.3149,Production,35,6,0.0955,0.8272
51-9161.00,Computer Numerically Controlled Tool Operators,2026,32.11,-0.8525,-0.8525,0.1341,Production,36,3,0.0667,0.8455
51-9162.00,Computer Numerically Controlled Tool Programmers,2020,23.21,-0.0897,-2.9207,1.8107,Production,25,16,0.2273,0.712
51-9162.00,Computer Numerically Controlled Tool Programmers,2021,23.92,-0.1255,-2.7557,1.8,Production,22,18,0.3172,0.6252
51-9162.00,Computer Numerically Controlled Tool Programmers,2022,23.94,0.6225,-2.751,2.5018,Production,24,18,0.2483,0.6873
51-9162.00,Computer Numerically Controlled Tool Programmers,2023,27.59,0.2883,-1.9028,2.4854,Production,25,15,0.2289,0.7036
51-9162.00,Computer Numerically Controlled Tool Programmers,2024,31.0,0.0849,-1.1104,2.3645,Production,27,12,0.151,0.7707
51-9162.00,Computer Numerically Controlled Tool Programmers,2025,34.42,0.0127,-0.3157,2.0583,Production,31,6,0.0733,0.8499
51-9162.00,Computer Numerically Controlled Tool Programmers,2026,36.22,0.1026,0.1026,2.0312,Production,31,3,0.057,0.8499
51-9191.00,Adhesive Bonding Machine Operators and Tenders,2020,19.95,-1.506,-3.6782,-0.984,Production,27,16,0.271,0.6668
51-9191.00,Adhesive Bonding Machine Operators and Tenders,2021,19.61,-1.5739,-3.7572,-0.8713,Production,24,18,0.3371,0.5971
51-9191.00,Adhesive Bonding Machine Operators and Tenders,2022,19.07,-1.5381,-3.8827,-0.9019,Production,26,18,0.2987,0.6413
51-9191.00,Adhesive Bonding Machine Operators and Tenders,2023,20.87,-1.5082,-3.4644,-0.9323,Production,27,15,0.2709,0.668
51-9191.00,Adhesive Bonding Machine Operators and Tenders,2024,23.65,-1.569,-2.8184,-1.13,Production,29,12,0.189,0.7335
51-9191.00,Adhesive Bonding Machine Operators and Tenders,2025,28.11,-1.418,-1.782,-0.8989,Production,33,6,0.1239,0.7955
51-9191.00,Adhesive Bonding Machine Operators and Tenders,2026,29.58,-1.4404,-1.4404,-1.0337,Production,35,3,0.0656,0.8506
51-9192.00,"Cleaning, Washing, and Metal Pickling Equipment Operators and Tenders",2020,21.16,-0.9803,-3.397,0.0533,Production,26,16,0.2518,0.6836
51-9192.00,"Cleaning, Washing, and Metal Pickling Equipment Operators and Tenders",2021,20.27,-1.3521,-3.6038,-0.4622,Production,24,18,0.3343,0.6066
51-9192.00,"Cleaning, Washing, and Metal Pickling Equipment Operators and Tenders",2022,20.14,-1.0634,-3.634,-0.1541,Production,25,18,0.2884,0.654
51-9192.00,"Cleaning, Washing, and Metal Pickling Equipment Operators and Tenders",2023,21.63,-1.305,-3.2878,-0.5457,Production,26,15,0.2809,0.6546
51-9192.00,"Cleaning, Washing, and Metal Pickling Equipment Operators and Tenders",2024,25.19,-1.2225,-2.4605,-0.3978,Production,28,12,0.1864,0.7339
51-9192.00,"Cleaning, Washing, and Metal Pickling Equipment Operators and Tenders",2025,28.63,-1.3001,-1.6612,-0.6552,Production,33,6,0.107,0.812
51-9192.00,"Cleaning, Washing, and Metal Pickling Equipment Operators and Tenders",2026,30.24,-1.287,-1.287,-0.729,Production,35,3,0.0603,0.8563
51-9193.00,Cooling and Freezing Equipment Operators and Tenders,2020,21.3,-0.9195,-3.3645,0.1733,Production,26,16,0.269,0.6592
51-9193.00,Cooling and Freezing Equipment Operators and Tenders,2021,21.15,-1.0564,-3.3993,0.0832,Production,25,18,0.3426,0.6011
51-9193.00,Cooling and Freezing Equipment Operators and Tenders,2022,20.8,-0.7706,-3.4807,0.3072,Production,25,18,0.3047,0.6285
51-9193.00,Cooling and Freezing Equipment Operators and Tenders,2023,24.42,-0.5592,-2.6395,0.8732,Production,27,15,0.2673,0.6624
51-9193.00,Cooling and Freezing Equipment Operators and Tenders,2024,27.44,-0.7162,-1.9377,0.6719,Production,30,12,0.1864,0.74
51-9193.00,Cooling and Freezing Equipment Operators and Tenders,2025,30.59,-0.8557,-1.2057,0.2634,Production,34,6,0.1041,0.8084
51-9193.00,Cooling and Freezing Equipment Operators and Tenders,2026,31.7,-0.9478,-0.9478,-0.0551,Production,36,3,0.0627,0.8476
51-9194.00,Etchers and Engravers,2020,22.0,-0.6154,-3.2018,0.7734,Production,24,16,0.2438,0.6899
51-9194.00,Etchers and Engravers,2021,21.48,-0.9455,-3.3227,0.2877,Production,22,18,0.3238,0.6176
51-9194.00,Etchers and Engravers,2022,20.39,-0.9525,-3.576,0.0206,Production,23,18,0.2865,0.6481
51-9194.00,Etchers and Engravers,2023,22.68,-1.0243,-3.0438,-0.0117,Production,24,15,0.2314,0.6976
51-9194.00,Etchers and Engravers,2024,26.21,-0.9929,-2.2235,0.0871,Production,27,12,0.1484,0.7763
51-9194.00,Etchers and Engravers,2025,31.62,-0.6222,-0.9664,0.7461,Production,30,6,0.0906,0.8241
51-9194.00,Etchers and Engravers,2026,33.24,-0.5899,-0.5899,0.6557,Production,32,3,0.069,0.847
51-9195.00,"Molders, Shapers, and Casters, Except Metal and Plastic",2020,19.72,-1.6059,-3.7316,-1.1812,Production,26,16,0.2693,0.6606
51-9195.00,"Molders, Shapers, and Casters, Except Metal and Plastic",2021,19.86,-1.4899,-3.6991,-0.7163,Production,25,18,0.3461,0.5975
51-9195.00,"Molders, Shapers, and Casters, Except Metal and Plastic",2022,18.6,-1.7466,-3.9919,-1.2304,Production,25,18,0.3108,0.6241
51-9195.00,"Molders, Shapers, and Casters, Except Metal and Plastic",2023,20.69,-1.5563,-3.5062,-1.0238,Production,27,15,0.2703,0.6633
51-9195.00,"Molders, Shapers, and Casters, Except Metal and Plastic",2024,23.99,-1.4925,-2.7394,-0.9684,Production,30,12,0.1876,0.7416
51-9195.00,"Molders, Shapers, and Casters, Except Metal and Plastic",2025,28.33,-1.3681,-1.7309,-0.7958,Production,34,6,0.1083,0.8063
51-9195.00,"Molders, Shapers, and Casters, Except Metal and Plastic",2026,30.54,-1.2173,-1.2173,-0.5905,Production,36,3,0.069,0.8411
51-9195.03,"Stone Cutters and Carvers, Manufacturing",2020,19.6,-1.658,-3.7595,-1.2841,Production,24,16,0.2581,0.6706
51-9195.03,"Stone Cutters and Carvers, Manufacturing",2021,19.02,-1.7722,-3.8943,-1.237,Production,22,18,0.3594,0.5814
51-9195.03,"Stone Cutters and Carvers, Manufacturing",2022,18.6,-1.7466,-3.9919,-1.2304,Production,23,18,0.2945,0.6378
51-9195.03,"Stone Cutters and Carvers, Manufacturing",2023,19.71,-1.8183,-3.734,-1.5222,Production,24,15,0.2448,0.6861
51-9195.03,"Stone Cutters and Carvers, Manufacturing",2024,23.81,-1.533,-2.7812,-1.0539,Production,27,12,0.1751,0.7517
51-9195.03,"Stone Cutters and Carvers, Manufacturing",2025,29.15,-1.1822,-1.5403,-0.4115,Production,30,6,0.1144,0.7977
51-9195.03,"Stone Cutters and Carvers, Manufacturing",2026,30.34,-1.2638,-1.2638,-0.6829,Production,32,3,0.0722,0.8388
51-9195.04,"Glass Blowers, Molders, Benders, and Finishers",2020,20.33,-1.3409,-3.5899,-0.6583,Production,25,16,0.2736,0.6546
51-9195.04,"Glass Blowers, Molders, Benders, and Finishers",2021,19.81,-1.5067,-3.7107,-0.7473,Production,24,18,0.3848,0.5604
51-9195.04,"Glass Blowers, Molders, Benders, and Finishers",2022,19.73,-1.2453,-3.7293,-0.4406,Production,25,18,0.3239,0.6139
51-9195.04,"Glass Blowers, Molders, Benders, and Finishers",2023,21.92,-1.2275,-3.2204,-0.3983,Production,27,15,0.2707,0.6677
51-9195.04,"Glass Blowers, Molders, Benders, and Finishers",2024,24.46,-1.3867,-2.6302,-0.7449,Production,29,12,0.196,0.7341
51-9195.04,"Glass Blowers, Molders, Benders, and Finishers",2025,28.99,-1.2185,-1.5775,-0.4865,Production,33,6,0.0981,0.8169
51-9195.04,"Glass Blowers, Molders, Benders, and Finishers",2026,30.65,-1.1918,-1.1918,-0.5398,Production,35,3,0.0711,0.8467
51-9195.05,"Potters, Manufacturing",2020,20.54,-1.2497,-3.5411,-0.4782,Production,24,16,0.2741,0.6566
51-9195.05,"Potters, Manufacturing",2021,19.51,-1.6075,-3.7804,-0.9333,Production,22,18,0.3826,0.5612
51-9195.05,"Potters, Manufacturing",2022,18.94,-1.5958,-3.9129,-0.9928,Production,23,18,0.3194,0.6204
51-9195.05,"Potters, Manufacturing",2023,21.26,-1.404,-3.3738,-0.7339,Production,24,15,0.2479,0.6833
51-9195.05,"Potters, Manufacturing",2024,24.77,-1.317,-2.5581,-0.5975,Production,28,12,0.1659,0.7675
51-9195.05,"Potters, Manufacturing",2025,28.89,-1.2411,-1.6008,-0.5333,Production,30,6,0.1148,0.8058
51-9195.05,"Potters, Manufacturing",2026,30.51,-1.2243,-1.2243,-0.6044,Production,31,3,0.0832,0.8281
51-9196.00,"Paper Goods Machine Setters, Operators, and Tenders",2020,21.13,-0.9934,-3.404,0.0276,Production,25,16,0.2634,0.6783
51-9196.00,"Paper Goods Machine Setters, Operators, and Tenders",2021,21.15,-1.0564,-3.3993,0.0832,Production,22,18,0.3401,0.5978
51-9196.00,"Paper Goods Machine Setters, Operators, and Tenders",2022,20.5,-0.9037,-3.5504,0.0975,Production,24,18,0.2946,0.6501
51-9196.00,"Paper Goods Machine Setters, Operators, and Tenders",2023,22.42,-1.0938,-3.1042,-0.144,Production,25,15,0.2481,0.6836
51-9196.00,"Paper Goods Machine Setters, Operators, and Tenders",2024,26.19,-0.9974,-2.2282,0.0776,Production,27,12,0.1806,0.7392
51-9196.00,"Paper Goods Machine Setters, Operators, and Tenders",2025,29.54,-1.0938,-1.4497,-0.2287,Production,32,6,0.0977,0.8229
51-9196.00,"Paper Goods Machine Setters, Operators, and Tenders",2026,31.33,-1.0338,-1.0338,-0.2259,Production,33,3,0.0688,0.8417
51-9197.00,Tire Builders,2020,18.82,-1.9969,-3.9408,-1.9527,Production,25,16,0.2921,0.6425
51-9197.00,Tire Builders,2021,17.8,-2.1822,-4.1778,-1.9931,Production,23,18,0.3543,0.5909
51-9197.00,Tire Builders,2022,17.28,-2.3323,-4.2986,-2.153,Production,24,18,0.3259,0.6125
51-9197.00,Tire Builders,2023,19.61,-1.8451,-3.7572,-1.5731,Production,25,15,0.2749,0.6627
51-9197.00,Tire Builders,2024,22.16,-1.9042,-3.1646,-1.8384,Production,28,12,0.1863,0.7452
51-9197.00,Tire Builders,2025,26.25,-1.8397,-2.2142,-1.7706,Production,31,6,0.1218,0.7961
51-9197.00,Tire Builders,2026,28.41,-1.7123,-1.7123,-1.5737,Production,33,3,0.0679,0.848
51-9198.00,Helpers--Production Workers,2020,20.19,-1.4017,-3.6224,-0.7783,Production,26,16,0.2654,0.6718
51-9198.00,Helpers--Production Workers,2021,19.48,-1.6176,-3.7874,-0.9519,Production,24,18,0.3447,0.6017
51-9198.00,Helpers--Production Workers,2022,19.04,-1.5514,-3.8897,-0.9229,Production,25,18,0.2971,0.644
51-9198.00,Helpers--Production Workers,2023,20.59,-1.5831,-3.5295,-1.0747,Production,26,15,0.2701,0.6661
51-9198.00,Helpers--Production Workers,2024,23.94,-1.5037,-2.751,-0.9921,Production,28,12,0.1886,0.7348
51-9198.00,Helpers--Production Workers,2025,28.04,-1.4338,-1.7983,-0.9317,Production,32,6,0.1078,0.8052
51-9198.00,Helpers--Production Workers,2026,29.54,-1.4497,-1.4497,-1.0521,Production,34,3,0.0555,0.8542
53-1041.00,Aircraft Cargo Handling Supervisors,2020,21.53,-0.8196,-3.311,-0.1031,Transportation and Material Moving,28,16,0.2801,0.6577
53-1041.00,Aircraft Cargo Handling Supervisors,2021,21.55,-0.9219,-3.3064,-0.2007,Transportation and Material Moving,26,18,0.3336,0.6071
53-1041.00,Aircraft Cargo Handling Supervisors,2022,21.96,-0.2559,-3.2111,0.4618,Transportation and Material Moving,27,18,0.3173,0.6259
53-1041.00,Aircraft Cargo Handling Supervisors,2023,25.63,-0.2357,-2.3583,0.8439,Transportation and Material Moving,29,15,0.2764,0.6631
53-1041.00,Aircraft Cargo Handling Supervisors,2024,28.15,-0.5564,-1.7727,0.5856,Transportation and Material Moving,30,12,0.1919,0.7302
53-1041.00,Aircraft Cargo Handling Supervisors,2025,31.04,-0.7537,-1.1011,0.4359,Transportation and Material Moving,35,6,0.0923,0.8197
53-1041.00,Aircraft Cargo Handling Supervisors,2026,31.65,-0.9594,-0.9594,0.1275,Transportation and Material Moving,37,3,0.0479,0.8618
53-1042.00,"First-Line Supervisors of Helpers, Laborers, and Material Movers, Hand",2020,24.16,0.323,-2.6999,1.4881,Transportation and Material Moving,26,16,0.2304,0.7007
53-1042.00,"First-Line Supervisors of Helpers, Laborers, and Material Movers, Hand",2021,24.5,0.0694,-2.6209,1.1599,Transportation and Material Moving,24,18,0.2663,0.6678
53-1042.00,"First-Line Supervisors of Helpers, Laborers, and Material Movers, Hand",2022,22.98,0.1966,-2.9741,1.0128,Transportation and Material Moving,25,18,0.2638,0.6729
53-1042.00,"First-Line Supervisors of Helpers, Laborers, and Material Movers, Hand",2023,26.67,0.0423,-2.1166,1.2514,Transportation and Material Moving,26,15,0.2224,0.7011
53-1042.00,"First-Line Supervisors of Helpers, Laborers, and Material Movers, Hand",2024,30.13,-0.1109,-1.3126,1.2346,Transportation and Material Moving,28,12,0.1421,0.7767
53-1042.00,"First-Line Supervisors of Helpers, Laborers, and Material Movers, Hand",2025,33.89,-0.1075,-0.4389,1.4488,Transportation and Material Moving,32,6,0.0661,0.8426
53-1042.00,"First-Line Supervisors of Helpers, Laborers, and Material Movers, Hand",2026,35.13,-0.1507,-0.1507,1.399,Transportation and Material Moving,34,3,0.0411,0.8658
53-1042.01,Recycling Coordinators,2020,25.8,1.0354,-2.3188,2.4804,Transportation and Material Moving,23,16,0.2279,0.6966
53-1042.01,Recycling Coordinators,2021,26.77,0.8323,-2.0934,2.2069,Transportation and Material Moving,20,18,0.2514,0.6739
53-1042.01,Recycling Coordinators,2022,25.4,1.2703,-2.4117,2.3202,Transportation and Material Moving,22,18,0.2523,0.6773
53-1042.01,Recycling Coordinators,2023,29.24,0.7294,-1.5194,2.2584,Transportation and Material Moving,24,15,0.2198,0.7098
53-1042.01,Recycling Coordinators,2024,33.14,0.5664,-0.6131,2.2212,Transportation and Material Moving,26,12,0.1338,0.7919
53-1042.01,Recycling Coordinators,2025,36.81,0.5546,0.2397,2.4866,Transportation and Material Moving,29,6,0.065,0.8525
53-1042.01,Recycling Coordinators,2026,37.99,0.5139,0.5139,2.444,Transportation and Material Moving,30,3,0.05,0.865
53-1043.00,First-Line Supervisors of Material-Moving Machine and Vehicle Operators,2020,24.17,0.3273,-2.6976,1.4942,Transportation and Material Moving,25,16,0.2353,0.6988
53-1043.00,First-Line Supervisors of Material-Moving Machine and Vehicle Operators,2021,25.24,0.3181,-2.4489,1.5012,Transportation and Material Moving,22,18,0.2775,0.6563
53-1043.00,First-Line Supervisors of Material-Moving Machine and Vehicle Operators,2022,23.82,0.5693,-2.7789,1.4666,Transportation and Material Moving,23,18,0.2692,0.6592
53-1043.00,First-Line Supervisors of Material-Moving Machine and Vehicle Operators,2023,28.1,0.4246,-1.7843,1.8117,Transportation and Material Moving,25,15,0.2331,0.6974
53-1043.00,First-Line Supervisors of Material-Moving Machine and Vehicle Operators,2024,31.57,0.2131,-0.978,1.7066,Transportation and Material Moving,27,12,0.1461,0.7772
53-1043.00,First-Line Supervisors of Material-Moving Machine and Vehicle Operators,2025,35.28,0.2077,-0.1159,1.9428,Transportation and Material Moving,30,6,0.0688,0.8402
53-1043.00,First-Line Supervisors of Material-Moving Machine and Vehicle Operators,2026,36.47,0.1607,0.1607,1.8886,Transportation and Material Moving,32,3,0.049,0.8629
53-2011.00,"Airline Pilots, Copilots, and Flight Engineers",2020,21.0,-1.0498,-3.4342,-0.4238,Transportation and Material Moving,27,16,0.2591,0.6759
53-2011.00,"Airline Pilots, Copilots, and Flight Engineers",2021,21.91,-0.801,-3.2227,-0.0346,Transportation and Material Moving,25,18,0.2644,0.6704
53-2011.00,"Airline Pilots, Copilots, and Flight Engineers",2022,21.37,-0.5177,-3.3482,0.1431,Transportation and Material Moving,25,18,0.2938,0.6385
53-2011.00,"Airline Pilots, Copilots, and Flight Engineers",2023,23.08,-0.9174,-2.9509,-0.1552,Transportation and Material Moving,28,15,0.2081,0.7163
53-2011.00,"Airline Pilots, Copilots, and Flight Engineers",2024,25.57,-1.1369,-2.3722,-0.26,Transportation and Material Moving,30,12,0.149,0.7756
53-2011.00,"Airline Pilots, Copilots, and Flight Engineers",2025,28.26,-1.384,-1.7471,-0.5521,Transportation and Material Moving,33,6,0.0733,0.8373
53-2011.00,"Airline Pilots, Copilots, and Flight Engineers",2026,31.0,-1.1104,-1.1104,-0.11,Transportation and Material Moving,35,3,0.0485,0.8696
53-2012.00,Commercial Pilots,2020,22.0,-0.6154,-3.2018,0.1813,Transportation and Material Moving,27,16,0.2488,0.6808
53-2012.00,Commercial Pilots,2021,22.89,-0.4716,-2.995,0.4174,Transportation and Material Moving,25,18,0.2643,0.6652
53-2012.00,Commercial Pilots,2022,22.47,-0.0297,-3.0926,0.7373,Transportation and Material Moving,26,18,0.295,0.6471
53-2012.00,Commercial Pilots,2023,24.08,-0.6501,-2.7185,0.2366,Transportation and Material Moving,29,15,0.2168,0.7158
53-2012.00,Commercial Pilots,2024,26.73,-0.8759,-2.1027,0.1202,Transportation and Material Moving,30,12,0.1357,0.7881
53-2012.00,Commercial Pilots,2025,29.65,-1.0688,-1.4241,-0.0581,Transportation and Material Moving,33,6,0.0673,0.8412
53-2012.00,Commercial Pilots,2026,32.34,-0.7991,-0.7991,0.3796,Transportation and Material Moving,35,3,0.0443,0.8698
53-2021.00,Air Traffic Controllers,2020,24.37,0.4142,-2.6511,1.6152,Transportation and Material Moving,21,16,0.2029,0.7321
53-2021.00,Air Traffic Controllers,2021,26.65,0.7919,-2.1213,2.1515,Transportation and Material Moving,18,18,0.2941,0.6442
53-2021.00,Air Traffic Controllers,2022,24.67,0.9464,-2.5814,1.9258,Transportation and Material Moving,20,18,0.2827,0.6556
53-2021.00,Air Traffic Controllers,2023,28.97,0.6572,-1.5822,2.1526,Transportation and Material Moving,21,15,0.2458,0.6853
53-2021.00,Air Traffic Controllers,2024,33.35,0.6137,-0.5644,2.29,Transportation and Material Moving,21,12,0.1465,0.7707
53-2021.00,Air Traffic Controllers,2025,34.71,0.0784,-0.2483,1.7402,Transportation and Material Moving,25,6,0.0647,0.8573
53-2021.00,Air Traffic Controllers,2026,36.58,0.1862,0.1862,1.9288,Transportation and Material Moving,25,3,0.0579,0.8573
53-2022.00,Airfield Operations Specialists,2020,24.65,0.5358,-2.586,1.7846,Transportation and Material Moving,25,16,0.1995,0.7254
53-2022.00,Airfield Operations Specialists,2021,26.22,0.6474,-2.2212,1.9532,Transportation and Material Moving,23,18,0.243,0.6887
53-2022.00,Airfield Operations Specialists,2022,24.38,0.8177,-2.6488,1.7692,Transportation and Material Moving,24,18,0.2485,0.6822
53-2022.00,Airfield Operations Specialists,2023,27.85,0.3578,-1.8424,1.7137,Transportation and Material Moving,26,15,0.2081,0.7166
53-2022.00,Airfield Operations Specialists,2024,32.32,0.3819,-0.8037,1.9524,Transportation and Material Moving,27,12,0.1224,0.795
53-2022.00,Airfield Operations Specialists,2025,35.61,0.2825,-0.0392,2.0601,Transportation and Material Moving,31,6,0.058,0.8572
53-2022.00,Airfield Operations Specialists,2026,37.12,0.3117,0.3117,2.1261,Transportation and Material Moving,32,3,0.0411,0.8675
53-2031.00,Flight Attendants,2020,23.66,0.1057,-2.8161,1.1856,Transportation and Material Moving,24,16,0.2384,0.6996
53-2031.00,Flight Attendants,2021,24.34,0.0156,-2.6581,1.0861,Transportation and Material Moving,20,18,0.299,0.6373
53-2031.00,Flight Attendants,2022,22.53,-0.003,-3.0787,0.7698,Transportation and Material Moving,22,18,0.2761,0.6528
53-2031.00,Flight Attendants,2023,25.24,-0.3399,-2.4489,0.6911,Transportation and Material Moving,23,15,0.2846,0.6522
53-2031.00,Flight Attendants,2024,29.12,-0.3381,-1.5473,0.9036,Transportation and Material Moving,25,12,0.1747,0.7526
53-2031.00,Flight Attendants,2025,30.93,-0.7786,-1.1267,0.3968,Transportation and Material Moving,30,6,0.0874,0.8306
53-2031.00,Flight Attendants,2026,31.87,-0.9083,-0.9083,0.2079,Transportation and Material Moving,31,3,0.0435,0.8644
53-3011.00,"Ambulance Drivers and Attendants, Except Emergency Medical Technicians",2020,20.79,-1.1411,-3.483,-0.5508,Transportation and Material Moving,27,16,0.2536,0.6729
53-3011.00,"Ambulance Drivers and Attendants, Except Emergency Medical Technicians",2021,21.43,-0.9623,-3.3343,-0.256,Transportation and Material Moving,25,18,0.2832,0.6488
53-3011.00,"Ambulance Drivers and Attendants, Except Emergency Medical Technicians",2022,20.41,-0.9436,-3.5713,-0.3755,Transportation and Material Moving,26,18,0.291,0.6478
53-3011.00,"Ambulance Drivers and Attendants, Except Emergency Medical Technicians",2023,22.46,-1.0831,-3.0949,-0.3981,Transportation and Material Moving,27,15,0.2594,0.667
53-3011.00,"Ambulance Drivers and Attendants, Except Emergency Medical Technicians",2024,25.4,-1.1752,-2.4117,-0.3157,Transportation and Material Moving,29,12,0.1764,0.7444
53-3011.00,"Ambulance Drivers and Attendants, Except Emergency Medical Technicians",2025,28.83,-1.2547,-1.6147,-0.3495,Transportation and Material Moving,33,6,0.1028,0.8087
53-3011.00,"Ambulance Drivers and Attendants, Except Emergency Medical Technicians",2026,30.39,-1.2522,-1.2522,-0.3329,Transportation and Material Moving,36,3,0.0449,0.8706
53-3031.00,Driver/Sales Workers,2020,22.06,-0.5893,-3.1879,0.2176,Transportation and Material Moving,28,16,0.2646,0.6627
53-3031.00,Driver/Sales Workers,2021,22.45,-0.6195,-3.0973,0.2144,Transportation and Material Moving,26,18,0.2917,0.6384
53-3031.00,Driver/Sales Workers,2022,20.97,-0.6952,-3.4412,-0.073,Transportation and Material Moving,27,18,0.2963,0.6371
53-3031.00,Driver/Sales Workers,2023,23.36,-0.8425,-2.8858,-0.0455,Transportation and Material Moving,29,15,0.2598,0.6686
53-3031.00,Driver/Sales Workers,2024,27.04,-0.8062,-2.0306,0.2218,Transportation and Material Moving,31,12,0.1747,0.7482
53-3031.00,Driver/Sales Workers,2025,30.87,-0.7922,-1.1406,0.3755,Transportation and Material Moving,35,6,0.1013,0.8105
53-3031.00,Driver/Sales Workers,2026,32.38,-0.7898,-0.7898,0.3942,Transportation and Material Moving,38,3,0.0519,0.8634
53-3032.00,Heavy and Tractor-Trailer Truck Drivers,2020,21.2,-0.9629,-3.3877,-0.3028,Transportation and Material Moving,28,16,0.2877,0.6426
53-3032.00,Heavy and Tractor-Trailer Truck Drivers,2021,21.79,-0.8413,-3.2506,-0.09,Transportation and Material Moving,27,18,0.285,0.659
53-3032.00,Heavy and Tractor-Trailer Truck Drivers,2022,20.71,-0.8105,-3.5016,-0.2134,Transportation and Material Moving,27,18,0.3243,0.6234
53-3032.00,Heavy and Tractor-Trailer Truck Drivers,2023,21.15,-1.4334,-3.3993,-0.9114,Transportation and Material Moving,29,15,0.2314,0.7
53-3032.00,Heavy and Tractor-Trailer Truck Drivers,2024,23.85,-1.524,-2.7719,-0.8238,Transportation and Material Moving,31,12,0.1631,0.761
53-3032.00,Heavy and Tractor-Trailer Truck Drivers,2025,26.6,-1.7603,-2.1329,-1.1421,Transportation and Material Moving,34,6,0.1021,0.8099
53-3032.00,Heavy and Tractor-Trailer Truck Drivers,2026,28.26,-1.7471,-1.7471,-1.1111,Transportation and Material Moving,37,3,0.0511,0.8633
53-3033.00,Light Truck Drivers,2020,20.5,-1.2671,-3.5504,-0.7263,Transportation and Material Moving,28,16,0.2705,0.6573
53-3033.00,Light Truck Drivers,2021,21.48,-0.9455,-3.3227,-0.233,Transportation and Material Moving,27,18,0.3037,0.6372
53-3033.00,Light Truck Drivers,2022,20.2,-1.0368,-3.6201,-0.489,Transportation and Material Moving,27,18,0.305,0.6312
53-3033.00,Light Truck Drivers,2023,21.58,-1.3184,-3.2994,-0.7429,Transportation and Material Moving,29,15,0.2548,0.6752
53-3033.00,Light Truck Drivers,2024,24.28,-1.4272,-2.672,-0.6828,Transportation and Material Moving,30,12,0.1847,0.7362
53-3033.00,Light Truck Drivers,2025,27.72,-1.5064,-1.8726,-0.744,Transportation and Material Moving,34,6,0.0964,0.8142
53-3033.00,Light Truck Drivers,2026,29.1,-1.552,-1.552,-0.8042,Transportation and Material Moving,37,3,0.036,0.8746
53-3051.00,"Bus Drivers, School",2020,21.71,-0.7414,-3.2692,0.0058,Transportation and Material Moving,28,16,0.2467,0.6852
53-3051.00,"Bus Drivers, School",2021,22.39,-0.6397,-3.1112,0.1867,Transportation and Material Moving,26,18,0.2616,0.6655
53-3051.00,"Bus Drivers, School",2022,21.08,-0.6464,-3.4156,-0.0136,Transportation and Material Moving,26,18,0.297,0.6395
53-3051.00,"Bus Drivers, School",2023,23.26,-0.8693,-2.909,-0.0847,Transportation and Material Moving,29,15,0.2232,0.7092
53-3051.00,"Bus Drivers, School",2024,25.13,-1.236,-2.4745,-0.4042,Transportation and Material Moving,31,12,0.1439,0.7766
53-3051.00,"Bus Drivers, School",2025,27.78,-1.4928,-1.8587,-0.7227,Transportation and Material Moving,34,6,0.0704,0.8455
53-3051.00,"Bus Drivers, School",2026,29.73,-1.4056,-1.4056,-0.574,Transportation and Material Moving,36,3,0.0408,0.8732
53-3052.00,"Bus Drivers, Transit and Intercity",2020,21.09,-1.0107,-3.4133,-0.3693,Transportation and Material Moving,28,16,0.2558,0.6819
53-3052.00,"Bus Drivers, Transit and Intercity",2021,21.45,-0.9556,-3.3296,-0.2468,Transportation and Material Moving,26,18,0.2533,0.6844
53-3052.00,"Bus Drivers, Transit and Intercity",2022,21.52,-0.4511,-3.3134,0.2241,Transportation and Material Moving,25,18,0.3039,0.6266
53-3052.00,"Bus Drivers, Transit and Intercity",2023,22.43,-1.0912,-3.1019,-0.4099,Transportation and Material Moving,28,15,0.2168,0.7134
53-3052.00,"Bus Drivers, Transit and Intercity",2024,23.89,-1.515,-2.7626,-0.8107,Transportation and Material Moving,29,12,0.1425,0.7737
53-3052.00,"Bus Drivers, Transit and Intercity",2025,26.73,-1.7309,-2.1027,-1.0959,Transportation and Material Moving,32,6,0.0729,0.8391
53-3052.00,"Bus Drivers, Transit and Intercity",2026,28.97,-1.5822,-1.5822,-0.8517,Transportation and Material Moving,34,3,0.0367,0.8736
53-3053.00,Shuttle Drivers and Chauffeurs,2020,22.18,-0.5372,-3.16,0.2902,Transportation and Material Moving,28,16,0.2498,0.6798
53-3053.00,Shuttle Drivers and Chauffeurs,2021,22.94,-0.4548,-2.9834,0.4404,Transportation and Material Moving,27,18,0.2506,0.6892
53-3053.00,Shuttle Drivers and Chauffeurs,2022,21.36,-0.5221,-3.3505,0.1377,Transportation and Material Moving,26,18,0.2924,0.6378
53-3053.00,Shuttle Drivers and Chauffeurs,2023,23.63,-0.7704,-2.8231,0.0603,Transportation and Material Moving,29,15,0.2165,0.708
53-3053.00,Shuttle Drivers and Chauffeurs,2024,25.2,-1.2202,-2.4582,-0.3813,Transportation and Material Moving,31,12,0.1416,0.785
53-3053.00,Shuttle Drivers and Chauffeurs,2025,28.12,-1.4157,-1.7797,-0.6019,Transportation and Material Moving,34,6,0.0761,0.8369
53-3053.00,Shuttle Drivers and Chauffeurs,2026,29.69,-1.4148,-1.4148,-0.5886,Transportation and Material Moving,36,3,0.0403,0.8704
53-4011.00,Locomotive Engineers,2020,21.48,-0.8413,-3.3227,-0.1334,Transportation and Material Moving,28,16,0.2572,0.6808
53-4011.00,Locomotive Engineers,2021,21.68,-0.8783,-3.2762,-0.1407,Transportation and Material Moving,26,18,0.2838,0.6542
53-4011.00,Locomotive Engineers,2022,21.01,-0.6774,-3.4319,-0.0514,Transportation and Material Moving,26,18,0.3047,0.6324
53-4011.00,Locomotive Engineers,2023,22.52,-1.0671,-3.081,-0.3746,Transportation and Material Moving,29,15,0.2355,0.6997
53-4011.00,Locomotive Engineers,2024,25.45,-1.1639,-2.4001,-0.2993,Transportation and Material Moving,30,12,0.146,0.774
53-4011.00,Locomotive Engineers,2025,28.31,-1.3726,-1.7355,-0.5343,Transportation and Material Moving,33,6,0.0886,0.8247
53-4011.00,Locomotive Engineers,2026,30.11,-1.3173,-1.3173,-0.4352,Transportation and Material Moving,35,3,0.058,0.8493
53-4013.00,"Rail Yard Engineers, Dinkey Operators, and Hostlers",2020,20.44,-1.2931,-3.5643,-0.7626,Transportation and Material Moving,28,16,0.2638,0.669
53-4013.00,"Rail Yard Engineers, Dinkey Operators, and Hostlers",2021,20.94,-1.1269,-3.4481,-0.482,Transportation and Material Moving,26,18,0.2958,0.637
53-4013.00,"Rail Yard Engineers, Dinkey Operators, and Hostlers",2022,20.12,-1.0723,-3.6387,-0.5322,Transportation and Material Moving,26,18,0.3143,0.6207
53-4013.00,"Rail Yard Engineers, Dinkey Operators, and Hostlers",2023,21.32,-1.3879,-3.3598,-0.8448,Transportation and Material Moving,28,15,0.2614,0.6658
53-4013.00,"Rail Yard Engineers, Dinkey Operators, and Hostlers",2024,24.18,-1.4497,-2.6952,-0.7156,Transportation and Material Moving,31,12,0.1726,0.7554
53-4013.00,"Rail Yard Engineers, Dinkey Operators, and Hostlers",2025,27.83,-1.4815,-1.8471,-0.7049,Transportation and Material Moving,35,6,0.0921,0.8274
53-4013.00,"Rail Yard Engineers, Dinkey Operators, and Hostlers",2026,29.08,-1.5566,-1.5566,-0.8115,Transportation and Material Moving,37,3,0.0523,0.8617
53-4022.00,"Railroad Brake, Signal, and Switch Operators and Locomotive Firers",2020,20.28,-1.3626,-3.6015,-0.8594,Transportation and Material Moving,28,16,0.2732,0.6599
53-4022.00,"Railroad Brake, Signal, and Switch Operators and Locomotive Firers",2021,20.29,-1.3454,-3.5992,-0.7818,Transportation and Material Moving,26,18,0.3079,0.6278
53-4022.00,"Railroad Brake, Signal, and Switch Operators and Locomotive Firers",2022,19.13,-1.5115,-3.8687,-1.067,Transportation and Material Moving,27,18,0.3092,0.6361
53-4022.00,"Railroad Brake, Signal, and Switch Operators and Locomotive Firers",2023,21.64,-1.3024,-3.2855,-0.7194,Transportation and Material Moving,29,15,0.2576,0.6754
53-4022.00,"Railroad Brake, Signal, and Switch Operators and Locomotive Firers",2024,24.16,-1.4542,-2.6999,-0.7222,Transportation and Material Moving,31,12,0.177,0.7452
53-4022.00,"Railroad Brake, Signal, and Switch Operators and Locomotive Firers",2025,27.88,-1.4701,-1.8355,-0.6872,Transportation and Material Moving,35,6,0.0998,0.8137
53-4022.00,"Railroad Brake, Signal, and Switch Operators and Locomotive Firers",2026,29.87,-1.373,-1.373,-0.5229,Transportation and Material Moving,38,3,0.0531,0.8605
53-4031.00,Railroad Conductors and Yardmasters,2020,22.36,-0.459,-3.1182,0.3991,Transportation and Material Moving,27,16,0.2569,0.6736
53-4031.00,Railroad Conductors and Yardmasters,2021,22.63,-0.559,-3.0554,0.2974,Transportation and Material Moving,25,18,0.2837,0.6478
53-4031.00,Railroad Conductors and Yardmasters,2022,21.57,-0.429,-3.3017,0.2511,Transportation and Material Moving,26,18,0.288,0.6492
53-4031.00,Railroad Conductors and Yardmasters,2023,24.11,-0.642,-2.7115,0.2484,Transportation and Material Moving,28,15,0.2414,0.688
53-4031.00,Railroad Conductors and Yardmasters,2024,27.84,-0.6262,-1.8447,0.484,Transportation and Material Moving,30,12,0.1625,0.7606
53-4031.00,Railroad Conductors and Yardmasters,2025,30.64,-0.8444,-1.1941,0.2937,Transportation and Material Moving,35,6,0.0763,0.8391
53-4031.00,Railroad Conductors and Yardmasters,2026,31.61,-0.9687,-0.9687,0.1129,Transportation and Material Moving,37,3,0.0438,0.8661
53-4041.00,Subway and Streetcar Operators,2020,22.18,-0.5372,-3.16,0.2902,Transportation and Material Moving,28,16,0.2705,0.6648
53-4041.00,Subway and Streetcar Operators,2021,22.42,-0.6296,-3.1042,0.2006,Transportation and Material Moving,26,18,0.2885,0.6468
53-4041.00,Subway and Streetcar Operators,2022,21.54,-0.4423,-3.3087,0.2349,Transportation and Material Moving,26,18,0.3203,0.6166
53-4041.00,Subway and Streetcar Operators,2023,23.75,-0.7383,-2.7952,0.1073,Transportation and Material Moving,28,15,0.2358,0.6885
53-4041.00,Subway and Streetcar Operators,2024,25.39,-1.1774,-2.4141,-0.319,Transportation and Material Moving,30,12,0.1578,0.7642
53-4041.00,Subway and Streetcar Operators,2025,28.92,-1.2343,-1.5938,-0.3175,Transportation and Material Moving,34,6,0.0852,0.8299
53-4041.00,Subway and Streetcar Operators,2026,30.89,-1.136,-1.136,-0.1502,Transportation and Material Moving,36,3,0.054,0.8525
53-5011.00,Sailors and Marine Oilers,2020,22.4,-0.4416,-3.1089,0.4233,Transportation and Material Moving,29,16,0.276,0.6529
53-5011.00,Sailors and Marine Oilers,2021,22.06,-0.7506,-3.1879,0.0345,Transportation and Material Moving,28,18,0.3186,0.6264
53-5011.00,Sailors and Marine Oilers,2022,21.49,-0.4645,-3.3203,0.2079,Transportation and Material Moving,27,18,0.3198,0.6133
53-5011.00,Sailors and Marine Oilers,2023,23.28,-0.8639,-2.9044,-0.0768,Transportation and Material Moving,30,15,0.2727,0.663
53-5011.00,Sailors and Marine Oilers,2024,24.93,-1.281,-2.521,-0.4698,Transportation and Material Moving,32,12,0.1934,0.7296
53-5011.00,Sailors and Marine Oilers,2025,28.01,-1.4406,-1.8052,-0.641,Transportation and Material Moving,36,6,0.1096,0.8073
53-5011.00,Sailors and Marine Oilers,2026,28.58,-1.6728,-1.6728,-0.9942,Transportation and Material Moving,39,3,0.0576,0.8603
53-5021.00,"Captains, Mates, and Pilots of Water Vessels",2020,21.86,-0.6762,-3.2344,0.0966,Transportation and Material Moving,29,16,0.2553,0.6733
53-5021.00,"Captains, Mates, and Pilots of Water Vessels",2021,23.05,-0.4179,-2.9578,0.4912,Transportation and Material Moving,27,18,0.281,0.6476
53-5021.00,"Captains, Mates, and Pilots of Water Vessels",2022,21.41,-0.4999,-3.3389,0.1647,Transportation and Material Moving,28,18,0.2967,0.6449
53-5021.00,"Captains, Mates, and Pilots of Water Vessels",2023,22.94,-0.9548,-2.9834,-0.2101,Transportation and Material Moving,30,15,0.2341,0.6922
53-5021.00,"Captains, Mates, and Pilots of Water Vessels",2024,26.11,-1.0154,-2.2468,-0.083,Transportation and Material Moving,32,12,0.1668,0.7503
53-5021.00,"Captains, Mates, and Pilots of Water Vessels",2025,29.3,-1.1482,-1.5055,-0.1825,Transportation and Material Moving,37,6,0.0853,0.8322
53-5021.00,"Captains, Mates, and Pilots of Water Vessels",2026,30.17,-1.3033,-1.3033,-0.4132,Transportation and Material Moving,39,3,0.0492,0.8594
53-5022.00,Motorboat Operators,2020,20.92,-1.0846,-3.4528,-0.4722,Transportation and Material Moving,29,16,0.2681,0.6695
53-5022.00,Motorboat Operators,2021,21.69,-0.8749,-3.2739,-0.1361,Transportation and Material Moving,27,18,0.3009,0.6366
53-5022.00,Motorboat Operators,2022,21.8,-0.3269,-3.2483,0.3754,Transportation and Material Moving,27,18,0.3155,0.6271
53-5022.00,Motorboat Operators,2023,22.39,-1.1019,-3.1112,-0.4256,Transportation and Material Moving,29,15,0.2381,0.6874
53-5022.00,Motorboat Operators,2024,24.55,-1.3665,-2.6093,-0.5943,Transportation and Material Moving,32,12,0.1673,0.7565
53-5022.00,Motorboat Operators,2025,28.38,-1.3568,-1.7193,-0.5095,Transportation and Material Moving,35,6,0.0955,0.817
53-5022.00,Motorboat Operators,2026,29.41,-1.4799,-1.4799,-0.6909,Transportation and Material Moving,38,3,0.0528,0.8655
53-5031.00,Ship Engineers,2020,21.2,-0.9629,-3.3877,-0.3028,Transportation and Material Moving,27,16,0.2697,0.6647
53-5031.00,Ship Engineers,2021,21.92,-0.7976,-3.2204,-0.03,Transportation and Material Moving,25,18,0.305,0.6342
53-5031.00,Ship Engineers,2022,20.72,-0.8061,-3.4993,-0.208,Transportation and Material Moving,25,18,0.3039,0.628
53-5031.00,Ship Engineers,2023,23.2,-0.8853,-2.923,-0.1082,Transportation and Material Moving,28,15,0.238,0.6961
53-5031.00,Ship Engineers,2024,27.16,-0.7792,-2.0028,0.2611,Transportation and Material Moving,30,12,0.1693,0.7548
53-5031.00,Ship Engineers,2025,31.42,-0.6675,-1.0128,0.571,Transportation and Material Moving,34,6,0.0852,0.8302
53-5031.00,Ship Engineers,2026,32.62,-0.734,-0.734,0.4819,Transportation and Material Moving,36,3,0.0545,0.8612
53-6011.00,Bridge and Lock Tenders,2020,23.13,-0.1245,-2.9392,0.8649,Transportation and Material Moving,28,16,0.2673,0.6623
53-6011.00,Bridge and Lock Tenders,2021,23.05,-0.4179,-2.9578,0.4912,Transportation and Material Moving,26,18,0.2858,0.6438
53-6011.00,Bridge and Lock Tenders,2022,21.15,-0.6153,-3.3993,0.0243,Transportation and Material Moving,26,18,0.3051,0.6264
53-6011.00,Bridge and Lock Tenders,2023,24.57,-0.5191,-2.6046,0.4286,Transportation and Material Moving,29,15,0.2344,0.6941
53-6011.00,Bridge and Lock Tenders,2024,27.4,-0.7252,-1.947,0.3398,Transportation and Material Moving,31,12,0.1725,0.7457
53-6011.00,Bridge and Lock Tenders,2025,29.92,-1.0076,-1.3614,0.0379,Transportation and Material Moving,35,6,0.0845,0.8268
53-6011.00,Bridge and Lock Tenders,2026,31.13,-1.0802,-1.0802,-0.0625,Transportation and Material Moving,38,3,0.0521,0.8603
53-6021.00,Parking Attendants,2020,20.68,-1.1889,-3.5086,-0.6174,Transportation and Material Moving,29,16,0.2324,0.7051
53-6021.00,Parking Attendants,2021,21.26,-1.0194,-3.3738,-0.3344,Transportation and Material Moving,26,18,0.2873,0.643
53-6021.00,Parking Attendants,2022,20.75,-0.7928,-3.4923,-0.1918,Transportation and Material Moving,27,18,0.2787,0.654
53-6021.00,Parking Attendants,2023,23.16,-0.896,-2.9323,-0.1239,Transportation and Material Moving,29,15,0.2516,0.6851
53-6021.00,Parking Attendants,2024,25.46,-1.1617,-2.3978,-0.2961,Transportation and Material Moving,30,12,0.1724,0.7504
53-6021.00,Parking Attendants,2025,29.45,-1.1142,-1.4706,-0.1292,Transportation and Material Moving,35,6,0.102,0.8161
53-6021.00,Parking Attendants,2026,30.61,-1.2011,-1.2011,-0.2525,Transportation and Material Moving,37,3,0.0476,0.8599
53-6031.00,Automotive and Watercraft Service Attendants,2020,20.34,-1.3366,-3.5876,-0.8231,Transportation and Material Moving,28,16,0.2728,0.664
53-6031.00,Automotive and Watercraft Service Attendants,2021,19.66,-1.5571,-3.7456,-1.0724,Transportation and Material Moving,25,18,0.3432,0.5942
53-6031.00,Automotive and Watercraft Service Attendants,2022,20.03,-1.1122,-3.6596,-0.5808,Transportation and Material Moving,26,18,0.3091,0.6245
53-6031.00,Automotive and Watercraft Service Attendants,2023,21.54,-1.3291,-3.3087,-0.7586,Transportation and Material Moving,28,15,0.2714,0.6659
53-6031.00,Automotive and Watercraft Service Attendants,2024,23.23,-1.6635,-2.916,-1.027,Transportation and Material Moving,30,12,0.2024,0.7213
53-6031.00,Automotive and Watercraft Service Attendants,2025,28.32,-1.3704,-1.7332,-0.5308,Transportation and Material Moving,34,6,0.1122,0.8012
53-6031.00,Automotive and Watercraft Service Attendants,2026,29.57,-1.4427,-1.4427,-0.6325,Transportation and Material Moving,36,3,0.0645,0.8444
53-6041.00,Traffic Technicians,2020,23.52,0.0449,-2.8486,1.1009,Transportation and Material Moving,24,16,0.2158,0.7097
53-6041.00,Traffic Technicians,2021,25.3,0.3383,-2.435,1.5289,Transportation and Material Moving,22,18,0.2752,0.6589
53-6041.00,Traffic Technicians,2022,24.04,0.6669,-2.7278,1.5855,Transportation and Material Moving,23,18,0.2492,0.683
53-6041.00,Traffic Technicians,2023,28.57,0.5503,-1.6751,1.9958,Transportation and Material Moving,25,15,0.211,0.7128
53-6041.00,Traffic Technicians,2024,32.58,0.4404,-0.7433,2.0377,Transportation and Material Moving,26,12,0.1429,0.774
53-6041.00,Traffic Technicians,2025,35.93,0.355,0.0352,2.1738,Transportation and Material Moving,30,6,0.0649,0.8484
53-6041.00,Traffic Technicians,2026,37.32,0.3582,0.3582,2.1992,Transportation and Material Moving,31,3,0.053,0.8598
53-6051.00,Transportation Inspectors,2020,24.28,0.3751,-2.672,1.5607,Transportation and Material Moving,24,16,0.2129,0.7133
53-6051.00,Transportation Inspectors,2021,25.75,0.4895,-2.3304,1.7364,Transportation and Material Moving,23,18,0.2444,0.6854
53-6051.00,Transportation Inspectors,2022,24.47,0.8577,-2.6279,1.8178,Transportation and Material Moving,23,18,0.2513,0.6806
53-6051.00,Transportation Inspectors,2023,28.74,0.5957,-1.6356,2.0625,Transportation and Material Moving,24,15,0.2361,0.6892
53-6051.00,Transportation Inspectors,2024,32.73,0.4742,-0.7084,2.0868,Transportation and Material Moving,27,12,0.13,0.7856
53-6051.00,Transportation Inspectors,2025,35.45,0.2462,-0.0764,2.0032,Transportation and Material Moving,31,6,0.0628,0.8436
53-6051.00,Transportation Inspectors,2026,36.43,0.1514,0.1514,1.874,Transportation and Material Moving,33,3,0.0413,0.8638
53-6051.01,Aviation Inspectors,2020,24.18,0.3316,-2.6952,1.5002,Transportation and Material Moving,25,16,0.217,0.7083
53-6051.01,Aviation Inspectors,2021,24.87,0.1937,-2.5349,1.3306,Transportation and Material Moving,23,18,0.2826,0.6491
53-6051.01,Aviation Inspectors,2022,23.9,0.6048,-2.7603,1.5098,Transportation and Material Moving,24,18,0.2571,0.6753
53-6051.01,Aviation Inspectors,2023,27.27,0.2028,-1.9772,1.4865,Transportation and Material Moving,26,15,0.2204,0.7075
53-6051.01,Aviation Inspectors,2024,31.53,0.2041,-0.9873,1.6935,Transportation and Material Moving,28,12,0.1482,0.7757
53-6051.01,Aviation Inspectors,2025,34.72,0.0807,-0.246,1.7438,Transportation and Material Moving,31,6,0.0688,0.8394
53-6051.01,Aviation Inspectors,2026,36.45,0.156,0.156,1.8813,Transportation and Material Moving,33,3,0.0504,0.8601
53-6051.07,"Transportation Vehicle, Equipment and Systems Inspectors, Except Aviation",2020,22.38,-0.4503,-3.1135,0.4112,Transportation and Material Moving,26,16,0.2195,0.7098
53-6051.07,"Transportation Vehicle, Equipment and Systems Inspectors, Except Aviation",2021,22.29,-0.6733,-3.1344,0.1406,Transportation and Material Moving,24,18,0.2897,0.6414
53-6051.07,"Transportation Vehicle, Equipment and Systems Inspectors, Except Aviation",2022,21.36,-0.5221,-3.3505,0.1377,Transportation and Material Moving,24,18,0.2521,0.6741
53-6051.07,"Transportation Vehicle, Equipment and Systems Inspectors, Except Aviation",2023,23.66,-0.7623,-2.8161,0.072,Transportation and Material Moving,27,15,0.2311,0.7004
53-6051.07,"Transportation Vehicle, Equipment and Systems Inspectors, Except Aviation",2024,27.01,-0.8129,-2.0376,0.212,Transportation and Material Moving,29,12,0.1548,0.7685
53-6051.07,"Transportation Vehicle, Equipment and Systems Inspectors, Except Aviation",2025,30.28,-0.926,-1.2777,0.1658,Transportation and Material Moving,32,6,0.0911,0.8184
53-6051.07,"Transportation Vehicle, Equipment and Systems Inspectors, Except Aviation",2026,32.43,-0.7781,-0.7781,0.4125,Transportation and Material Moving,35,3,0.0649,0.8494
53-6061.00,Passenger Attendants,2020,24.65,0.5358,-2.586,1.7846,Transportation and Material Moving,25,16,0.2451,0.6837
53-6061.00,Passenger Attendants,2021,25.25,0.3215,-2.4466,1.5058,Transportation and Material Moving,22,18,0.2731,0.6634
53-6061.00,Passenger Attendants,2022,23.19,0.2898,-2.9253,1.1263,Transportation and Material Moving,24,18,0.2768,0.6548
53-6061.00,Passenger Attendants,2023,26.28,-0.0619,-2.2073,1.0986,Transportation and Material Moving,25,15,0.2734,0.6642
53-6061.00,Passenger Attendants,2024,29.72,-0.2031,-1.4079,1.1002,Transportation and Material Moving,27,12,0.1639,0.7609
53-6061.00,Passenger Attendants,2025,33.51,-0.1936,-0.5272,1.3137,Transportation and Material Moving,32,6,0.0743,0.8387
53-6061.00,Passenger Attendants,2026,34.18,-0.3715,-0.3715,1.0519,Transportation and Material Moving,34,3,0.0378,0.8724
53-7011.00,Conveyor Operators and Tenders,2020,21.45,-0.8543,-3.3296,-0.1515,Transportation and Material Moving,26,16,0.2745,0.6579
53-7011.00,Conveyor Operators and Tenders,2021,21.21,-1.0362,-3.3854,-0.3575,Transportation and Material Moving,24,18,0.3149,0.6175
53-7011.00,Conveyor Operators and Tenders,2022,20.84,-0.7528,-3.4714,-0.1432,Transportation and Material Moving,25,18,0.3082,0.6345
53-7011.00,Conveyor Operators and Tenders,2023,23.12,-0.9067,-2.9416,-0.1395,Transportation and Material Moving,27,15,0.2562,0.6776
53-7011.00,Conveyor Operators and Tenders,2024,26.08,-1.0222,-2.2537,-0.0928,Transportation and Material Moving,29,12,0.1714,0.7567
53-7011.00,Conveyor Operators and Tenders,2025,29.76,-1.0439,-1.3986,-0.019,Transportation and Material Moving,33,6,0.0946,0.8215
53-7011.00,Conveyor Operators and Tenders,2026,31.37,-1.0245,-1.0245,0.0252,Transportation and Material Moving,35,3,0.0546,0.8566
53-7021.00,Crane and Tower Operators,2020,20.54,-1.2497,-3.5411,-0.7021,Transportation and Material Moving,28,16,0.2894,0.6514
53-7021.00,Crane and Tower Operators,2021,20.4,-1.3084,-3.5736,-0.7311,Transportation and Material Moving,26,18,0.3067,0.6342
53-7021.00,Crane and Tower Operators,2022,20.17,-1.0501,-3.6271,-0.5052,Transportation and Material Moving,26,18,0.329,0.6062
53-7021.00,Crane and Tower Operators,2023,21.51,-1.3371,-3.3157,-0.7704,Transportation and Material Moving,29,15,0.2395,0.6976
53-7021.00,Crane and Tower Operators,2024,23.45,-1.614,-2.8649,-0.9549,Transportation and Material Moving,31,12,0.1604,0.7671
53-7021.00,Crane and Tower Operators,2025,27.27,-1.6084,-1.9772,-0.9039,Transportation and Material Moving,34,6,0.0822,0.8267
53-7021.00,Crane and Tower Operators,2026,28.81,-1.6193,-1.6193,-0.9102,Transportation and Material Moving,37,3,0.0506,0.8645
53-7031.00,Dredge Operators,2020,21.31,-0.9152,-3.3622,-0.2362,Transportation and Material Moving,27,16,0.2896,0.6491
53-7031.00,Dredge Operators,2021,20.6,-1.2412,-3.5272,-0.6388,Transportation and Material Moving,25,18,0.321,0.6178
53-7031.00,Dredge Operators,2022,21.33,-0.5354,-3.3575,0.1215,Transportation and Material Moving,25,18,0.3177,0.619
53-7031.00,Dredge Operators,2023,21.64,-1.3024,-3.2855,-0.7194,Transportation and Material Moving,27,15,0.2488,0.6806
53-7031.00,Dredge Operators,2024,23.76,-1.5442,-2.7928,-0.8533,Transportation and Material Moving,29,12,0.1674,0.753
53-7031.00,Dredge Operators,2025,28.24,-1.3885,-1.7518,-0.5592,Transportation and Material Moving,33,6,0.1001,0.812
53-7031.00,Dredge Operators,2026,29.38,-1.4869,-1.4869,-0.7019,Transportation and Material Moving,35,3,0.0637,0.8457
53-7041.00,Hoist and Winch Operators,2020,21.37,-0.8891,-3.3482,-0.1999,Transportation and Material Moving,28,16,0.2869,0.6479
53-7041.00,Hoist and Winch Operators,2021,21.01,-1.1034,-3.4319,-0.4497,Transportation and Material Moving,26,18,0.3285,0.6062
53-7041.00,Hoist and Winch Operators,2022,20.06,-1.0989,-3.6526,-0.5646,Transportation and Material Moving,26,18,0.3192,0.6165
53-7041.00,Hoist and Winch Operators,2023,22.6,-1.0457,-3.0624,-0.3433,Transportation and Material Moving,29,15,0.2657,0.6691
53-7041.00,Hoist and Winch Operators,2024,24.84,-1.3012,-2.5419,-0.4993,Transportation and Material Moving,31,12,0.172,0.7507
53-7041.00,Hoist and Winch Operators,2025,28.08,-1.4248,-1.789,-0.6161,Transportation and Material Moving,36,6,0.0854,0.8335
53-7041.00,Hoist and Winch Operators,2026,29.87,-1.373,-1.373,-0.5229,Transportation and Material Moving,38,3,0.0494,0.865
53-7051.00,Industrial Truck and Tractor Operators,2020,18.68,-2.0577,-3.9733,-1.8274,Transportation and Material Moving,28,16,0.2883,0.6521
53-7051.00,Industrial Truck and Tractor Operators,2021,18.58,-1.92,-3.9966,-1.5705,Transportation and Material Moving,25,18,0.3292,0.6051
53-7051.00,Industrial Truck and Tractor Operators,2022,19.36,-1.4095,-3.8153,-0.9427,Transportation and Material Moving,26,18,0.3192,0.6151
53-7051.00,Industrial Truck and Tractor Operators,2023,20.13,-1.706,-3.6364,-1.3111,Transportation and Material Moving,28,15,0.258,0.6777
53-7051.00,Industrial Truck and Tractor Operators,2024,22.17,-1.902,-3.1623,-1.3744,Transportation and Material Moving,30,12,0.1716,0.7562
53-7051.00,Industrial Truck and Tractor Operators,2025,26.47,-1.7898,-2.1631,-1.1883,Transportation and Material Moving,34,6,0.0942,0.8232
53-7051.00,Industrial Truck and Tractor Operators,2026,27.84,-1.8447,-1.8447,-1.2646,Transportation and Material Moving,36,3,0.0477,0.8653
53-7061.00,Cleaners of Vehicles and Equipment,2020,19.16,-1.8492,-3.8618,-1.537,Transportation and Material Moving,26,16,0.2485,0.6882
53-7061.00,Cleaners of Vehicles and Equipment,2021,18.49,-1.9503,-4.0175,-1.612,Transportation and Material Moving,24,18,0.3089,0.6332
53-7061.00,Cleaners of Vehicles and Equipment,2022,17.73,-2.1326,-4.1941,-1.8233,Transportation and Material Moving,24,18,0.2822,0.6542
53-7061.00,Cleaners of Vehicles and Equipment,2023,19.49,-1.8771,-3.7851,-1.5618,Transportation and Material Moving,25,15,0.2705,0.6663
53-7061.00,Cleaners of Vehicles and Equipment,2024,22.74,-1.7737,-3.0299,-1.1876,Transportation and Material Moving,28,12,0.1854,0.7411
53-7061.00,Cleaners of Vehicles and Equipment,2025,27.37,-1.5858,-1.954,-0.8684,Transportation and Material Moving,31,6,0.1123,0.8051
53-7061.00,Cleaners of Vehicles and Equipment,2026,29.11,-1.5496,-1.5496,-0.8005,Transportation and Material Moving,33,3,0.0623,0.8507
53-7062.00,"Laborers and Freight, Stock, and Material Movers, Hand",2020,18.52,-2.1272,-4.0105,-1.9242,Transportation and Material Moving,27,16,0.2811,0.6513
53-7062.00,"Laborers and Freight, Stock, and Material Movers, Hand",2021,18.02,-2.1082,-4.1267,-1.8288,Transportation and Material Moving,25,18,0.333,0.6047
53-7062.00,"Laborers and Freight, Stock, and Material Movers, Hand",2022,17.39,-2.2835,-4.2731,-2.007,Transportation and Material Moving,26,18,0.3224,0.6185
53-7062.00,"Laborers and Freight, Stock, and Material Movers, Hand",2023,19.66,-1.8317,-3.7456,-1.4952,Transportation and Material Moving,28,15,0.2807,0.6558
53-7062.00,"Laborers and Freight, Stock, and Material Movers, Hand",2024,22.8,-1.7602,-3.0159,-1.1679,Transportation and Material Moving,29,12,0.2035,0.7193
53-7062.00,"Laborers and Freight, Stock, and Material Movers, Hand",2025,26.95,-1.681,-2.0516,-1.0177,Transportation and Material Moving,34,6,0.1152,0.7968
53-7062.00,"Laborers and Freight, Stock, and Material Movers, Hand",2026,28.62,-1.6635,-1.6635,-0.9796,Transportation and Material Moving,36,3,0.0392,0.8669
53-7062.04,Recycling and Reclamation Workers,2020,20.34,-1.3366,-3.5876,-0.8231,Transportation and Material Moving,27,16,0.2863,0.6479
53-7062.04,Recycling and Reclamation Workers,2021,19.5,-1.6109,-3.7828,-1.1462,Transportation and Material Moving,25,18,0.3406,0.5979
53-7062.04,Recycling and Reclamation Workers,2022,19.02,-1.5603,-3.8943,-1.1264,Transportation and Material Moving,26,18,0.3299,0.6153
53-7062.04,Recycling and Reclamation Workers,2023,20.93,-1.4922,-3.4505,-0.9976,Transportation and Material Moving,27,15,0.281,0.6519
53-7062.04,Recycling and Reclamation Workers,2024,23.91,-1.5105,-2.758,-0.8041,Transportation and Material Moving,30,12,0.1873,0.7417
53-7062.04,Recycling and Reclamation Workers,2025,27.86,-1.4747,-1.8401,-0.6943,Transportation and Material Moving,33,6,0.1197,0.7929
53-7062.04,Recycling and Reclamation Workers,2026,30.06,-1.3289,-1.3289,-0.4534,Transportation and Material Moving,36,3,0.072,0.8443
53-7063.00,Machine Feeders and Offbearers,2020,21.0,-1.0498,-3.4342,-0.4238,Transportation and Material Moving,25,16,0.2864,0.6459
53-7063.00,Machine Feeders and Offbearers,2021,20.14,-1.3958,-3.634,-0.851,Transportation and Material Moving,23,18,0.3202,0.6256
53-7063.00,Machine Feeders and Offbearers,2022,19.46,-1.3651,-3.7921,-0.8887,Transportation and Material Moving,25,18,0.3058,0.6365
53-7063.00,Machine Feeders and Offbearers,2023,22.04,-1.1954,-3.1925,-0.5627,Transportation and Material Moving,25,15,0.2568,0.6751
53-7063.00,Machine Feeders and Offbearers,2024,24.99,-1.2675,-2.507,-0.4501,Transportation and Material Moving,28,12,0.1682,0.7579
53-7063.00,Machine Feeders and Offbearers,2025,29.17,-1.1776,-1.5357,-0.2287,Transportation and Material Moving,32,6,0.1135,0.8045
53-7063.00,Machine Feeders and Offbearers,2026,30.63,-1.1964,-1.1964,-0.2452,Transportation and Material Moving,34,3,0.072,0.8453
53-7064.00,"Packers and Packagers, Hand",2020,20.98,-1.0585,-3.4389,-0.4359,Transportation and Material Moving,26,16,0.2529,0.6817
53-7064.00,"Packers and Packagers, Hand",2021,19.81,-1.5067,-3.7107,-1.0032,Transportation and Material Moving,23,18,0.335,0.5993
53-7064.00,"Packers and Packagers, Hand",2022,19.14,-1.5071,-3.8664,-1.0616,Transportation and Material Moving,24,18,0.2893,0.6401
53-7064.00,"Packers and Packagers, Hand",2023,21.32,-1.3879,-3.3598,-0.8448,Transportation and Material Moving,25,15,0.2864,0.6484
53-7064.00,"Packers and Packagers, Hand",2024,24.38,-1.4047,-2.6488,-0.6501,Transportation and Material Moving,28,12,0.1807,0.7463
53-7064.00,"Packers and Packagers, Hand",2025,28.22,-1.393,-1.7564,-0.5663,Transportation and Material Moving,31,6,0.1209,0.7939
53-7064.00,"Packers and Packagers, Hand",2026,29.97,-1.3498,-1.3498,-0.4863,Transportation and Material Moving,33,3,0.0618,0.8511
53-7065.00,Stockers and Order Fillers,2020,21.67,-0.7588,-3.2785,-0.0184,Transportation and Material Moving,27,16,0.2571,0.6805
53-7065.00,Stockers and Order Fillers,2021,21.74,-0.8581,-3.2622,-0.113,Transportation and Material Moving,24,18,0.3291,0.607
53-7065.00,Stockers and Order Fillers,2022,19.81,-1.2098,-3.7107,-0.6996,Transportation and Material Moving,25,18,0.2957,0.6351
53-7065.00,Stockers and Order Fillers,2023,22.5,-1.0725,-3.0856,-0.3825,Transportation and Material Moving,27,15,0.2894,0.6467
53-7065.00,Stockers and Order Fillers,2024,25.56,-1.1392,-2.3746,-0.2633,Transportation and Material Moving,29,12,0.1827,0.7373
53-7065.00,Stockers and Order Fillers,2025,29.39,-1.1278,-1.4846,-0.1505,Transportation and Material Moving,34,6,0.094,0.8221
53-7065.00,Stockers and Order Fillers,2026,30.3,-1.2731,-1.2731,-0.3657,Transportation and Material Moving,36,3,0.0427,0.8701
53-7071.00,Gas Compressor and Gas Pumping Station Operators,2020,21.41,-0.8717,-3.3389,-0.1757,Transportation and Material Moving,26,16,0.2483,0.6798
53-7071.00,Gas Compressor and Gas Pumping Station Operators,2021,21.11,-1.0698,-3.4086,-0.4036,Transportation and Material Moving,25,18,0.3263,0.6167
53-7071.00,Gas Compressor and Gas Pumping Station Operators,2022,20.11,-1.0767,-3.641,-0.5376,Transportation and Material Moving,25,18,0.2869,0.6489
53-7071.00,Gas Compressor and Gas Pumping Station Operators,2023,22.6,-1.0457,-3.0624,-0.3433,Transportation and Material Moving,27,15,0.2364,0.6916
53-7071.00,Gas Compressor and Gas Pumping Station Operators,2024,26.34,-0.9637,-2.1933,-0.0076,Transportation and Material Moving,29,12,0.1663,0.7528
53-7071.00,Gas Compressor and Gas Pumping Station Operators,2025,28.98,-1.2207,-1.5798,-0.2962,Transportation and Material Moving,33,6,0.0941,0.816
53-7071.00,Gas Compressor and Gas Pumping Station Operators,2026,31.02,-1.1058,-1.1058,-0.1027,Transportation and Material Moving,35,3,0.0693,0.8385
53-7072.00,"Pump Operators, Except Wellhead Pumpers",2020,21.11,-1.002,-3.4086,-0.3572,Transportation and Material Moving,28,16,0.2574,0.6818
53-7072.00,"Pump Operators, Except Wellhead Pumpers",2021,20.88,-1.1471,-3.4621,-0.5097,Transportation and Material Moving,26,18,0.327,0.6204
53-7072.00,"Pump Operators, Except Wellhead Pumpers",2022,21.34,-0.531,-3.3552,0.1269,Transportation and Material Moving,27,18,0.2863,0.6574
53-7072.00,"Pump Operators, Except Wellhead Pumpers",2023,25.31,-0.3212,-2.4327,0.7185,Transportation and Material Moving,28,15,0.2648,0.6638
53-7072.00,"Pump Operators, Except Wellhead Pumpers",2024,26.49,-0.9299,-2.1585,0.0415,Transportation and Material Moving,31,12,0.1776,0.7553
53-7072.00,"Pump Operators, Except Wellhead Pumpers",2025,29.81,-1.0325,-1.387,-0.0012,Transportation and Material Moving,35,6,0.0971,0.8241
53-7072.00,"Pump Operators, Except Wellhead Pumpers",2026,31.41,-1.0152,-1.0152,0.0398,Transportation and Material Moving,37,3,0.0586,0.8593
53-7073.00,Wellhead Pumpers,2020,19.39,-1.7493,-3.8083,-1.3979,Transportation and Material Moving,26,16,0.26,0.6724
53-7073.00,Wellhead Pumpers,2021,19.04,-1.7654,-3.8897,-1.3583,Transportation and Material Moving,24,18,0.3162,0.6176
53-7073.00,Wellhead Pumpers,2022,17.57,-2.2036,-4.2313,-1.9097,Transportation and Material Moving,25,18,0.2869,0.6471
53-7073.00,Wellhead Pumpers,2023,20.53,-1.5991,-3.5434,-1.1543,Transportation and Material Moving,26,15,0.2627,0.6658
53-7073.00,Wellhead Pumpers,2024,24.16,-1.4542,-2.6999,-0.7222,Transportation and Material Moving,29,12,0.1516,0.7708
53-7073.00,Wellhead Pumpers,2025,29.05,-1.2048,-1.5636,-0.2713,Transportation and Material Moving,33,6,0.0941,0.8199
53-7073.00,Wellhead Pumpers,2026,30.53,-1.2197,-1.2197,-0.2817,Transportation and Material Moving,35,3,0.0461,0.8657
53-7081.00,Refuse and Recyclable Material Collectors,2020,18.98,-1.9274,-3.9036,-1.6459,Transportation and Material Moving,28,16,0.2751,0.6531
53-7081.00,Refuse and Recyclable Material Collectors,2021,19.1,-1.7453,-3.8757,-1.3307,Transportation and Material Moving,27,18,0.3069,0.6367
53-7081.00,Refuse and Recyclable Material Collectors,2022,18.08,-1.9773,-4.1127,-1.6342,Transportation and Material Moving,27,18,0.3189,0.6283
53-7081.00,Refuse and Recyclable Material Collectors,2023,20.02,-1.7355,-3.6619,-1.3542,Transportation and Material Moving,28,15,0.2724,0.6623
53-7081.00,Refuse and Recyclable Material Collectors,2024,22.25,-1.884,-3.1437,-1.3482,Transportation and Material Moving,30,12,0.2036,0.7196
53-7081.00,Refuse and Recyclable Material Collectors,2025,25.95,-1.9077,-2.2839,-1.3731,Transportation and Material Moving,34,6,0.1065,0.8127
53-7081.00,Refuse and Recyclable Material Collectors,2026,27.13,-2.0097,-2.0097,-1.524,Transportation and Material Moving,36,3,0.0373,0.8682
53-7121.00,"Tank Car, Truck, and Ship Loaders",2020,20.26,-1.3713,-3.6062,-0.8715,Transportation and Material Moving,28,16,0.3111,0.627
53-7121.00,"Tank Car, Truck, and Ship Loaders",2021,19.53,-1.6008,-3.7758,-1.1323,Transportation and Material Moving,26,18,0.3411,0.597
53-7121.00,"Tank Car, Truck, and Ship Loaders",2022,19.23,-1.4671,-3.8455,-1.013,Transportation and Material Moving,27,18,0.3344,0.6089
53-7121.00,"Tank Car, Truck, and Ship Loaders",2023,21.26,-1.404,-3.3738,-0.8683,Transportation and Material Moving,29,15,0.2778,0.6573
53-7121.00,"Tank Car, Truck, and Ship Loaders",2024,23.58,-1.5847,-2.8347,-0.9123,Transportation and Material Moving,30,12,0.2019,0.7189
53-7121.00,"Tank Car, Truck, and Ship Loaders",2025,27.19,-1.6266,-1.9958,-0.9324,Transportation and Material Moving,36,6,0.1073,0.8147
53-7121.00,"Tank Car, Truck, and Ship Loaders",2026,28.57,-1.6751,-1.6751,-0.9978,Transportation and Material Moving,38,3,0.0497,0.8656
